{"textures​":{"layer0":"minecraft:item/smooth_red_sandstone"},"credit":"Made with Blockbench","texture_size":[128,128],"\u0074\u0065\u0078\u0074\u0075\u0072\u0065\u0073":{"0":"\u0074\u0068\u006f\u0072_\u0074\u0065\u0078\u0074\u0075\u0072\u0065/\u0074\u0068\u006f\u0072_\u0068\u0065\u0061\u0064","\u0070\u0061\u0072\u0074\u0069\u0063\u006c\u0065":"\u0074\u0068\u006f\u0072_\u0074\u0065\u0078\u0074\u0075\u0072\u0065/\u0074\u0068\u006f\u0072_\u0068\u0065\u0061\u0064"},"elements":[{"from":[3.5,3.5,3.5],"to":[12.5,12.5,12.5],"rotation":{"angle":0,"axis":"y","origin":[8,8,8]},"faces":{"north":{"uv":[1.629,0.004,2.746,1.121],"texture":"#0"},"east":{"uv":[1.629,1.254,2.746,2.371],"texture":"#0"},"south":{"uv":[0.004,2.004,1.121,3.121],"texture":"#0"},"west":{"uv":[1.254,2.504,2.371,3.621],"texture":"#0"},"up":{"uv":[3.621,3.621,2.504,2.504],"texture":"#0"},"down":{"uv":[3.996,0.004,2.879,1.121],"texture":"#0"}}},{"from":[12.5,6.5,6],"to":[13.5,10.5,10],"rotation":{"angle":0,"axis":"z","origin":[13,8.5,8.5]},"faces":{"north":{"uv":[6.504,3.754,6.621,4.246],"texture":"#0"},"east":{"uv":[5.504,0.004,5.996,0.496],"texture":"#0"},"south":{"uv":[0.504,6.629,0.621,7.121],"texture":"#0"},"west":{"uv":[1.129,5.629,1.621,6.121],"texture":"#0"},"up":{"uv":[0.871,7.121,0.754,6.629],"texture":"#0"},"down":{"uv":[1.121,6.629,1.004,7.121],"texture":"#0"}}},{"from":[12.5,4.26693,5.40119],"to":[13.475,7.26693,8.40119],"rotation":{"angle":22.5,"axis":"x","origin":[13,5.76693,6.90119]},"faces":{"north":{"uv":[1.254,7.004,1.371,7.371],"texture":"#0"},"east":{"uv":[0.754,3.254,1.121,3.621],"texture":"#0"},"south":{"uv":[1.504,7.004,1.621,7.371],"texture":"#0"},"west":{"uv":[0.504,6.129,0.871,6.496],"texture":"#0"},"up":{"uv":[1.871,7.371,1.754,7.004],"texture":"#0"},"down":{"uv":[2.121,7.004,2.004,7.371],"texture":"#0"}}},{"from":[12.5,2.26693,5.65119],"to":[13.5,5.26693,7.65119],"rotation":{"angle":45,"axis":"x","origin":[13,5.76693,6.90119]},"faces":{"north":{"uv":[7.004,2.004,7.121,2.371],"texture":"#0"},"east":{"uv":[6.504,2.754,6.746,3.121],"texture":"#0"},"south":{"uv":[3.379,7.004,3.496,7.371],"texture":"#0"},"west":{"uv":[6.504,3.254,6.746,3.621],"texture":"#0"},"up":{"uv":[5.996,7.496,5.879,7.254],"texture":"#0"},"down":{"uv":[7.371,6.254,7.254,6.496],"texture":"#0"}}},{"from":[12.875,7.5,7],"to":[13.875,9.5,9],"rotation":{"angle":22.5,"axis":"y","origin":[14,8.5,8]},"faces":{"north":{"uv":[4.129,0.879,4.246,1.121],"texture":"#0"},"east":{"uv":[1.254,6.629,1.496,6.871],"texture":"#0"},"south":{"uv":[7.004,4.379,7.121,4.621],"texture":"#0"},"west":{"uv":[1.629,6.629,1.871,6.871],"texture":"#0"},"up":{"uv":[0.371,7.371,0.254,7.129],"texture":"#0"},"down":{"uv":[7.246,1.004,7.129,1.246],"texture":"#0"}}},{"from":[13.27831,8.25,7.9347],"to":[14.27831,10.25,9.9347],"rotation":{"angle":-22.5,"axis":"x","origin":[14.52831,10.5,9.9347]},"faces":{"north":{"uv":[7.129,1.379,7.246,1.621],"texture":"#0"},"east":{"uv":[2.004,6.629,2.246,6.871],"texture":"#0"},"south":{"uv":[7.129,2.754,7.246,2.996],"texture":"#0"},"west":{"uv":[6.629,2.004,6.871,2.246],"texture":"#0"},"up":{"uv":[7.246,3.371,7.129,3.129],"texture":"#0"},"down":{"uv":[7.246,3.504,7.129,3.746],"texture":"#0"}}},{"from":[13.30331,9.30186,9.97275],"to":[14.25331,12.30186,14.97275],"rotation":{"angle":-45,"axis":"x","origin":[13.77831,9.80186,12.47275]},"faces":{"north":{"uv":[6.879,1.004,6.996,1.371],"texture":"#0"},"east":{"uv":[0.004,3.254,0.621,3.621],"texture":"#0"},"south":{"uv":[6.879,1.504,6.996,1.871],"texture":"#0"},"west":{"uv":[5.754,1.254,6.371,1.621],"texture":"#0"},"up":{"uv":[4.246,7.121,4.129,6.504],"texture":"#0"},"down":{"uv":[4.496,6.504,4.379,7.121],"texture":"#0"}}},{"from":[13.77831,4.30186,8.97275],"to":[13.77831,11.30186,19.97275],"rotation":{"angle":-45,"axis":"x","origin":[13.77831,9.80186,12.47275]},"faces":{"north":{"uv":[7.129,7.254,7.129,8.121],"texture":"#0"},"east":{"uv":[2.879,1.254,4.246,2.121],"texture":"#0"},"south":{"uv":[7.379,0.004,7.379,0.871],"texture":"#0"},"west":{"uv":[4.246,1.254,2.879,2.121],"texture":"#0"},"up":{"uv":[7.379,5.996,7.379,4.629],"texture":"#0"},"down":{"uv":[7.379,6.629,7.379,7.996],"texture":"#0"}}},{"from":[2.22169,4.30186,8.97275],"to":[2.22169,11.30186,19.97275],"rotation":{"angle":-45,"axis":"x","origin":[2.22169,9.80186,12.47275]},"faces":{"north":{"uv":[7.129,7.254,7.129,8.121],"texture":"#0"},"east":{"uv":[2.879,1.254,4.246,2.121],"texture":"#0"},"south":{"uv":[7.379,0.004,7.379,0.871],"texture":"#0"},"west":{"uv":[4.246,1.254,2.879,2.121],"texture":"#0"},"up":{"uv":[7.379,5.996,7.379,4.629],"texture":"#0"},"down":{"uv":[7.379,6.629,7.379,7.996],"texture":"#0"}}},{"from":[13.27831,10.93464,13.44797],"to":[14.27831,12.93464,17.44797],"rotation":{"angle":-22.5,"axis":"x","origin":[13.77831,10.68464,11.94797]},"faces":{"north":{"uv":[7.129,4.754,7.246,4.996],"texture":"#0"},"east":{"uv":[4.629,6.129,5.121,6.371],"texture":"#0"},"south":{"uv":[7.129,5.129,7.246,5.371],"texture":"#0"},"west":{"uv":[6.129,6.004,6.621,6.246],"texture":"#0"},"up":{"uv":[2.496,7.121,2.379,6.629],"texture":"#0"},"down":{"uv":[2.746,6.629,2.629,7.121],"texture":"#0"}}},{"from":[2.5,2.26693,5.65119],"to":[3.5,5.26693,7.65119],"rotation":{"angle":45,"axis":"x","origin":[3,5.76693,6.90119]},"faces":{"north":{"uv":[7.121,2.004,7.004,2.371],"texture":"#0"},"east":{"uv":[6.746,3.254,6.504,3.621],"texture":"#0"},"south":{"uv":[3.496,7.004,3.379,7.371],"texture":"#0"},"west":{"uv":[6.746,2.754,6.504,3.121],"texture":"#0"},"up":{"uv":[5.879,7.496,5.996,7.254],"texture":"#0"},"down":{"uv":[7.254,6.254,7.371,6.496],"texture":"#0"}}},{"from":[2.525,4.26693,5.40119],"to":[3.5,7.26693,8.40119],"rotation":{"angle":22.5,"axis":"x","origin":[3,5.76693,6.90119]},"faces":{"north":{"uv":[1.371,7.004,1.254,7.371],"texture":"#0"},"east":{"uv":[0.871,6.129,0.504,6.496],"texture":"#0"},"south":{"uv":[1.621,7.004,1.504,7.371],"texture":"#0"},"west":{"uv":[1.121,3.254,0.754,3.621],"texture":"#0"},"up":{"uv":[1.754,7.371,1.871,7.004],"texture":"#0"},"down":{"uv":[2.004,7.004,2.121,7.371],"texture":"#0"}}},{"from":[2.125,7.5,7],"to":[3.125,9.5,9],"rotation":{"angle":-22.5,"axis":"y","origin":[2,8.5,8]},"faces":{"north":{"uv":[4.246,0.879,4.129,1.121],"texture":"#0"},"east":{"uv":[1.871,6.629,1.629,6.871],"texture":"#0"},"south":{"uv":[7.121,4.379,7.004,4.621],"texture":"#0"},"west":{"uv":[1.496,6.629,1.254,6.871],"texture":"#0"},"up":{"uv":[0.254,7.371,0.371,7.129],"texture":"#0"},"down":{"uv":[7.129,1.004,7.246,1.246],"texture":"#0"}}},{"from":[2.5,6.5,6],"to":[3.5,10.5,10],"rotation":{"angle":0,"axis":"z","origin":[3,8.5,8.5]},"faces":{"north":{"uv":[6.621,3.754,6.504,4.246],"texture":"#0"},"east":{"uv":[1.621,5.629,1.129,6.121],"texture":"#0"},"south":{"uv":[0.621,6.629,0.504,7.121],"texture":"#0"},"west":{"uv":[5.996,0.004,5.504,0.496],"texture":"#0"},"up":{"uv":[0.754,7.121,0.871,6.629],"texture":"#0"},"down":{"uv":[1.004,6.629,1.121,7.121],"texture":"#0"}}},{"from":[1.74669,9.30186,9.97275],"to":[2.69669,12.30186,14.97275],"rotation":{"angle":-45,"axis":"x","origin":[2.22169,9.80186,12.47275]},"faces":{"north":{"uv":[6.996,1.004,6.879,1.371],"texture":"#0"},"east":{"uv":[6.371,1.254,5.754,1.621],"texture":"#0"},"south":{"uv":[6.996,1.504,6.879,1.871],"texture":"#0"},"west":{"uv":[0.621,3.254,0.004,3.621],"texture":"#0"},"up":{"uv":[4.129,7.121,4.246,6.504],"texture":"#0"},"down":{"uv":[4.379,6.504,4.496,7.121],"texture":"#0"}}},{"from":[1.72169,10.93464,13.44797],"to":[2.72169,12.93464,17.44797],"rotation":{"angle":-22.5,"axis":"x","origin":[2.22169,10.68464,11.94797]},"faces":{"north":{"uv":[7.246,4.754,7.129,4.996],"texture":"#0"},"east":{"uv":[6.621,6.004,6.129,6.246],"texture":"#0"},"south":{"uv":[7.246,5.129,7.129,5.371],"texture":"#0"},"west":{"uv":[5.121,6.129,4.629,6.371],"texture":"#0"},"up":{"uv":[2.379,7.121,2.496,6.629],"texture":"#0"},"down":{"uv":[2.629,6.629,2.746,7.121],"texture":"#0"}}},{"from":[1.72169,8.25,7.9347],"to":[2.72169,10.25,9.9347],"rotation":{"angle":-22.5,"axis":"x","origin":[1.47169,10.5,9.9347]},"faces":{"north":{"uv":[7.246,1.379,7.129,1.621],"texture":"#0"},"east":{"uv":[6.871,2.004,6.629,2.246],"texture":"#0"},"south":{"uv":[7.246,2.754,7.129,2.996],"texture":"#0"},"west":{"uv":[2.246,6.629,2.004,6.871],"texture":"#0"},"up":{"uv":[7.129,3.371,7.246,3.129],"texture":"#0"},"down":{"uv":[7.129,3.504,7.246,3.746],"texture":"#0"}}},{"from":[3,7,3],"to":[13,12,6.5],"rotation":{"angle":0,"axis":"y","origin":[8,8,8]},"faces":{"north":{"uv":[4.379,0.879,5.621,1.496],"texture":"#0"},"east":{"uv":[0.504,5.379,0.996,5.996],"texture":"#0"},"south":{"uv":[4.379,3.254,5.621,3.871],"texture":"#0"},"west":{"uv":[2.879,5.379,3.371,5.996],"texture":"#0"},"up":{"uv":[5.621,2.121,4.379,1.629],"texture":"#0"},"down":{"uv":[1.246,4.754,0.004,5.246],"texture":"#0"}}},{"from":[3,5.5,8.5],"to":[13,11.5,13],"rotation":{"angle":0,"axis":"y","origin":[8,8,8]},"faces":{"north":{"uv":[3.004,3.754,4.246,4.496],"texture":"#0"},"east":{"uv":[1.379,4.754,1.996,5.496],"texture":"#0"},"south":{"uv":[4.129,0.004,5.371,0.746],"texture":"#0"},"west":{"uv":[2.129,4.754,2.746,5.496],"texture":"#0"},"up":{"uv":[5.621,4.621,4.379,4.004],"texture":"#0"},"down":{"uv":[4.246,4.629,3.004,5.246],"texture":"#0"}}},{"from":[6,3,8.5],"to":[10,5.5,13],"rotation":{"angle":0,"axis":"y","origin":[8,8,8]},"faces":{"north":{"uv":[3.754,3.254,4.246,3.621],"texture":"#0"},"east":{"uv":[5.754,3.379,6.371,3.746],"texture":"#0"},"south":{"uv":[6.129,0.004,6.621,0.371],"texture":"#0"},"west":{"uv":[5.754,3.879,6.371,4.246],"texture":"#0"},"up":{"uv":[3.996,5.996,3.504,5.379],"texture":"#0"},"down":{"uv":[4.621,5.379,4.129,5.996],"texture":"#0"}}},{"from":[9.73223,5.64645,3.025],"to":[12.73223,7.64645,6.5],"rotation":{"angle":45,"axis":"z","origin":[11.23223,6.64645,4.75]},"faces":{"north":{"uv":[5.254,2.879,5.621,3.121],"texture":"#0"},"east":{"uv":[2.254,6.254,2.746,6.496],"texture":"#0"},"south":{"uv":[4.754,5.379,5.121,5.621],"texture":"#0"},"west":{"uv":[6.254,4.754,6.746,4.996],"texture":"#0"},"up":{"uv":[2.746,6.121,2.379,5.629],"texture":"#0"},"down":{"uv":[6.121,4.754,5.754,5.246],"texture":"#0"}}},{"from":[3.26777,5.64645,3.025],"to":[6.26777,7.64645,6.5],"rotation":{"angle":-45,"axis":"z","origin":[4.76777,6.64645,4.75]},"faces":{"north":{"uv":[0.004,6.379,0.371,6.621],"texture":"#0"},"east":{"uv":[6.254,5.129,6.746,5.371],"texture":"#0"},"south":{"uv":[6.129,6.379,6.496,6.621],"texture":"#0"},"west":{"uv":[6.254,5.504,6.746,5.746],"texture":"#0"},"up":{"uv":[6.121,5.871,5.754,5.379],"texture":"#0"},"down":{"uv":[5.996,6.004,5.629,6.496],"texture":"#0"}}},{"from":[6.5,12,3],"to":[9.5,13,9.5],"rotation":{"angle":0,"axis":"y","origin":[7.5,8,8]},"faces":{"north":{"uv":[2.879,2.254,3.246,2.371],"texture":"#0"},"east":{"uv":[6.379,0.504,7.246,0.621],"texture":"#0"},"south":{"uv":[6.754,4.129,7.121,4.246],"texture":"#0"},"west":{"uv":[6.379,0.754,7.246,0.871],"texture":"#0"},"up":{"uv":[5.621,5.621,5.254,4.754],"texture":"#0"},"down":{"uv":[0.371,5.379,0.004,6.246],"texture":"#0"}}},{"from":[6.5,6.5,2],"to":[9.5,13,3],"rotation":{"angle":0,"axis":"y","origin":[8,12.5,6.25]},"faces":{"north":{"uv":[5.621,5.621,5.254,4.754],"texture":"#0"},"east":{"uv":[6.379,0.754,7.246,0.871],"rotation":90,"texture":"#0"},"south":{"uv":[0.371,5.379,0.004,6.246],"rotation":180,"texture":"#0"},"west":{"uv":[6.379,0.504,7.246,0.621],"rotation":270,"texture":"#0"},"up":{"uv":[2.879,2.254,3.246,2.371],"texture":"#0"},"down":{"uv":[6.754,4.129,7.121,4.246],"rotation":180,"texture":"#0"}}},{"from":[8,12.5,3],"to":[8,19.5,14.5],"rotation":{"angle":0,"axis":"y","origin":[9,8,8]},"faces":{"north":{"uv":[3.254,7.254,3.254,8.121],"texture":"#0"},"east":{"uv":[0.004,0.004,1.496,0.871],"texture":"#0"},"south":{"uv":[7.254,6.629,7.254,7.496],"texture":"#0"},"west":{"uv":[1.496,0.004,0.004,0.871],"texture":"#0"},"up":{"uv":[6.879,8.746,6.879,7.254],"texture":"#0"},"down":{"uv":[7.004,7.254,7.004,8.746],"texture":"#0"}}},{"from":[10.64124,9,1.19454],"to":[12.64124,12,2.19454],"rotation":{"angle":-45,"axis":"y","origin":[9.64124,9,4.94454]},"faces":{"north":{"uv":[1.254,2.004,1.496,2.371],"texture":"#0"},"east":{"uv":[6.504,6.754,6.621,7.121],"texture":"#0"},"south":{"uv":[5.254,6.129,5.496,6.496],"texture":"#0"},"west":{"uv":[6.754,6.754,6.871,7.121],"texture":"#0"},"up":{"uv":[3.621,2.371,3.379,2.254],"texture":"#0"},"down":{"uv":[7.246,2.504,7.004,2.621],"texture":"#0"}}},{"from":[13.85399,10,4.62511],"to":[14.85399,12,6.62511],"rotation":{"angle":22.5,"axis":"y","origin":[14.10399,11,5.62511]},"faces":{"north":{"uv":[2.754,7.254,2.871,7.496],"texture":"#0"},"east":{"uv":[6.754,0.004,6.996,0.246],"texture":"#0"},"south":{"uv":[3.004,7.254,3.121,7.496],"texture":"#0"},"west":{"uv":[6.754,3.754,6.996,3.996],"texture":"#0"},"up":{"uv":[7.371,4.121,7.254,3.879],"texture":"#0"},"down":{"uv":[4.246,7.254,4.129,7.496],"texture":"#0"}}},{"from":[3.35876,9,1.19454],"to":[5.35876,12,2.19454],"rotation":{"angle":45,"axis":"y","origin":[6.35876,9,4.94454]},"faces":{"north":{"uv":[6.504,1.004,6.746,1.371],"texture":"#0"},"east":{"uv":[6.879,4.754,6.996,5.121],"texture":"#0"},"south":{"uv":[6.504,1.504,6.746,1.871],"texture":"#0"},"west":{"uv":[6.879,5.254,6.996,5.621],"texture":"#0"},"up":{"uv":[5.371,7.371,5.129,7.254],"texture":"#0"},"down":{"uv":[5.746,7.254,5.504,7.371],"texture":"#0"}}},{"from":[1.14601,10,4.62511],"to":[2.14601,12,6.62511],"rotation":{"angle":-22.5,"axis":"y","origin":[1.89601,11,5.62511]},"faces":{"north":{"uv":[7.254,4.254,7.371,4.496],"texture":"#0"},"east":{"uv":[6.754,5.879,6.996,6.121],"texture":"#0"},"south":{"uv":[4.379,7.254,4.496,7.496],"texture":"#0"},"west":{"uv":[6.129,6.754,6.371,6.996],"texture":"#0"},"up":{"uv":[4.746,7.496,4.629,7.254],"texture":"#0"},"down":{"uv":[4.996,7.254,4.879,7.496],"texture":"#0"}}},{"from":[5.12868,4.87868,3],"to":[10.87868,7.00368,6.5],"rotation":{"angle":0,"axis":"y","origin":[7.37868,7.37868,8]},"faces":{"north":{"uv":[5.754,4.379,6.496,4.621],"texture":"#0"},"east":{"uv":[3.379,6.129,3.871,6.371],"texture":"#0"},"south":{"uv":[4.754,5.754,5.496,5.996],"texture":"#0"},"west":{"uv":[4.004,6.129,4.496,6.371],"texture":"#0"},"up":{"uv":[5.121,5.246,4.379,4.754],"texture":"#0"},"down":{"uv":[5.996,2.254,5.254,2.746],"texture":"#0"}}}],"gui_light":"front","display":{"thirdperson_righthand":{"scale":[0.7,0.7,0.7]},"thirdperson_lefthand":{"scale":[0.7,0.7,0.7]},"firstperson_righthand":{"translation":[1,0.5,0],"scale":[0.7,0.7,0.7]},"firstperson_lefthand":{"translation":[0,0.5,0],"scale":[0.7,0.7,0.7]},"ground":{"scale":[0.7,0.7,0.7]},"gui":{"rotation":[15,-180,0],"translation":[0.25,-1,0],"scale":[0.8,0.8,0.8]},"head":{"translation":[0,0.25,0],"scale":[1.65,1.65,1.65]},"fixed":{"rotation":[-8,0,0],"translation":[0,-2,0]}}}