{"textures​":{"layer0":"minecraft:item/light_gray_bundle"},"credit":"MadewithBlockbench","texture_size":[8,8],"\u0074\u0065\u0078\u0074\u0075\u0072\u0065\u0073":{"1":"\u0064\u0061\u0072\u006b\u0077\u006f\u0072\u006c\u0064\u0070\u0061\u0063\u006b:\u006e\u006f\u0072\u006d\u0061\u006c/\u0061\u0078\u0065","2":"\u0064\u0061\u0072\u006b\u0077\u006f\u0072\u006c\u0064\u0070\u0061\u0063\u006b:\u006e\u006f\u0072\u006d\u0061\u006c/\u0061\u006e\u0069\u006d\u0061\u0074\u0069\u006f\u006e_1","\u0070\u0061\u0072\u0074\u0069\u0063\u006c\u0065":"\u0064\u0061\u0072\u006b\u0077\u006f\u0072\u006c\u0064\u0070\u0061\u0063\u006b:\u006e\u006f\u0072\u006d\u0061\u006c/\u0061\u006e\u0069\u006d\u0061\u0074\u0069\u006f\u006e_1"},"elements":[{"from":[7.5,17,7],"to":[8.5,19,9],"rotation":{"angle":-45,"axis":"x","origin":[8,18,8]},"faces":{"north":{"uv":[10.4,8,11.2,9.6],"texture":"#1"},"east":{"uv":[4.8,8.8,6.4,10.4],"texture":"#1"},"south":{"uv":[11.2,0,12,1.6],"texture":"#1"},"west":{"uv":[8.8,8,10.4,9.6],"texture":"#1"},"up":{"uv":[12,3.2,11.2,1.6],"texture":"#1"},"down":{"uv":[8.8,11.2,8,12.8],"texture":"#1"}}},{"from":[7.75,16.23015,7.83381],"to":[8.25,18.53015,10.13381],"rotation":{"angle":-45,"axis":"x","origin":[8,16.39634,8]},"faces":{"north":{"uv":[5.6,13.6,6,15.4],"texture":"#1"},"east":{"uv":[6.4,4.8,8.2,6.6],"texture":"#1"},"south":{"uv":[13.6,5.6,14,7.4],"texture":"#1"},"west":{"uv":[6.4,7.2,8.2,9],"texture":"#1"},"up":{"uv":[6.8,15.4,6.4,13.6],"texture":"#1"},"down":{"uv":[7.6,13.6,7.2,15.4],"texture":"#1"}}},{"from":[7.3,17.2,7.2],"to":[8.7,18.8,8.8],"rotation":{"angle":-45,"axis":"x","origin":[9,18,8]},"faces":{"north":{"uv":[8,9.6,9.2,10.8],"texture":"#1"},"east":{"uv":[9.6,9.6,10.8,10.8],"texture":"#1"},"south":{"uv":[10.4,3.2,11.6,4.4],"texture":"#1"},"west":{"uv":[4.8,10.4,6,11.6],"texture":"#1"},"up":{"uv":[11.6,6,10.4,4.8],"texture":"#1"},"down":{"uv":[11.6,6.4,10.4,7.6],"texture":"#1"}}},{"from":[7.625,18.475,4.86079],"to":[8.375,19.225,6.56079],"rotation":{"angle":0,"axis":"y","origin":[7.5,18.25,1.73579]},"faces":{"north":{"uv":[11.2,14.4,11.8,15],"texture":"#1"},"east":{"uv":[12.8,8,14.2,8.6],"texture":"#1"},"south":{"uv":[12,14.4,12.6,15],"texture":"#1"},"west":{"uv":[13.6,3.2,15,3.8],"texture":"#1"},"up":{"uv":[14.2,5.4,13.6,4],"texture":"#1"},"down":{"uv":[5.4,13.6,4.8,15],"texture":"#1"}}},{"from":[7.5,17.4,4],"to":[8.5,20.4,5],"rotation":{"angle":-45,"axis":"x","origin":[8,18.9,4.5]},"faces":{"north":{"uv":[9.6,3.2,10.4,5.6],"texture":"#1"},"east":{"uv":[9.6,5.6,10.4,8],"texture":"#1"},"south":{"uv":[6.4,9.6,7.2,12],"texture":"#1"},"west":{"uv":[7.2,9.6,8,12],"texture":"#1"},"up":{"uv":[14.4,9.6,13.6,8.8],"texture":"#1"},"down":{"uv":[14.4,9.6,13.6,10.4],"texture":"#1"}}},{"from":[7.586,17.26004,5.25201],"to":[8.414,18.08804,6.08001],"rotation":{"angle":-22.5,"axis":"x","origin":[8,17.55904,5.82351]},"faces":{"north":{"uv":[14.4,12,15,12.6],"texture":"#1"},"east":{"uv":[12.8,14.4,13.4,15],"texture":"#1"},"south":{"uv":[14.4,12.8,15,13.4],"texture":"#1"},"west":{"uv":[13.6,14.4,14.2,15],"texture":"#1"},"down":{"uv":[15,13.6,14.4,14.2],"texture":"#1"}}},{"from":[7.6688,16.72493,5.46047],"to":[8.3312,17.38733,6.12287],"rotation":{"angle":0,"axis":"x","origin":[8,16.68113,6.01667]},"faces":{"north":{"uv":[14.4,14.4,15,15],"texture":"#1"},"east":{"uv":[0,15.2,0.6,15.8],"texture":"#1"},"south":{"uv":[15.2,0,15.8,0.6],"texture":"#1"},"west":{"uv":[0.8,15.2,1.4,15.8],"texture":"#1"},"down":{"uv":[15.8,0.8,15.2,1.4],"texture":"#1"}}},{"from":[7.73504,16.29117,5.37671],"to":[8.26496,16.82109,5.90663],"rotation":{"angle":22.5,"axis":"x","origin":[8,16.35613,5.79167]},"faces":{"north":{"uv":[15.2,5.6,15.6,6],"texture":"#1"},"east":{"uv":[15.2,6.4,15.6,6.8],"texture":"#1"},"south":{"uv":[15.2,7.2,15.6,7.6],"texture":"#1"},"west":{"uv":[8,15.2,8.4,15.6],"texture":"#1"},"down":{"uv":[15.6,8,15.2,8.4],"texture":"#1"}}},{"from":[7.586,19.74245,2.75404],"to":[8.414,20.57045,3.58204],"rotation":{"angle":-22.5,"axis":"x","origin":[8,20.65166,3.28783]},"faces":{"north":{"uv":[1.6,15.2,2.2,15.8],"texture":"#1"},"east":{"uv":[15.2,1.6,15.8,2.2],"texture":"#1"},"south":{"uv":[2.4,15.2,3,15.8],"texture":"#1"},"west":{"uv":[15.2,2.4,15.8,3],"texture":"#1"},"up":{"uv":[3.8,15.8,3.2,15.2],"texture":"#1"}}},{"from":[7.6688,20.36599,2.87779],"to":[8.3312,21.02839,3.54019],"rotation":{"angle":0,"axis":"x","origin":[8,20.65166,3.28783]},"faces":{"north":{"uv":[15.2,3.2,15.8,3.8],"texture":"#1"},"east":{"uv":[4,15.2,4.6,15.8],"texture":"#1"},"south":{"uv":[15.2,4,15.8,4.6],"texture":"#1"},"west":{"uv":[4.8,15.2,5.4,15.8],"texture":"#1"},"up":{"uv":[15.8,5.4,15.2,4.8],"texture":"#1"}}},{"from":[7.73504,20.84531,2.81473],"to":[8.26496,21.37523,3.34465],"rotation":{"angle":22.5,"axis":"x","origin":[8,20.65166,3.28783]},"faces":{"north":{"uv":[15.2,8.8,15.6,9.2],"texture":"#1"},"east":{"uv":[15.2,9.6,15.6,10],"texture":"#1"},"south":{"uv":[10.4,15.2,10.8,15.6],"texture":"#1"},"west":{"uv":[15.2,10.4,15.6,10.8],"texture":"#1"},"up":{"uv":[11.6,15.6,11.2,15.2],"texture":"#1"}}},{"from":[7.525,18.50723,7.57805],"to":[8.475,19.45723,9.57805],"rotation":{"angle":-45,"axis":"x","origin":[8,16.39634,8]},"faces":{"north":{"uv":[11.2,13.6,12,14.4],"texture":"#1"},"east":{"uv":[11.2,8,12.8,8.8],"texture":"#1"},"south":{"uv":[12,13.6,12.8,14.4],"texture":"#1"},"west":{"uv":[8.8,11.2,10.4,12],"texture":"#1"},"up":{"uv":[12,10.4,11.2,8.8],"texture":"#1"},"down":{"uv":[11.2,11.2,10.4,12.8],"texture":"#1"}}},{"from":[7.33,-0.17,7.33],"to":[8.67,1.17,8.67],"rotation":{"angle":0,"axis":"y","origin":[7.33,-0.17,7.33]},"faces":{"north":{"uv":[11.2,10.4,12.2,11.4],"texture":"#1"},"east":{"uv":[12,0,13,1],"texture":"#1"},"south":{"uv":[12,1.6,13,2.6],"texture":"#1"},"west":{"uv":[12,3.2,13,4.2],"texture":"#1"},"up":{"uv":[5.8,13,4.8,12],"texture":"#1"},"down":{"uv":[13,4.8,12,5.8],"texture":"#1"}}},{"from":[7.33,5.83,7.33],"to":[8.67,7.17,8.67],"rotation":{"angle":0,"axis":"y","origin":[7.33,-0.17,7.33]},"faces":{"north":{"uv":[6.4,12,7.4,13],"texture":"#1"},"east":{"uv":[12,6.4,13,7.4],"texture":"#1"},"south":{"uv":[8.8,12,9.8,13],"texture":"#1"},"west":{"uv":[12,8.8,13,9.8],"texture":"#1"},"up":{"uv":[12.2,13,11.2,12],"texture":"#1"},"down":{"uv":[1,12.8,0,13.8],"texture":"#1"}}},{"from":[7.33,12.155,7.33],"to":[8.67,13.495,8.67],"rotation":{"angle":0,"axis":"y","origin":[7.33,-0.17,7.33]},"faces":{"north":{"uv":[1.6,12.8,2.6,13.8],"texture":"#1"},"east":{"uv":[3.2,12.8,4.2,13.8],"texture":"#1"},"south":{"uv":[12.8,10.4,13.8,11.4],"texture":"#1"},"west":{"uv":[12.8,12,13.8,13],"texture":"#1"},"up":{"uv":[14.6,1,13.6,0],"texture":"#1"},"down":{"uv":[14.6,1.6,13.6,2.6],"texture":"#1"}}},{"from":[7.5,1.17,7.5],"to":[8.5,5.87,8.5],"rotation":{"angle":0,"axis":"y","origin":[6.83,-5.66,6.83]},"faces":{"north":{"uv":[2.4,8.8,3.2,12.6],"texture":"#1"},"east":{"uv":[3.2,8.8,4,12.6],"texture":"#1"},"south":{"uv":[4,8.8,4.8,12.6],"texture":"#1"},"west":{"uv":[8.8,4,9.6,7.8],"texture":"#1"},"up":{"uv":[13.6,14.4,12.8,13.6],"texture":"#1"},"down":{"uv":[14.4,13.6,13.6,14.4],"texture":"#1"}}},{"from":[7.5,-0.9,7.5],"to":[8.5,0.1,8.5],"rotation":{"angle":45,"axis":"x","origin":[8,-0.4,8]},"faces":{"north":{"uv":[0,14.4,0.8,15.2],"texture":"#1"},"east":{"uv":[0.8,14.4,1.6,15.2],"texture":"#1"},"south":{"uv":[1.6,14.4,2.4,15.2],"texture":"#1"},"west":{"uv":[2.4,14.4,3.2,15.2],"texture":"#1"},"up":{"uv":[4,15.2,3.2,14.4],"texture":"#1"},"down":{"uv":[4.8,14.4,4,15.2],"texture":"#1"}}},{"from":[7.75,13.2591,7.1],"to":[8.25,15.0591,8.9],"rotation":{"angle":-45,"axis":"x","origin":[8,14.1591,8]},"faces":{"north":{"uv":[14.4,5.6,14.8,7],"texture":"#1"},"east":{"uv":[11,1.6,9.6,3],"texture":"#1"},"south":{"uv":[14.4,7.2,14.8,8.6],"texture":"#1"},"west":{"uv":[9.6,1.6,11,3],"texture":"#1"},"up":{"uv":[14.8,10.2,14.4,8.8],"texture":"#1"},"down":{"uv":[14.8,10.4,14.4,11.8],"texture":"#1"}}},{"from":[7.755,14.31768,6.9],"to":[8.245,17.29268,9.1],"rotation":{"angle":0,"axis":"x","origin":[8,15.80518,8]},"faces":{"north":{"uv":[8,12.8,8.4,15.2],"texture":"#1"},"east":{"uv":[6.4,0,8.2,2.4],"texture":"#1"},"south":{"uv":[10.4,12.8,10.8,15.2],"texture":"#1"},"west":{"uv":[6.4,2.4,8.2,4.8],"texture":"#1"},"up":{"uv":[9.2,15.4,8.8,13.6],"texture":"#1"},"down":{"uv":[10,13.6,9.6,15.4],"texture":"#1"}}},{"from":[7.5,7.17,7.5],"to":[8.5,12.17,8.5],"rotation":{"angle":0,"axis":"y","origin":[6.83,6.34,6.83]},"faces":{"north":{"uv":[0,8.8,0.8,12.8],"texture":"#1"},"east":{"uv":[8.8,0,9.6,4],"texture":"#1"},"south":{"uv":[0.8,8.8,1.6,12.8],"texture":"#1"},"west":{"uv":[1.6,8.8,2.4,12.8],"texture":"#1"},"up":{"uv":[15.2,4.8,14.4,4],"texture":"#1"},"down":{"uv":[15.2,4.8,14.4,5.6],"texture":"#1"}}},{"from":[8,11,-1],"to":[8,22,7],"rotation":{"angle":0,"axis":"y","origin":[7,0,0]},"faces":{"north":{"uv":[0,0,0,8.8],"texture":"#1"},"east":{"uv":[6.4,0,0,8.8],"texture":"#1"},"south":{"uv":[0,0,0,8.8],"texture":"#1"},"west":{"uv":[0,0,6.4,8.8],"texture":"#1"},"up":{"uv":[0,6.4,0,0],"texture":"#1"},"down":{"uv":[0,0,0,6.4],"texture":"#1"}}},{"from":[8,11,9],"to":[8,22,17],"rotation":{"angle":0,"axis":"y","origin":[7,0,16]},"faces":{"north":{"uv":[0,0,0,8.8],"texture":"#1"},"east":{"uv":[0,0,6.4,8.8],"texture":"#1"},"south":{"uv":[0,0,0,8.8],"texture":"#1"},"west":{"uv":[6.4,0,0,8.8],"texture":"#1"},"up":{"uv":[0,0,0,6.4],"texture":"#1"},"down":{"uv":[0,6.4,0,0],"texture":"#1"}}},{"from":[7.525,18.50723,6.42195],"to":[8.475,19.45723,8.42195],"rotation":{"angle":45,"axis":"x","origin":[8,16.39634,8]},"faces":{"north":{"uv":[12.8,13.6,12,14.4],"texture":"#1"},"east":{"uv":[12.8,8,11.2,8.8],"texture":"#1"},"south":{"uv":[12,13.6,11.2,14.4],"texture":"#1"},"west":{"uv":[10.4,11.2,8.8,12],"texture":"#1"},"up":{"uv":[12,8.8,11.2,10.4],"texture":"#1"},"down":{"uv":[11.2,12.8,10.4,11.2],"texture":"#1"}}},{"from":[7.625,18.475,9.43921],"to":[8.375,19.225,11.13921],"rotation":{"angle":0,"axis":"y","origin":[7.5,18.25,14.26421]},"faces":{"north":{"uv":[12.6,14.4,12,15],"texture":"#1"},"east":{"uv":[14.2,8,12.8,8.6],"texture":"#1"},"south":{"uv":[11.8,14.4,11.2,15],"texture":"#1"},"west":{"uv":[15,3.2,13.6,3.8],"texture":"#1"},"up":{"uv":[14.2,4,13.6,5.4],"texture":"#1"},"down":{"uv":[5.4,15,4.8,13.6],"texture":"#1"}}},{"from":[7.5,17.4,11],"to":[8.5,20.4,12],"rotation":{"angle":45,"axis":"x","origin":[8,18.9,11.5]},"faces":{"north":{"uv":[7.2,9.6,6.4,12],"texture":"#1"},"east":{"uv":[10.4,5.6,9.6,8],"texture":"#1"},"south":{"uv":[10.4,3.2,9.6,5.6],"texture":"#1"},"west":{"uv":[8,9.6,7.2,12],"texture":"#1"},"up":{"uv":[14.4,8.8,13.6,9.6],"texture":"#1"},"down":{"uv":[14.4,10.4,13.6,9.6],"texture":"#1"}}},{"from":[7.586,19.74245,12.41796],"to":[8.414,20.57045,13.24596],"rotation":{"angle":22.5,"axis":"x","origin":[8,20.65166,12.71217]},"faces":{"north":{"uv":[3,15.2,2.4,15.8],"texture":"#1"},"east":{"uv":[15.8,1.6,15.2,2.2],"texture":"#1"},"south":{"uv":[2.2,15.2,1.6,15.8],"texture":"#1"},"west":{"uv":[15.8,2.4,15.2,3],"texture":"#1"},"up":{"uv":[3.8,15.2,3.2,15.8],"texture":"#1"}}},{"from":[7.6688,20.36599,12.45981],"to":[8.3312,21.02839,13.12221],"rotation":{"angle":0,"axis":"x","origin":[8,20.65166,12.71217]},"faces":{"north":{"uv":[15.8,4,15.2,4.6],"texture":"#1"},"east":{"uv":[4.6,15.2,4,15.8],"texture":"#1"},"south":{"uv":[15.8,3.2,15.2,3.8],"texture":"#1"},"west":{"uv":[5.4,15.2,4.8,15.8],"texture":"#1"},"up":{"uv":[15.8,4.8,15.2,5.4],"texture":"#1"}}},{"from":[7.73504,20.84531,12.65535],"to":[8.26496,21.37523,13.18527],"rotation":{"angle":-22.5,"axis":"x","origin":[8,20.65166,12.71217]},"faces":{"north":{"uv":[10.8,15.2,10.4,15.6],"texture":"#1"},"east":{"uv":[15.6,9.6,15.2,10],"texture":"#1"},"south":{"uv":[15.6,8.8,15.2,9.2],"texture":"#1"},"west":{"uv":[15.6,10.4,15.2,10.8],"texture":"#1"},"up":{"uv":[11.6,15.2,11.2,15.6],"texture":"#1"}}},{"from":[7.586,17.26004,9.91999],"to":[8.414,18.08804,10.74799],"rotation":{"angle":22.5,"axis":"x","origin":[8,17.55904,10.17649]},"faces":{"north":{"uv":[15,12.8,14.4,13.4],"texture":"#1"},"east":{"uv":[13.4,14.4,12.8,15],"texture":"#1"},"south":{"uv":[15,12,14.4,12.6],"texture":"#1"},"west":{"uv":[14.2,14.4,13.6,15],"texture":"#1"},"down":{"uv":[15,14.2,14.4,13.6],"texture":"#1"}}},{"from":[7.6688,16.72493,9.87713],"to":[8.3312,17.38733,10.53953],"rotation":{"angle":0,"axis":"x","origin":[8,16.68113,9.98333]},"faces":{"north":{"uv":[15.8,0,15.2,0.6],"texture":"#1"},"east":{"uv":[0.6,15.2,0,15.8],"texture":"#1"},"south":{"uv":[15,14.4,14.4,15],"texture":"#1"},"west":{"uv":[1.4,15.2,0.8,15.8],"texture":"#1"},"down":{"uv":[15.8,1.4,15.2,0.8],"texture":"#1"}}},{"from":[7.73504,16.29117,10.09337],"to":[8.26496,16.82109,10.62329],"rotation":{"angle":-22.5,"axis":"x","origin":[8,16.35613,10.20833]},"faces":{"north":{"uv":[15.6,7.2,15.2,7.6],"texture":"#1"},"east":{"uv":[15.6,6.4,15.2,6.8],"texture":"#1"},"south":{"uv":[15.6,5.6,15.2,6],"texture":"#1"},"west":{"uv":[8.4,15.2,8,15.6],"texture":"#1"},"down":{"uv":[15.6,8.4,15.2,8],"texture":"#1"}}},{"from":[7.45,14.5,4.5],"to":[7.45,21.5,11.5],"rotation":{"angle":0,"axis":"y","origin":[8.5,4,6]},"faces":{"north":{"uv":[0,0,0,14],"texture":"#2"},"south":{"uv":[0,0,0,14],"texture":"#2"},"west":{"uv":[0,0,14,14],"texture":"#2"},"up":{"uv":[0,14,0,0],"texture":"#2"},"down":{"uv":[0,0,0,14],"texture":"#2"}}},{"from":[8.55,14.5,4.5],"to":[8.55,21.5,11.5],"rotation":{"angle":0,"axis":"y","origin":[7.5,4,6]},"faces":{"north":{"uv":[0,0,0,14],"texture":"#2"},"east":{"uv":[14,0,0,14],"texture":"#2"},"south":{"uv":[0,0,0,14],"texture":"#2"},"up":{"uv":[0,14,0,0],"texture":"#2"},"down":{"uv":[0,0,0,14],"texture":"#2"}}}],"gui_light":"front","display":{"thirdperson_righthand":{"translation":[0,2.5,1.75]},"thirdperson_lefthand":{"translation":[0,2.5,1.75]},"firstperson_righthand":{"rotation":[-7.74,-0.78,3.94],"translation":[0.5,1.25,0.25],"scale":[0.85547,0.85547,0.85547]},"firstperson_lefthand":{"rotation":[-7.74,-0.78,3.94],"translation":[0.5,1.25,0.25],"scale":[0.85547,0.85547,0.85547]},"ground":{"rotation":[0,0,78],"translation":[2,-1,0],"scale":[0.7832,0.7832,0.7832]},"gui":{"rotation":[90,-135,90],"translation":[-3,-3,-0.75],"scale":[0.67891,0.67891,0.67891]},"head":{"scale":[0,0,0]},"fixed":{"rotation":[0,90,0],"translation":[0,-4,-1.75],"scale":[1.78047,1.78047,1.78047]}}}