{
	"credit": "Made with Blockbench",
	"texture_size": [64, 64],
	"textures": {
		"4": "fishcrate_collection:steamicerod/steamice_animation_01texture",
		"5": "fishcrate_collection:steamicerod/steamice_animation_02texture",
		"6": "fishcrate_collection:steamicerod/steamice_texture_01"
	},
	"elements": [
		{
			"from": [6, 4.5, 2.2],
			"to": [9, 6.5, 8.2],
			"rotation": {"angle": 45, "axis": "x", "origin": [0, 2, 0]},
			"faces": {
				"north": {"uv": [8.25, 6.75, 9, 7.25], "texture": "#6"},
				"east": {"uv": [5.75, 5, 7.25, 5.5], "texture": "#6"},
				"south": {"uv": [8.25, 7.25, 9, 6.75], "texture": "#6"},
				"west": {"uv": [5.75, 5.5, 7.25, 5], "texture": "#6"},
				"up": {"uv": [8, 8.25, 7.25, 6.75], "texture": "#6"},
				"down": {"uv": [8, 8.25, 7.25, 6.75], "texture": "#6"}
			}
		},
		{
			"from": [6, 6.5, 2.2],
			"to": [9, 8.5, 8.2],
			"rotation": {"angle": 45, "axis": "x", "origin": [16, 2, 0]},
			"faces": {
				"north": {"uv": [9, 6.75, 8.25, 7.25], "texture": "#6"},
				"east": {"uv": [7.25, 5, 5.75, 5.5], "texture": "#6"},
				"south": {"uv": [9, 6.75, 8.25, 7.25], "texture": "#6"},
				"west": {"uv": [5.75, 5, 7.25, 5.5], "texture": "#6"},
				"up": {"uv": [7.25, 8.25, 8, 6.75], "texture": "#6"},
				"down": {"uv": [7.25, 8.25, 8, 6.75], "texture": "#6"}
			}
		},
		{
			"from": [5, 0, 5.5],
			"to": [6, 3, 8.5],
			"rotation": {"angle": 45, "axis": "x", "origin": [4, 1.5, 7]},
			"faces": {
				"north": {"uv": [5.25, 8.25, 5.5, 9], "texture": "#6"},
				"east": {"uv": [8.25, 2.25, 9, 3], "texture": "#6"},
				"south": {"uv": [5.25, 8.25, 5.5, 9], "texture": "#6"},
				"west": {"uv": [8.25, 2.25, 9, 3], "texture": "#6"},
				"up": {"uv": [5.25, 8.25, 5.5, 9], "texture": "#6"},
				"down": {"uv": [5.25, 8.25, 5.5, 9], "texture": "#6"}
			}
		},
		{
			"from": [9, 0, 5.5],
			"to": [10, 3, 8.5],
			"rotation": {"angle": 45, "axis": "x", "origin": [12, 1.5, 7]},
			"faces": {
				"north": {"uv": [5.5, 8.25, 5.25, 9], "texture": "#6"},
				"east": {"uv": [9, 2.25, 8.25, 3], "texture": "#6"},
				"south": {"uv": [5.5, 8.25, 5.25, 9], "texture": "#6"},
				"west": {"uv": [9, 2.25, 8.25, 3], "texture": "#6"},
				"up": {"uv": [5.5, 8.25, 5.25, 9], "texture": "#6"},
				"down": {"uv": [5.5, 8.25, 5.25, 9], "texture": "#6"}
			}
		},
		{
			"from": [6.5, -13.5, 5.5],
			"to": [8.5, -11.5, 8.5],
			"faces": {
				"north": {"uv": [7.25, 8.25, 7.75, 8.75], "texture": "#6"},
				"east": {"uv": [9, 3.75, 8.25, 4.25], "texture": "#6"},
				"south": {"uv": [7.25, 8.25, 7.75, 8.75], "texture": "#6"},
				"west": {"uv": [8.25, 3.75, 9, 4.25], "texture": "#6"},
				"up": {"uv": [4.5, 9, 4, 8.25], "texture": "#6"},
				"down": {"uv": [5, 8.25, 4.5, 9], "texture": "#6"}
			}
		},
		{
			"from": [7, -12, 6],
			"to": [8, -11, 8],
			"faces": {
				"north": {"uv": [7.25, 1.75, 7.5, 2], "texture": "#6"},
				"east": {"uv": [9, 1, 8.5, 1.25], "texture": "#6"},
				"south": {"uv": [7.25, 1.75, 7.5, 2], "texture": "#6"},
				"west": {"uv": [8.5, 1, 9, 1.25], "texture": "#6"},
				"up": {"uv": [8, 8.25, 7.75, 8.75], "texture": "#6"},
				"down": {"uv": [8, 8.25, 7.75, 8.75], "texture": "#6"}
			}
		},
		{
			"from": [6, 3.5, 3],
			"to": [9, 4.5, 7],
			"rotation": {"angle": 45, "axis": "x", "origin": [0, 2, 0]},
			"faces": {
				"north": {"uv": [8.25, 7.75, 9, 8], "texture": "#6"},
				"east": {"uv": [9.25, 4.25, 8.25, 4.5], "texture": "#6"},
				"south": {"uv": [8.25, 7.75, 9, 8], "texture": "#6"},
				"west": {"uv": [8.25, 4.25, 9.25, 4.5], "texture": "#6"},
				"up": {"uv": [8.25, 4.5, 7.5, 3.5], "texture": "#6"},
				"down": {"uv": [8.25, 3.5, 7.5, 4.5], "texture": "#6"}
			}
		},
		{
			"from": [6, 8.5, 3],
			"to": [9, 9.5, 7],
			"rotation": {"angle": 45, "axis": "x", "origin": [16, 2, 0]},
			"faces": {
				"north": {"uv": [9, 7.75, 8.25, 8], "texture": "#6"},
				"east": {"uv": [9.25, 4.25, 8.25, 4.5], "texture": "#6"},
				"south": {"uv": [9, 7.75, 8.25, 8], "texture": "#6"},
				"west": {"uv": [8.25, 4.25, 9.25, 4.5], "texture": "#6"},
				"up": {"uv": [7.5, 4.5, 8.25, 3.5], "texture": "#6"},
				"down": {"uv": [7.5, 3.5, 8.25, 4.5], "texture": "#6"}
			}
		},
		{
			"from": [7, -13, 8.5],
			"to": [8, -12, 9],
			"rotation": {"angle": 0, "axis": "y", "origin": [10, -2, 6]},
			"faces": {
				"north": {"uv": [8.75, 5, 8.5, 5.25], "texture": "#6"},
				"east": {"uv": [8.625, 5.5, 8.5, 5.25], "texture": "#6"},
				"south": {"uv": [8.75, 5.25, 8.5, 5], "texture": "#6"},
				"west": {"uv": [8.625, 5.5, 8.5, 5.25], "texture": "#6"},
				"up": {"uv": [8.5, 5.75, 8.625, 5.5], "rotation": 90, "texture": "#6"},
				"down": {"uv": [8.5, 5.75, 8.625, 5.5], "rotation": 270, "texture": "#6"}
			}
		},
		{
			"from": [7, -13, 5],
			"to": [8, -12, 5.5],
			"rotation": {"angle": 0, "axis": "y", "origin": [10, -2, 10]},
			"faces": {
				"north": {"uv": [8.5, 5.25, 8.75, 5], "texture": "#6"},
				"east": {"uv": [8.5, 5.5, 8.625, 5.25], "texture": "#6"},
				"south": {"uv": [8.5, 5, 8.75, 5.25], "texture": "#6"},
				"west": {"uv": [8.5, 5.5, 8.625, 5.25], "texture": "#6"},
				"up": {"uv": [8.625, 5.75, 8.5, 5.5], "rotation": 90, "texture": "#6"},
				"down": {"uv": [8.625, 5.75, 8.5, 5.5], "rotation": 270, "texture": "#6"}
			}
		},
		{
			"from": [6, -13, 6.5],
			"to": [6.5, -12, 7.5],
			"rotation": {"angle": 0, "axis": "y", "origin": [6, -2, 6]},
			"faces": {
				"north": {"uv": [8.5, 5.5, 8.625, 5.25], "texture": "#6"},
				"east": {"uv": [8.5, 5, 8.75, 5.25], "texture": "#6"},
				"south": {"uv": [8.5, 5.5, 8.625, 5.25], "texture": "#6"},
				"west": {"uv": [8.5, 5.25, 8.75, 5], "texture": "#6"},
				"up": {"uv": [8.625, 5.75, 8.5, 5.5], "texture": "#6"},
				"down": {"uv": [8.625, 5.75, 8.5, 5.5], "texture": "#6"}
			}
		},
		{
			"from": [8.5, -13, 6.5],
			"to": [9, -12, 7.5],
			"rotation": {"angle": 0, "axis": "y", "origin": [10, -2, 6]},
			"faces": {
				"north": {"uv": [8.625, 5.5, 8.5, 5.25], "texture": "#6"},
				"east": {"uv": [8.75, 5.25, 8.5, 5], "texture": "#6"},
				"south": {"uv": [8.625, 5.5, 8.5, 5.25], "texture": "#6"},
				"west": {"uv": [8.75, 5, 8.5, 5.25], "texture": "#6"},
				"up": {"uv": [8.5, 5.75, 8.625, 5.5], "texture": "#6"},
				"down": {"uv": [8.5, 5.75, 8.625, 5.5], "texture": "#6"}
			}
		},
		{
			"from": [6.5, 6.5, 5.5],
			"to": [8.5, 8.5, 8.5],
			"faces": {
				"north": {"uv": [7.25, 8.25, 7.75, 8.75], "texture": "#6"},
				"east": {"uv": [9, 3.75, 8.25, 4.25], "texture": "#6"},
				"south": {"uv": [7.25, 8.25, 7.75, 8.75], "texture": "#6"},
				"west": {"uv": [8.25, 3.75, 9, 4.25], "texture": "#6"},
				"up": {"uv": [4.5, 9, 4, 8.25], "texture": "#6"},
				"down": {"uv": [5, 8.25, 4.5, 9], "texture": "#6"}
			}
		},
		{
			"from": [6, 7, 6.5],
			"to": [6.5, 8, 7.5],
			"rotation": {"angle": 0, "axis": "y", "origin": [6, -2, 6]},
			"faces": {
				"north": {"uv": [8.5, 5.5, 8.625, 5.25], "texture": "#6"},
				"east": {"uv": [8.5, 5, 8.75, 5.25], "texture": "#6"},
				"south": {"uv": [8.5, 5.5, 8.625, 5.25], "texture": "#6"},
				"west": {"uv": [8.5, 5.25, 8.75, 5], "texture": "#6"},
				"up": {"uv": [8.625, 5.75, 8.5, 5.5], "texture": "#6"},
				"down": {"uv": [8.625, 5.75, 8.5, 5.5], "texture": "#6"}
			}
		},
		{
			"from": [7, 7, 8.5],
			"to": [8, 8, 9],
			"rotation": {"angle": 0, "axis": "y", "origin": [10, -2, 6]},
			"faces": {
				"north": {"uv": [8.75, 5, 8.5, 5.25], "texture": "#6"},
				"east": {"uv": [8.625, 5.5, 8.5, 5.25], "texture": "#6"},
				"south": {"uv": [8.75, 5.25, 8.5, 5], "texture": "#6"},
				"west": {"uv": [8.625, 5.5, 8.5, 5.25], "texture": "#6"},
				"up": {"uv": [8.5, 5.75, 8.625, 5.5], "rotation": 90, "texture": "#6"},
				"down": {"uv": [8.5, 5.75, 8.625, 5.5], "rotation": 270, "texture": "#6"}
			}
		},
		{
			"from": [7, 7, 5],
			"to": [8, 8, 5.5],
			"rotation": {"angle": 0, "axis": "y", "origin": [10, -2, 10]},
			"faces": {
				"north": {"uv": [8.5, 5.25, 8.75, 5], "texture": "#6"},
				"east": {"uv": [8.5, 5.5, 8.625, 5.25], "texture": "#6"},
				"south": {"uv": [8.5, 5, 8.75, 5.25], "texture": "#6"},
				"west": {"uv": [8.5, 5.5, 8.625, 5.25], "texture": "#6"},
				"up": {"uv": [8.625, 5.75, 8.5, 5.5], "rotation": 90, "texture": "#6"},
				"down": {"uv": [8.625, 5.75, 8.5, 5.5], "rotation": 270, "texture": "#6"}
			}
		},
		{
			"from": [8.5, 7, 6.5],
			"to": [9, 8, 7.5],
			"rotation": {"angle": 0, "axis": "y", "origin": [10, -2, 6]},
			"faces": {
				"north": {"uv": [8.625, 5.5, 8.5, 5.25], "texture": "#6"},
				"east": {"uv": [8.75, 5.25, 8.5, 5], "texture": "#6"},
				"south": {"uv": [8.625, 5.5, 8.5, 5.25], "texture": "#6"},
				"west": {"uv": [8.75, 5, 8.5, 5.25], "texture": "#6"},
				"up": {"uv": [8.5, 5.75, 8.625, 5.5], "texture": "#6"},
				"down": {"uv": [8.5, 5.75, 8.625, 5.5], "texture": "#6"}
			}
		},
		{
			"from": [4.9, 0.5, 4],
			"to": [4.9, 10.5, 10],
			"faces": {
				"east": {"uv": [6, 0, 0, 10], "texture": "#4"},
				"west": {"uv": [0, 0, 6, 10], "texture": "#4"}
			}
		},
		{
			"from": [10.1, 0.5, 4],
			"to": [10.1, 10.5, 10],
			"rotation": {"angle": 0, "axis": "y", "origin": [16, 0, 0]},
			"faces": {
				"east": {"uv": [6, 0, 0, 10], "texture": "#4"},
				"west": {"uv": [0, 0, 6, 10], "texture": "#4"}
			}
		},
		{
			"from": [5.9, 0.5, 6.5],
			"to": [5.9, 4.5, 10.5],
			"rotation": {"angle": 0, "axis": "y", "origin": [5.9, 2.5, 8.5]},
			"faces": {
				"east": {"uv": [0, 0, 8, 8], "texture": "#5"},
				"west": {"uv": [0, 0, 8, 8], "texture": "#5"}
			}
		},
		{
			"from": [5.9, 0.5, 6.5],
			"to": [5.9, 4.5, 10.5],
			"rotation": {"angle": 22.5, "axis": "x", "origin": [5.9, 2.5, 8.5]},
			"faces": {
				"east": {"uv": [8, 0, 16, 8], "texture": "#5"},
				"west": {"uv": [8, 0, 16, 8], "texture": "#5"}
			}
		},
		{
			"from": [5.9, 0.5, 6.5],
			"to": [5.9, 4.5, 10.5],
			"rotation": {"angle": 45, "axis": "x", "origin": [5.9, 2.5, 8.5]},
			"faces": {
				"east": {"uv": [8, 8, 16, 16], "texture": "#5"},
				"west": {"uv": [8, 8, 16, 16], "texture": "#5"}
			}
		},
		{
			"from": [5.9, 0.5, 6.5],
			"to": [5.9, 4.5, 10.5],
			"rotation": {"angle": -22.5, "axis": "x", "origin": [5.9, 2.5, 8.5]},
			"faces": {
				"east": {"uv": [0, 8, 8, 16], "rotation": 90, "texture": "#5"},
				"west": {"uv": [0, 8, 8, 16], "rotation": 90, "texture": "#5"}
			}
		},
		{
			"from": [8.6, 2.5, 7.5],
			"to": [8.6, 6.5, 11.5],
			"rotation": {"angle": 0, "axis": "y", "origin": [8.6, 4.5, 9.5]},
			"faces": {
				"east": {"uv": [0, 0, 8, 8], "texture": "#5"},
				"west": {"uv": [0, 0, 8, 8], "texture": "#5"}
			}
		},
		{
			"from": [8.6, 2.5, 7.5],
			"to": [8.6, 6.5, 11.5],
			"rotation": {"angle": 22.5, "axis": "x", "origin": [8.6, 4.5, 9.5]},
			"faces": {
				"east": {"uv": [8, 0, 16, 8], "texture": "#5"},
				"west": {"uv": [8, 0, 16, 8], "texture": "#5"}
			}
		},
		{
			"from": [8.6, 2.5, 7.5],
			"to": [8.6, 6.5, 11.5],
			"rotation": {"angle": 45, "axis": "x", "origin": [8.6, 4.5, 9.5]},
			"faces": {
				"east": {"uv": [8, 8, 16, 16], "texture": "#5"},
				"west": {"uv": [8, 8, 16, 16], "texture": "#5"}
			}
		},
		{
			"from": [8.6, 2.5, 7.5],
			"to": [8.6, 6.5, 11.5],
			"rotation": {"angle": -22.5, "axis": "x", "origin": [8.6, 4.5, 9.5]},
			"faces": {
				"east": {"uv": [0, 8, 8, 16], "rotation": 90, "texture": "#5"},
				"west": {"uv": [0, 8, 8, 16], "rotation": 90, "texture": "#5"}
			}
		},
		{
			"from": [7, -3, 6],
			"to": [8, 7, 8],
			"faces": {
				"north": {"uv": [8, 6.75, 8.25, 9.25], "texture": "#6"},
				"east": {"uv": [6.25, 7.25, 6.75, 9.75], "texture": "#6"},
				"south": {"uv": [7.25, 8.75, 7.5, 11.25], "texture": "#6"},
				"west": {"uv": [6.75, 7.25, 6.25, 9.75], "texture": "#6"}
			}
		},
		{
			"from": [7, -1.5, 5],
			"to": [8, -0.5, 5.5],
			"rotation": {"angle": 0, "axis": "y", "origin": [10, -2, 10]},
			"faces": {
				"north": {"uv": [8.5, 5, 8.75, 5.25], "texture": "#6"},
				"east": {"uv": [8.5, 5.25, 8.625, 5.5], "texture": "#6"},
				"south": {"uv": [8.5, 5, 8.75, 5.25], "texture": "#6"},
				"west": {"uv": [8.5, 5.25, 8.625, 5.5], "texture": "#6"},
				"up": {"uv": [8.625, 5.75, 8.5, 5.5], "rotation": 90, "texture": "#6"},
				"down": {"uv": [8.625, 5.75, 8.5, 5.5], "rotation": 270, "texture": "#6"}
			}
		},
		{
			"from": [6, -10, 5],
			"to": [9, -9, 9],
			"rotation": {"angle": 0, "axis": "y", "origin": [0, 16, 0]},
			"faces": {
				"north": {"uv": [8.25, 8, 9, 7.75], "texture": "#6"},
				"east": {"uv": [8.25, 4.5, 9.25, 4.25], "texture": "#6"},
				"south": {"uv": [8.25, 8, 9, 7.75], "texture": "#6"},
				"west": {"uv": [8.25, 4.5, 9.25, 4.25], "texture": "#6"},
				"up": {"uv": [8.25, 4.5, 7.5, 3.5], "texture": "#6"},
				"down": {"uv": [8.25, 3.5, 7.5, 4.5], "texture": "#6"}
			}
		},
		{
			"from": [6, -3, 5],
			"to": [9, -2, 9],
			"faces": {
				"north": {"uv": [8.25, 7.75, 9, 8], "texture": "#6"},
				"east": {"uv": [9.25, 4.25, 8.25, 4.5], "texture": "#6"},
				"south": {"uv": [8.25, 7.75, 9, 8], "texture": "#6"},
				"west": {"uv": [8.25, 4.25, 9.25, 4.5], "texture": "#6"},
				"up": {"uv": [8.25, 4.5, 7.5, 3.5], "texture": "#6"},
				"down": {"uv": [8.25, 3.5, 7.5, 4.5], "texture": "#6"}
			}
		},
		{
			"from": [6.5, -11, 5.5],
			"to": [8.5, 0, 8.5],
			"faces": {
				"north": {"uv": [6.75, 7.25, 7.25, 10], "texture": "#6"},
				"east": {"uv": [6.25, 7.25, 5.5, 10], "texture": "#6"},
				"south": {"uv": [6.75, 10, 7.25, 12.75], "texture": "#6"},
				"west": {"uv": [5.5, 7.25, 6.25, 10], "texture": "#6"},
				"up": {"uv": [8.75, 3.75, 8.25, 3], "texture": "#6"},
				"down": {"uv": [8.75, 3, 8.25, 3.75], "texture": "#6"}
			}
		},
		{
			"from": [6.5, 4.7, 8.6],
			"to": [8.5, 5.7, 10.1],
			"faces": {
				"north": {"uv": [8.5, 1.25, 9, 1.5], "texture": "#6"},
				"east": {"uv": [8.5, 1.5, 8.875, 1.75], "texture": "#6"},
				"south": {"uv": [8.5, 1.25, 9, 1.5], "texture": "#6"},
				"west": {"uv": [8.5, 1.5, 8.875, 1.75], "texture": "#6"},
				"up": {"uv": [9, 0.875, 8.5, 0.5], "texture": "#6"},
				"down": {"uv": [9, 0.875, 8.5, 0.5], "texture": "#6"}
			}
		},
		{
			"from": [6.5, 2.7, 8.6],
			"to": [8.5, 4.7, 10.1],
			"faces": {
				"north": {"uv": [8.25, 7.25, 8.75, 7.75], "texture": "#6"},
				"east": {"uv": [8.625, 8.25, 8.25, 8.75], "texture": "#6"},
				"south": {"uv": [8.25, 7.25, 8.75, 7.75], "texture": "#6"},
				"west": {"uv": [8.25, 8.25, 8.625, 8.75], "texture": "#6"},
				"up": {"uv": [9, 0.375, 8.5, 0], "texture": "#6"},
				"down": {"uv": [9, 0.375, 8.5, 0], "texture": "#6"}
			}
		},
		{
			"from": [6.5, 3, 4],
			"to": [8.5, 5, 5.5],
			"faces": {
				"north": {"uv": [8.25, 7.25, 8.75, 7.75], "texture": "#6"},
				"east": {"uv": [8.625, 8.25, 8.25, 8.75], "texture": "#6"},
				"south": {"uv": [8.25, 7.25, 8.75, 7.75], "texture": "#6"},
				"west": {"uv": [8.25, 8.25, 8.625, 8.75], "texture": "#6"},
				"up": {"uv": [9, 0.375, 8.5, 0], "texture": "#6"},
				"down": {"uv": [9, 0.375, 8.5, 0], "texture": "#6"}
			}
		},
		{
			"from": [6.5, 0.7, 8.6],
			"to": [8.5, 2.7, 10.1],
			"faces": {
				"north": {"uv": [8.25, 7.25, 8.75, 7.75], "texture": "#6"},
				"east": {"uv": [8.625, 8.25, 8.25, 8.75], "texture": "#6"},
				"south": {"uv": [8.25, 7.25, 8.75, 7.75], "texture": "#6"},
				"west": {"uv": [8.25, 8.25, 8.625, 8.75], "texture": "#6"},
				"up": {"uv": [9, 0.375, 8.5, 0], "texture": "#6"},
				"down": {"uv": [9, 0.375, 8.5, 0], "texture": "#6"}
			}
		},
		{
			"from": [6.5, -1.6, 8.5],
			"to": [8.5, 0.4, 10],
			"faces": {
				"north": {"uv": [8.25, 7.25, 8.75, 7.75], "texture": "#6"},
				"east": {"uv": [8.625, 8.25, 8.25, 8.75], "texture": "#6"},
				"south": {"uv": [8.25, 7.25, 8.75, 7.75], "texture": "#6"},
				"west": {"uv": [8.25, 8.25, 8.625, 8.75], "texture": "#6"},
				"up": {"uv": [9, 0.375, 8.5, 0], "texture": "#6"},
				"down": {"uv": [9, 0.375, 8.5, 0], "texture": "#6"}
			}
		},
		{
			"from": [7, 27.5, 6],
			"to": [8, 29.5, 8],
			"rotation": {"angle": 0, "axis": "y", "origin": [-0.5, 2, -1]},
			"faces": {
				"north": {"uv": [12, 2.625, 12.25, 2.125], "texture": "#6"},
				"east": {"uv": [12, 2.125, 11.5, 2.625], "texture": "#6"},
				"south": {"uv": [12, 2.125, 12.25, 2.625], "texture": "#6"},
				"west": {"uv": [11.5, 2.125, 12, 2.625], "texture": "#6"},
				"up": {"uv": [12, 1.625, 12.25, 2.125], "texture": "#6"},
				"down": {"uv": [12, 1.625, 12.25, 2.125], "texture": "#6"}
			}
		},
		{
			"from": [7.5, 18.5, 16.3],
			"to": [7.5, 22.5, 16.8],
			"rotation": {"angle": -22.5, "axis": "x", "origin": [-0.5, 2, -1]},
			"faces": {
				"north": {"uv": [0, 0, 0, 5], "texture": "#6"},
				"east": {"uv": [12.25, 0.125, 12.375, 1.125], "texture": "#6"},
				"south": {"uv": [0, 0, 0, 5], "texture": "#6"},
				"west": {"uv": [12.25, 0.125, 12.375, 1.125], "texture": "#6"},
				"up": {"uv": [0, 0, 0, 0.125], "texture": "#6"},
				"down": {"uv": [0, 0, 0, 0.125], "texture": "#6"}
			}
		},
		{
			"from": [7, 22.5, 8.25],
			"to": [8, 24.5, 9.25],
			"rotation": {"angle": 0, "axis": "y", "origin": [-0.5, 0, -1]},
			"faces": {
				"north": {"uv": [11.5, 3.875, 11.75, 4.375], "texture": "#6"},
				"east": {"uv": [11.75, 3.875, 11.5, 4.375], "texture": "#6"},
				"south": {"uv": [11.5, 3.875, 11.75, 4.375], "texture": "#6"},
				"west": {"uv": [11.5, 3.875, 11.75, 4.375], "texture": "#6"},
				"up": {"uv": [11.5, 4.375, 11.75, 4.625], "texture": "#6"},
				"down": {"uv": [11.5, 4.375, 11.75, 4.625], "texture": "#6"}
			}
		},
		{
			"from": [7.5, 2.5, 8.5],
			"to": [7.5, 22.5, 9],
			"rotation": {"angle": 0, "axis": "y", "origin": [-0.5, 2, -1]},
			"faces": {
				"north": {"uv": [0, 0, 0, 5], "texture": "#6"},
				"east": {"uv": [12.25, 0, 12.375, 5], "texture": "#6"},
				"south": {"uv": [0, 0, 0, 5], "texture": "#6"},
				"west": {"uv": [12.25, 0, 12.375, 5], "texture": "#6"},
				"up": {"uv": [0, 0, 0, 0.125], "texture": "#6"},
				"down": {"uv": [0, 0, 0, 0.125], "texture": "#6"}
			}
		},
		{
			"from": [7, 8, 6.5],
			"to": [8, 27.5, 7.5],
			"faces": {
				"north": {"uv": [10.5, 3.625, 10.75, 8.5], "texture": "#6"},
				"east": {"uv": [10.5, 3.625, 10.75, 8.5], "texture": "#6"},
				"south": {"uv": [10.5, 3.625, 10.75, 8.5], "texture": "#6"},
				"west": {"uv": [10.5, 3.625, 10.75, 8.5], "texture": "#6"},
				"up": {"uv": [10.5, 8.5, 10.75, 8.75], "texture": "#6"},
				"down": {"uv": [10.5, 8.5, 10.75, 8.75], "texture": "#6"}
			}
		},
		{
			"from": [7.5, -1.5, 9.5],
			"to": [7.5, 5.5, 12.5],
			"rotation": {"angle": 0, "axis": "y", "origin": [0, 0, 16]},
			"faces": {
				"north": {"uv": [0, 0, 0, 1.75], "texture": "#6"},
				"east": {"uv": [11.5, 5.375, 10.75, 7.125], "texture": "#6"},
				"south": {"uv": [0, 0, 0, 1.75], "texture": "#6"},
				"west": {"uv": [10.75, 5.375, 11.5, 7.125], "texture": "#6"},
				"up": {"uv": [0, 1, 0, 0], "texture": "#6"},
				"down": {"uv": [0, 1, 0, 0], "texture": "#6"}
			}
		}
	],
	"gui_light": "front",
	"display": {
		"thirdperson_righthand": {
			"translation": [0.5, 7.5, 2],
			"scale": [0.67, 0.67, 0.67]
		},
		"thirdperson_lefthand": {
			"translation": [-0.25, 7.5, 2],
			"scale": [0.67, 0.67, 0.67]
		},
		"firstperson_righthand": {
			"rotation": [-10, 0, 0],
			"translation": [-0.5, -3.5, 2.25],
			"scale": [0.48, 0.48, 0.48]
		},
		"firstperson_lefthand": {
			"rotation": [-10, 0, 0],
			"translation": [-0.25, 5.25, 2.25],
			"scale": [0.48, 0.48, 0.48]
		},
		"ground": {
			"rotation": [45, 0, 0],
			"translation": [0, 4, 0],
			"scale": [0.38, 0.38, 0.38]
		},
		"gui": {
			"rotation": [-90, -45, -90],
			"translation": [-1.25, 0.5, 0],
			"scale": [0.35, 0.35, 0.35]
		},
		"head": {
			"scale": [0, 0, 0]
		},
		"fixed": {
			"rotation": [-90, -90, -90],
			"translation": [0, 0.25, -0.25],
			"scale": [1.5, 1.5, 1.5]
		}
	},
	"groups": [
		0,
		1,
		2,
		3,
		4,
		5,
		6,
		7,
		8,
		9,
		10,
		11,
		12,
		13,
		14,
		15,
		16,
		17,
		18,
		{
			"name": "group",
			"origin": [0, 0, 0],
			"color": 0,
			"children": [19, 20, 21, 22]
		},
		{
			"name": "group",
			"origin": [0, 0, 0],
			"color": 0,
			"children": [23, 24, 25, 26]
		},
		27,
		28,
		29,
		30,
		31,
		32,
		33,
		34,
		35,
		36,
		37,
		38,
		39,
		40,
		41,
		42
	]
}