{
	"credit": "Made with Blockbench",
	"texture_size": [32, 32],
	"textures": {
		"6": "lunaria_pack:blunaria_shield/blunaria_shield"
	},
	"elements": [
		{
			"from": [0.67531, 7.36274, 7.185],
			"to": [2.17531, 8.86274, 8.785],
			"rotation": {"angle": -45, "axis": "z", "origin": [8, 8, 8]},
			"faces": {
				"north": {"uv": [11, 12.5, 11.75, 13.25], "rotation": 90, "texture": "#6"},
				"east": {"uv": [13.75, 8.5, 13, 9.25], "rotation": 270, "texture": "#6"},
				"south": {"uv": [13, 5.5, 13.75, 6.25], "rotation": 270, "texture": "#6"},
				"west": {"uv": [13.75, 8.25, 13, 7.5], "rotation": 270, "texture": "#6"},
				"up": {"uv": [13, 4.5, 13.75, 5.25], "rotation": 270, "texture": "#6"},
				"down": {"uv": [13, 6.5, 13.75, 7.25], "rotation": 270, "texture": "#6"}
			}
		},
		{
			"from": [2.93414, 11.06586, 7.185],
			"to": [4.93414, 13.06586, 8.785],
			"rotation": {"angle": -45, "axis": "z", "origin": [8, 8, 8]},
			"faces": {
				"north": {"uv": [10, 6.5, 11, 7.5], "rotation": 90, "texture": "#6"},
				"east": {"uv": [13, 5, 12, 5.75], "rotation": 270, "texture": "#6"},
				"south": {"uv": [11, 6.5, 12, 7.5], "rotation": 270, "texture": "#6"},
				"west": {"uv": [13, 4.75, 12, 4], "rotation": 270, "texture": "#6"},
				"up": {"uv": [10, 11.5, 10.75, 12.5], "rotation": 270, "texture": "#6"},
				"down": {"uv": [11, 11.5, 11.75, 12.5], "rotation": 270, "texture": "#6"}
			}
		},
		{
			"from": [7.13726, 13.82469, 7.185],
			"to": [8.63726, 15.32469, 8.785],
			"rotation": {"angle": -45, "axis": "z", "origin": [8, 8, 8]},
			"faces": {
				"north": {"uv": [9.5, 13, 10.25, 13.75], "texture": "#6"},
				"east": {"uv": [12.5, 13, 13.25, 13.75], "texture": "#6"},
				"south": {"uv": [4.5, 13.5, 5.25, 14.25], "texture": "#6"},
				"west": {"uv": [5.5, 13.5, 6.25, 14.25], "texture": "#6"},
				"up": {"uv": [7.25, 14.25, 6.5, 13.5], "texture": "#6"},
				"down": {"uv": [14.25, 9.5, 13.5, 10.25], "texture": "#6"}
			}
		},
		{
			"from": [11.06586, 2.93414, 7.185],
			"to": [13.06586, 4.93414, 8.785],
			"rotation": {"angle": -45, "axis": "z", "origin": [8, 8, 8]},
			"faces": {
				"north": {"uv": [2.5, 11.5, 3.5, 12.5], "rotation": 90, "texture": "#6"},
				"east": {"uv": [13, 9, 12, 9.75], "rotation": 270, "texture": "#6"},
				"south": {"uv": [3.5, 11.5, 4.5, 12.5], "rotation": 270, "texture": "#6"},
				"west": {"uv": [13, 8.75, 12, 8], "rotation": 270, "texture": "#6"},
				"up": {"uv": [12, 6, 12.75, 7], "rotation": 270, "texture": "#6"},
				"down": {"uv": [12, 7, 12.75, 8], "rotation": 270, "texture": "#6"}
			}
		},
		{
			"from": [4, 4.07843, 7.685],
			"to": [12, 12.07843, 7.715],
			"rotation": {"angle": 0, "axis": "y", "origin": [8, 8, 8]},
			"faces": {
				"north": {"uv": [0, 7.5, 4, 11.5], "texture": "#6"},
				"south": {"uv": [4, 7.5, 8, 11.5], "texture": "#6"}
			}
		},
		{
			"from": [4, 4.07843, 8.285],
			"to": [12, 12.07843, 8.315],
			"rotation": {"angle": 0, "axis": "y", "origin": [8, 8, 8]},
			"faces": {
				"north": {"uv": [8, 7.5, 12, 11.5], "texture": "#6"},
				"south": {"uv": [10, 0, 14, 4], "texture": "#6"}
			}
		},
		{
			"from": [5.94239, 12.76588, 7.475],
			"to": [7.94239, 13.76588, 8.505],
			"rotation": {"angle": -22.5, "axis": "z", "origin": [8, 8, 8]},
			"faces": {
				"north": {"uv": [10.5, 13.5, 11.5, 14], "texture": "#6"},
				"east": {"uv": [11.5, 6, 12, 6.5], "texture": "#6"},
				"south": {"uv": [13.5, 10.5, 14.5, 11], "texture": "#6"},
				"west": {"uv": [13, 9.5, 13.5, 10], "texture": "#6"},
				"up": {"uv": [14.5, 11.5, 13.5, 11], "texture": "#6"},
				"down": {"uv": [12.5, 13.5, 11.5, 14], "texture": "#6"}
			}
		},
		{
			"from": [9.7706, 12.42515, 7.485],
			"to": [12.7706, 13.42515, 8.485],
			"rotation": {"angle": 0, "axis": "y", "origin": [8, 8, 8]},
			"faces": {
				"north": {"uv": [12, 10, 13.5, 10.5], "texture": "#6"},
				"east": {"uv": [10.5, 13, 11, 13.5], "texture": "#6"},
				"south": {"uv": [12, 10.5, 13.5, 11], "texture": "#6"},
				"west": {"uv": [14, 1.5, 14.5, 2], "texture": "#6"},
				"up": {"uv": [13.5, 11.5, 12, 11], "texture": "#6"},
				"down": {"uv": [13.5, 11.5, 12, 12], "texture": "#6"}
			}
		},
		{
			"from": [11.55129, 3.93386, 7.483],
			"to": [12.55129, 8.93386, 8.513],
			"rotation": {"angle": -45, "axis": "z", "origin": [8, 8, 8]},
			"faces": {
				"north": {"uv": [10, 4, 10.5, 6.5], "texture": "#6"},
				"east": {"uv": [10.5, 4, 11, 6.5], "texture": "#6"},
				"south": {"uv": [11, 4, 11.5, 6.5], "texture": "#6"},
				"west": {"uv": [0, 11.5, 0.5, 14], "texture": "#6"},
				"up": {"uv": [2.5, 14.5, 2, 14], "texture": "#6"},
				"down": {"uv": [14.5, 2, 14, 2.5], "texture": "#6"}
			}
		},
		{
			"from": [3.44871, 3.93386, 7.483],
			"to": [4.44871, 8.93386, 8.513],
			"rotation": {"angle": 45, "axis": "z", "origin": [8, 8, 8]},
			"faces": {
				"north": {"uv": [0.5, 11.5, 1, 14], "texture": "#6"},
				"east": {"uv": [1, 11.5, 1.5, 14], "texture": "#6"},
				"south": {"uv": [1.5, 11.5, 2, 14], "texture": "#6"},
				"west": {"uv": [2, 11.5, 2.5, 14], "texture": "#6"},
				"up": {"uv": [3, 14.5, 2.5, 14], "texture": "#6"},
				"down": {"uv": [14.5, 2.5, 14, 3], "texture": "#6"}
			}
		},
		{
			"from": [11.55182, 7.06879, 7.483],
			"to": [12.55182, 10.06879, 8.483],
			"rotation": {"angle": -22.5, "axis": "z", "origin": [8, 8, 8]},
			"faces": {
				"north": {"uv": [12, 12, 12.5, 13.5], "texture": "#6"},
				"east": {"uv": [2.5, 12.5, 3, 14], "texture": "#6"},
				"south": {"uv": [3, 12.5, 3.5, 14], "texture": "#6"},
				"west": {"uv": [3.5, 12.5, 4, 14], "texture": "#6"},
				"up": {"uv": [3.5, 14.5, 3, 14], "texture": "#6"},
				"down": {"uv": [14.5, 3, 14, 3.5], "texture": "#6"}
			}
		},
		{
			"from": [12.02664, 8.21373, 7.483],
			"to": [13.02664, 12.21373, 8.513],
			"rotation": {"angle": 0, "axis": "y", "origin": [8, 8, 8]},
			"faces": {
				"north": {"uv": [11.5, 4, 12, 6], "texture": "#6"},
				"east": {"uv": [4.5, 11.5, 5, 13.5], "texture": "#6"},
				"south": {"uv": [5, 11.5, 5.5, 13.5], "texture": "#6"},
				"west": {"uv": [5.5, 11.5, 6, 13.5], "texture": "#6"},
				"up": {"uv": [4, 14.5, 3.5, 14], "texture": "#6"},
				"down": {"uv": [14.5, 3.5, 14, 4], "texture": "#6"}
			}
		},
		{
			"from": [2.97336, 8.21373, 7.483],
			"to": [3.97336, 12.21373, 8.513],
			"rotation": {"angle": 0, "axis": "y", "origin": [8, 8, 8]},
			"faces": {
				"north": {"uv": [6, 11.5, 6.5, 13.5], "texture": "#6"},
				"east": {"uv": [6.5, 11.5, 7, 13.5], "texture": "#6"},
				"south": {"uv": [7, 11.5, 7.5, 13.5], "texture": "#6"},
				"west": {"uv": [7.5, 11.5, 8, 13.5], "texture": "#6"},
				"up": {"uv": [4.5, 14.5, 4, 14], "texture": "#6"},
				"down": {"uv": [14.5, 4.5, 14, 5], "texture": "#6"}
			}
		},
		{
			"from": [3.43778, 7.12107, 7.495],
			"to": [4.43778, 10.12107, 8.495],
			"rotation": {"angle": 22.5, "axis": "z", "origin": [8, 8, 8]},
			"faces": {
				"north": {"uv": [4, 12.5, 4.5, 14], "texture": "#6"},
				"east": {"uv": [8, 12.5, 8.5, 14], "texture": "#6"},
				"south": {"uv": [8.5, 12.5, 9, 14], "texture": "#6"},
				"west": {"uv": [9, 12.5, 9.5, 14], "texture": "#6"},
				"up": {"uv": [14.5, 5.5, 14, 5], "texture": "#6"},
				"down": {"uv": [14.5, 5.5, 14, 6], "texture": "#6"}
			}
		},
		{
			"from": [3.2294, 12.42515, 7.485],
			"to": [6.2294, 13.42515, 8.485],
			"rotation": {"angle": 0, "axis": "y", "origin": [8, 8, 8]},
			"faces": {
				"north": {"uv": [9.5, 12.5, 11, 13], "texture": "#6"},
				"east": {"uv": [14, 6, 14.5, 6.5], "texture": "#6"},
				"south": {"uv": [12.5, 12, 14, 12.5], "texture": "#6"},
				"west": {"uv": [14, 6.5, 14.5, 7], "texture": "#6"},
				"up": {"uv": [14, 13, 12.5, 12.5], "texture": "#6"},
				"down": {"uv": [14.5, 4, 13, 4.5], "texture": "#6"}
			}
		},
		{
			"from": [8.05761, 12.76588, 7.475],
			"to": [10.05761, 13.76588, 8.505],
			"rotation": {"angle": 22.5, "axis": "z", "origin": [8, 8, 8]},
			"faces": {
				"north": {"uv": [13.5, 11.5, 14.5, 12], "texture": "#6"},
				"east": {"uv": [14, 7, 14.5, 7.5], "texture": "#6"},
				"south": {"uv": [13.5, 13, 14.5, 13.5], "texture": "#6"},
				"west": {"uv": [14, 7.5, 14.5, 8], "texture": "#6"},
				"up": {"uv": [14.5, 14, 13.5, 13.5], "texture": "#6"},
				"down": {"uv": [1, 14, 0, 14.5], "texture": "#6"}
			}
		},
		{
			"from": [6.59099, 7.40901, 7.485],
			"to": [8.59099, 9.40901, 8.485],
			"rotation": {"angle": -45, "axis": "z", "origin": [8, 8, 8]},
			"faces": {
				"north": {"uv": [8, 11.5, 9, 12.5], "rotation": 90, "texture": "#6"},
				"east": {"uv": [15, 1, 14, 1.5], "rotation": 270, "texture": "#6"},
				"south": {"uv": [9, 11.5, 10, 12.5], "rotation": 270, "texture": "#6"},
				"west": {"uv": [2, 14.5, 1, 14], "rotation": 270, "texture": "#6"},
				"up": {"uv": [7.5, 13.5, 8, 14.5], "rotation": 270, "texture": "#6"},
				"down": {"uv": [14, 0, 14.5, 1], "rotation": 270, "texture": "#6"}
			}
		},
		{
			"from": [3, 2.37843, 7.985],
			"to": [13, 17.37843, 8.015],
			"rotation": {"angle": 0, "axis": "y", "origin": [8, 8, 8]},
			"faces": {
				"north": {"uv": [0, 0, 5, 7.5], "texture": "#6"},
				"south": {"uv": [5, 0, 10, 7.5], "texture": "#6"}
			}
		}
	],
	"gui_light": "front",
	"display": {
		"thirdperson_righthand": {
			"rotation": [45, -15, 5],
			"translation": [-0.75, 0.5, -2.75],
			"scale": [1.4, 1.4, 1.4]
		},
		"thirdperson_lefthand": {
			"rotation": [45, -15, 5],
			"translation": [-0.75, 0.5, -2.75],
			"scale": [1.4, 1.4, 1.4]
		},
		"firstperson_righthand": {
			"rotation": [0, 0, 8],
			"translation": [-6.25, 1.5, 3.25]
		},
		"firstperson_lefthand": {
			"rotation": [0, 0, 8],
			"translation": [-6.25, 1.5, 3.25]
		},
		"ground": {
			"translation": [0, 6.25, 0]
		},
		"gui": {
			"rotation": [0, 0, -45],
			"translation": [-1.25, -1.25, 0],
			"scale": [1.2, 1.2, 1]
		},
		"head": {
			"translation": [0, 8.75, 0],
			"scale": [0, 0, 0]
		},
		"fixed": {
			"translation": [0, 1.75, -1],
			"scale": [2, 2, 2]
		}
	},
	"groups": [
		{
			"name": "shield",
			"origin": [8, 8, 8],
			"color": 0,
			"children": [
				{
					"name": "shield",
					"origin": [6.5, 13.07843, 7.985],
					"color": 0,
					"children": [
						{
							"name": "group",
							"origin": [11.39754, -9.13211, 7.885],
							"color": 0,
							"children": [0, 1, 2, 3]
						},
						{
							"name": "group",
							"origin": [11.39754, -2.30368, 8.185],
							"color": 0,
							"children": [4, 5, 6, 7, 8, 9, 10, 11, 12, 13, 14, 15, 16]
						},
						17
					]
				}
			]
		}
	]
}