{
	"credit": "Made with Blockbench",
	"textures": {
		"1": "lunaria_pack:blunaria_bow/blunaria_arrow",
		"2": "lunaria_pack:blunaria_bow/blunaria_bow_2",
		"particle": "lunaria_pack:blunaria_bow/blunaria_bow_2"
	},
	"elements": [
		{
			"from": [7.8925, 7.9, 2.5],
			"to": [8.0925, 8.1, 13.5],
			"rotation": {"angle": 0, "axis": "y", "origin": [8, 8, 8]},
			"faces": {
				"north": {"uv": [0, 10, 0.25, 10.25], "texture": "#1"},
				"east": {"uv": [0, 7, 11, 7.25], "texture": "#1"},
				"south": {"uv": [1, 10, 1.25, 10.25], "texture": "#1"},
				"west": {"uv": [0, 6, 11, 6.25], "texture": "#1"},
				"up": {"uv": [11, 8.25, 0, 8], "rotation": 270, "texture": "#1"},
				"down": {"uv": [11, 9, 0, 9.25], "rotation": 90, "texture": "#1"}
			}
		},
		{
			"from": [7.9925, 6.9, 1],
			"to": [8.0225, 9.1, 15],
			"rotation": {"angle": 0, "axis": "y", "origin": [8, 8, 8]},
			"faces": {
				"east": {"uv": [0, 3, 14, 5.25], "texture": "#1"},
				"west": {"uv": [0, 0, 14, 2.25], "texture": "#1"}
			}
		},
		{
			"from": [7.2925, 12.34926, 5.5626],
			"to": [8.6925, 13.74926, 6.9626],
			"rotation": {"angle": -22.5, "axis": "x", "origin": [8, 13.26642, 9.50212]},
			"faces": {
				"north": {"uv": [3.14286, 11.42857, 2.28571, 12.28571], "rotation": 270, "texture": "#2"},
				"east": {"uv": [0, 12.28571, 0.85714, 11.42857], "rotation": 270, "texture": "#2"},
				"south": {"uv": [4.28571, 12.28571, 3.42857, 11.42857], "rotation": 270, "texture": "#2"},
				"west": {"uv": [10.85714, 10, 11.71429, 9.14286], "rotation": 90, "texture": "#2"},
				"up": {"uv": [10.85714, 11.14286, 11.71429, 10.28571], "rotation": 180, "texture": "#2"},
				"down": {"uv": [1.14286, 12.28571, 2, 11.42857], "texture": "#2"}
			}
		},
		{
			"from": [7.5925, 5.44931, 4.75079],
			"to": [8.3925, 8.44931, 5.75079],
			"rotation": {"angle": -22.5, "axis": "x", "origin": [8, 8, 8]},
			"faces": {
				"north": {"uv": [4.57143, 11.42857, 5, 13.14286], "rotation": 180, "texture": "#2"},
				"east": {"uv": [10.28571, 5.14286, 10.85714, 6.85714], "rotation": 180, "texture": "#2"},
				"south": {"uv": [11.42857, 3.42857, 11.85714, 5.14286], "rotation": 180, "texture": "#2"},
				"west": {"uv": [10.28571, 3.42857, 10.85714, 5.14286], "rotation": 180, "texture": "#2"},
				"up": {"uv": [13.77778, 12.88889, 13.33333, 13.33333], "rotation": 90, "texture": "#2"},
				"down": {"uv": [13.77778, 12.88889, 13.33333, 12.44444], "rotation": 270, "texture": "#2"}
			}
		},
		{
			"from": [7.5925, 12.67855, 7.76052],
			"to": [8.3925, 13.47855, 9.76052],
			"rotation": {"angle": -22.5, "axis": "x", "origin": [8, 13.26642, 9.50212]},
			"faces": {
				"north": {"uv": [13.33333, 13.66667, 13.66667, 13.33333], "rotation": 90, "texture": "#2"},
				"east": {"uv": [13.14286, 1.71429, 14.28571, 2.14286], "texture": "#2"},
				"south": {"uv": [13.77778, 0, 14.11111, 0.33333], "rotation": 90, "texture": "#2"},
				"west": {"uv": [13.14286, 1.14286, 14.28571, 1.57143], "texture": "#2"},
				"up": {"uv": [14.28571, 2.71429, 13.14286, 2.28571], "rotation": 270, "texture": "#2"},
				"down": {"uv": [14.28571, 2.85714, 13.14286, 3.28571], "rotation": 90, "texture": "#2"}
			}
		},
		{
			"from": [7.5925, 7.55069, 4.75079],
			"to": [8.3925, 10.55069, 5.75079],
			"rotation": {"angle": 22.5, "axis": "x", "origin": [8, 8, 8]},
			"faces": {
				"north": {"uv": [9.71429, 11.42857, 10.14286, 13.14286], "texture": "#2"},
				"east": {"uv": [10.85714, 5.14286, 11.42857, 6.85714], "texture": "#2"},
				"south": {"uv": [10.28571, 11.42857, 10.71429, 13.14286], "texture": "#2"},
				"west": {"uv": [10.85714, 3.42857, 11.42857, 5.14286], "texture": "#2"},
				"up": {"uv": [13.77778, 13.33333, 13.33333, 12.88889], "rotation": 270, "texture": "#2"},
				"down": {"uv": [13.77778, 12.44444, 13.33333, 12.88889], "rotation": 90, "texture": "#2"}
			}
		},
		{
			"from": [7.4925, 12.53713, 6.90194],
			"to": [8.4925, 13.53713, 7.90194],
			"rotation": {"angle": -22.5, "axis": "x", "origin": [8, 13.26642, 9.50212]},
			"faces": {
				"north": {"uv": [7.42857, 13.71429, 6.85714, 14.28571], "rotation": 270, "texture": "#2"},
				"east": {"uv": [13.71429, 5.71429, 14.28571, 6.28571], "rotation": 270, "texture": "#2"},
				"south": {"uv": [14.28571, 6.85714, 13.71429, 6.28571], "rotation": 270, "texture": "#2"},
				"west": {"uv": [13.71429, 5.14286, 14.28571, 5.71429], "rotation": 90, "texture": "#2"},
				"up": {"uv": [5.71429, 13.71429, 6.28571, 14.28571], "rotation": 180, "texture": "#2"},
				"down": {"uv": [6.28571, 13.71429, 6.85714, 14.28571], "texture": "#2"}
			}
		},
		{
			"from": [7.5905, 12.65753, 9.63816],
			"to": [8.3955, 13.65753, 11.63816],
			"rotation": {"angle": 0, "axis": "y", "origin": [8, 13.26642, 9.50212]},
			"faces": {
				"north": {"uv": [11.61905, 5.65079, 11.87302, 5.39683], "rotation": 90, "texture": "#2"},
				"east": {"uv": [10.85714, 11.42857, 12, 12], "texture": "#2"},
				"south": {"uv": [11.61905, 5.50794, 11.87302, 5.7619], "rotation": 90, "texture": "#2"},
				"west": {"uv": [11.42857, 7.42857, 12.57143, 8], "texture": "#2"},
				"up": {"uv": [14.28571, 3.85714, 13.14286, 3.42857], "rotation": 270, "texture": "#2"},
				"down": {"uv": [14.28571, 4, 13.14286, 4.42857], "rotation": 90, "texture": "#2"}
			}
		},
		{
			"from": [7.3925, 11.67145, 10.92951],
			"to": [8.5925, 12.87145, 12.12951],
			"rotation": {"angle": -22.5, "axis": "x", "origin": [8, 13.26642, 9.50212]},
			"faces": {
				"north": {"uv": [5.14286, 12.57143, 5.85714, 13.28571], "texture": "#2"},
				"east": {"uv": [12.57143, 5.71429, 13.28571, 6.42857], "texture": "#2"},
				"south": {"uv": [6.28571, 12.57143, 7, 13.28571], "texture": "#2"},
				"west": {"uv": [12.57143, 4.57143, 13.28571, 5.28571], "texture": "#2"},
				"up": {"uv": [13.28571, 7.57143, 12.57143, 6.85714], "rotation": 270, "texture": "#2"},
				"down": {"uv": [8.14286, 12.57143, 7.42857, 13.28571], "rotation": 90, "texture": "#2"}
			}
		},
		{
			"from": [7.3925, 9.28395, 5.52108],
			"to": [8.5925, 10.48395, 6.72108],
			"rotation": {"angle": -45, "axis": "x", "origin": [8, 8, 8]},
			"faces": {
				"north": {"uv": [12, 11.42857, 12.71429, 12.14286], "texture": "#2"},
				"east": {"uv": [0, 12.57143, 0.71429, 13.28571], "texture": "#2"},
				"south": {"uv": [1.14286, 12.57143, 1.85714, 13.28571], "texture": "#2"},
				"west": {"uv": [10.85714, 12, 11.57143, 12.71429], "texture": "#2"},
				"up": {"uv": [3, 13.28571, 2.28571, 12.57143], "rotation": 270, "texture": "#2"},
				"down": {"uv": [4.14286, 12.57143, 3.42857, 13.28571], "rotation": 90, "texture": "#2"}
			}
		},
		{
			"from": [7.4425, 5.96879, 4.9787],
			"to": [8.5425, 7.06879, 6.1787],
			"rotation": {"angle": 22.5, "axis": "x", "origin": [8, 8, 8]},
			"faces": {
				"north": {"uv": [12.57143, 13.14286, 13.14286, 13.71429], "texture": "#2"},
				"east": {"uv": [13.14286, 9.14286, 13.85714, 9.71429], "texture": "#2"},
				"south": {"uv": [13.14286, 12.57143, 13.71429, 13.14286], "texture": "#2"},
				"west": {"uv": [13.14286, 8.57143, 13.85714, 9.14286], "texture": "#2"},
				"up": {"uv": [12.44444, 12.88889, 12.88889, 13.44444], "texture": "#2"},
				"down": {"uv": [11.57143, 13.14286, 10.85714, 13.71429], "rotation": 90, "texture": "#2"}
			}
		},
		{
			"from": [7.5425, 4.32643, 5.99465],
			"to": [8.4425, 5.42643, 7.09465],
			"rotation": {"angle": 45, "axis": "x", "origin": [8, 8, 8]},
			"faces": {
				"north": {"uv": [1.71429, 14.28571, 1.14286, 13.71429], "rotation": 90, "texture": "#2"},
				"east": {"uv": [0.57143, 13.71429, 1.14286, 14.28571], "rotation": 90, "texture": "#2"},
				"south": {"uv": [2.28571, 13.71429, 1.71429, 14.28571], "rotation": 90, "texture": "#2"},
				"west": {"uv": [13.14286, 13.14286, 13.71429, 13.71429], "rotation": 270, "texture": "#2"},
				"up": {"uv": [13.77778, 7.55556, 13.33333, 8], "rotation": 90, "texture": "#2"},
				"down": {"uv": [0, 13.71429, 0.57143, 14.28571], "rotation": 180, "texture": "#2"}
			}
		},
		{
			"from": [7.4425, 8.96948, 4.99455],
			"to": [8.5425, 10.06948, 6.19455],
			"rotation": {"angle": -22.5, "axis": "x", "origin": [8, 8, 8]},
			"faces": {
				"north": {"uv": [13.71429, 4.57143, 14.28571, 5.14286], "texture": "#2"},
				"east": {"uv": [13.14286, 10.28571, 13.85714, 10.85714], "texture": "#2"},
				"south": {"uv": [5.14286, 13.71429, 5.71429, 14.28571], "texture": "#2"},
				"west": {"uv": [13.14286, 9.71429, 13.85714, 10.28571], "texture": "#2"},
				"up": {"uv": [11.57143, 13.71429, 10.85714, 13.14286], "rotation": 270, "texture": "#2"},
				"down": {"uv": [13.33333, 0, 13.77778, 0.55556], "rotation": 180, "texture": "#2"}
			}
		},
		{
			"from": [7.5425, 10.60286, 6.02394],
			"to": [8.4425, 11.70286, 7.12394],
			"rotation": {"angle": -45, "axis": "x", "origin": [8, 8, 8]},
			"faces": {
				"north": {"uv": [2.85714, 13.71429, 3.42857, 14.28571], "texture": "#2"},
				"east": {"uv": [3.42857, 13.71429, 4, 14.28571], "texture": "#2"},
				"south": {"uv": [4, 13.71429, 4.57143, 14.28571], "texture": "#2"},
				"west": {"uv": [2.28571, 13.71429, 2.85714, 14.28571], "texture": "#2"},
				"up": {"uv": [5.14286, 14.28571, 4.57143, 13.71429], "rotation": 270, "texture": "#2"},
				"down": {"uv": [13.77778, 11.11111, 13.33333, 11.55556], "rotation": 90, "texture": "#2"}
			}
		},
		{
			"from": [7.9925, 4.88271, 0.84286],
			"to": [8.0225, 10.88271, 5.84286],
			"rotation": {"angle": 0, "axis": "y", "origin": [8, 8, 8]},
			"faces": {
				"north": {"uv": [0, 0, 0, 3.42857], "texture": "#2"},
				"east": {"uv": [2.85714, 8, 5.71429, 11.42857], "texture": "#2"},
				"south": {"uv": [0, 0, 0, 3.42857], "texture": "#2"},
				"west": {"uv": [0, 8, 2.85714, 11.42857], "texture": "#2"},
				"up": {"uv": [2.85714, 0, 0, 0], "rotation": 270, "texture": "#2"},
				"down": {"uv": [2.85714, 0, 0, 0], "rotation": 90, "texture": "#2"}
			}
		},
		{
			"from": [7.9925, 14.70635, 8.71264],
			"to": [8.0225, 17.70635, 11.71264],
			"rotation": {"angle": 45, "axis": "x", "origin": [8, 13.26642, 9.50212]},
			"faces": {
				"north": {"uv": [0, 1.71429, 0, 0], "texture": "#2"},
				"east": {"uv": [7.42857, 9.71429, 9.14286, 8], "texture": "#2"},
				"south": {"uv": [0, 1.71429, 0, 0], "texture": "#2"},
				"west": {"uv": [5.71429, 9.71429, 7.42857, 8], "texture": "#2"},
				"up": {"uv": [1.71429, 0, 0, 0], "rotation": 270, "texture": "#2"},
				"down": {"uv": [1.71429, 0, 0, 0], "rotation": 90, "texture": "#2"}
			}
		},
		{
			"from": [7.2925, 2.25074, 5.5626],
			"to": [8.6925, 3.65074, 6.9626],
			"rotation": {"angle": 22.5, "axis": "x", "origin": [8, 2.73358, 9.50212]},
			"faces": {
				"north": {"uv": [2.28571, 11.42857, 3.14286, 12.28571], "rotation": 270, "texture": "#2"},
				"east": {"uv": [0.85714, 12.28571, 0, 11.42857], "rotation": 270, "texture": "#2"},
				"south": {"uv": [3.42857, 12.28571, 4.28571, 11.42857], "rotation": 270, "texture": "#2"},
				"west": {"uv": [11.71429, 10, 10.85714, 9.14286], "rotation": 90, "texture": "#2"},
				"up": {"uv": [1.14286, 11.42857, 2, 12.28571], "texture": "#2"},
				"down": {"uv": [10.85714, 10.28571, 11.71429, 11.14286], "rotation": 180, "texture": "#2"}
			}
		},
		{
			"from": [7.4925, 2.46287, 6.90194],
			"to": [8.4925, 3.46287, 7.90194],
			"rotation": {"angle": 22.5, "axis": "x", "origin": [8, 2.73358, 9.50212]},
			"faces": {
				"north": {"uv": [6.85714, 13.71429, 7.42857, 14.28571], "rotation": 270, "texture": "#2"},
				"east": {"uv": [14.28571, 5.71429, 13.71429, 6.28571], "rotation": 270, "texture": "#2"},
				"south": {"uv": [13.71429, 6.85714, 14.28571, 6.28571], "rotation": 270, "texture": "#2"},
				"west": {"uv": [14.28571, 5.14286, 13.71429, 5.71429], "rotation": 90, "texture": "#2"},
				"up": {"uv": [6.28571, 14.28571, 6.85714, 13.71429], "texture": "#2"},
				"down": {"uv": [5.71429, 14.28571, 6.28571, 13.71429], "rotation": 180, "texture": "#2"}
			}
		},
		{
			"from": [7.5925, 2.52145, 7.76052],
			"to": [8.3925, 3.32145, 9.76052],
			"rotation": {"angle": 22.5, "axis": "x", "origin": [8, 2.73358, 9.50212]},
			"faces": {
				"north": {"uv": [13.66667, 13.66667, 13.33333, 13.33333], "rotation": 90, "texture": "#2"},
				"east": {"uv": [13.14286, 2.14286, 14.28571, 1.71429], "texture": "#2"},
				"south": {"uv": [14.11111, 0, 13.77778, 0.33333], "rotation": 90, "texture": "#2"},
				"west": {"uv": [13.14286, 1.57143, 14.28571, 1.14286], "texture": "#2"},
				"up": {"uv": [13.14286, 2.85714, 14.28571, 3.28571], "rotation": 90, "texture": "#2"},
				"down": {"uv": [13.14286, 2.71429, 14.28571, 2.28571], "rotation": 270, "texture": "#2"}
			}
		},
		{
			"from": [7.3925, 3.12855, 10.92951],
			"to": [8.5925, 4.32855, 12.12951],
			"rotation": {"angle": 22.5, "axis": "x", "origin": [8, 2.73358, 9.50212]},
			"faces": {
				"north": {"uv": [5.14286, 13.28571, 5.85714, 12.57143], "texture": "#2"},
				"east": {"uv": [12.57143, 6.42857, 13.28571, 5.71429], "texture": "#2"},
				"south": {"uv": [6.28571, 13.28571, 7, 12.57143], "texture": "#2"},
				"west": {"uv": [12.57143, 5.28571, 13.28571, 4.57143], "texture": "#2"},
				"up": {"uv": [7.42857, 12.57143, 8.14286, 13.28571], "rotation": 90, "texture": "#2"},
				"down": {"uv": [12.57143, 7.57143, 13.28571, 6.85714], "rotation": 270, "texture": "#2"}
			}
		},
		{
			"from": [7.5905, 2.34247, 9.63816],
			"to": [8.3955, 3.34247, 11.63816],
			"rotation": {"angle": 0, "axis": "y", "origin": [8, 2.73358, 9.50212]},
			"faces": {
				"north": {"uv": [11.87302, 5.65079, 11.61905, 5.39683], "rotation": 90, "texture": "#2"},
				"east": {"uv": [10.85714, 12, 12, 11.42857], "texture": "#2"},
				"south": {"uv": [11.87302, 5.50794, 11.61905, 5.7619], "rotation": 90, "texture": "#2"},
				"west": {"uv": [11.42857, 8, 12.57143, 7.42857], "texture": "#2"},
				"up": {"uv": [13.14286, 4, 14.28571, 4.42857], "rotation": 90, "texture": "#2"},
				"down": {"uv": [13.14286, 3.85714, 14.28571, 3.42857], "rotation": 270, "texture": "#2"}
			}
		},
		{
			"from": [7.9925, -1.70635, 8.71264],
			"to": [8.0225, 1.29365, 11.71264],
			"rotation": {"angle": -45, "axis": "x", "origin": [8, 2.73358, 9.50212]},
			"faces": {
				"north": {"uv": [0, 0, 0, 1.71429], "texture": "#2"},
				"east": {"uv": [7.42857, 8, 9.14286, 9.71429], "texture": "#2"},
				"south": {"uv": [0, 0, 0, 1.71429], "texture": "#2"},
				"west": {"uv": [5.71429, 8, 7.42857, 9.71429], "texture": "#2"},
				"up": {"uv": [0, 0, 1.71429, 0], "rotation": 90, "texture": "#2"},
				"down": {"uv": [0, 0, 1.71429, 0], "rotation": 270, "texture": "#2"}
			}
		},
		{
			"from": [7.9925, 3.33228, 5.41312],
			"to": [8.0225, 6.33228, 8.41312],
			"rotation": {"angle": 22.5, "axis": "x", "origin": [8, 8, 8]},
			"faces": {
				"north": {"uv": [0, 0, 0, 1.71429], "texture": "#2"},
				"east": {"uv": [5.71429, 9.71429, 7.42857, 11.42857], "texture": "#2"},
				"south": {"uv": [0, 0, 0, 1.71429], "texture": "#2"},
				"west": {"uv": [9.14286, 8, 10.85714, 9.71429], "texture": "#2"},
				"up": {"uv": [1.71429, 0, 0, 0], "rotation": 270, "texture": "#2"},
				"down": {"uv": [1.71429, 0, 0, 0], "rotation": 90, "texture": "#2"}
			}
		},
		{
			"from": [7.9925, 9.66772, 5.41312],
			"to": [8.0225, 12.66772, 8.41312],
			"rotation": {"angle": -22.5, "axis": "x", "origin": [8, 8, 8]},
			"faces": {
				"north": {"uv": [0, 0, 0, 1.71429], "texture": "#2"},
				"east": {"uv": [10.28571, 1.71429, 12, 3.42857], "texture": "#2"},
				"south": {"uv": [0, 0, 0, 1.71429], "texture": "#2"},
				"west": {"uv": [10.28571, 0, 12, 1.71429], "texture": "#2"},
				"up": {"uv": [1.71429, 0, 0, 0], "rotation": 270, "texture": "#2"},
				"down": {"uv": [1.71429, 0, 0, 0], "rotation": 90, "texture": "#2"}
			}
		},
		{
			"from": [7.9925, 1, 8.15714],
			"to": [8.0225, 15, 17.15714],
			"rotation": {"angle": 0, "axis": "y", "origin": [8, 8, 8]},
			"faces": {
				"north": {"uv": [0, 0, 0, 8], "texture": "#2"},
				"east": {"uv": [5.14286, 0, 10.28571, 8], "texture": "#2"},
				"south": {"uv": [0, 0, 0, 8], "texture": "#2"},
				"west": {"uv": [0, 0, 5.14286, 8], "texture": "#2"},
				"up": {"uv": [5.14286, 0, 0, 0], "rotation": 270, "texture": "#2"},
				"down": {"uv": [5.14286, 0, 0, 0], "rotation": 90, "texture": "#2"}
			}
		}
	],
	"gui_light": "front",
	"display": {
		"thirdperson_righthand": {
			"translation": [0, -2.25, 3.5],
			"scale": [1.4, 1.4, 1.4]
		},
		"thirdperson_lefthand": {
			"translation": [0, -2.25, 3.5],
			"scale": [1.4, 1.4, 1.4]
		},
		"firstperson_righthand": {
			"rotation": [0.15, 3.7, 2],
			"translation": [2.5, 6.25, 2.5]
		},
		"firstperson_lefthand": {
			"rotation": [0.15, 3.7, 2],
			"translation": [2.5, 6.25, 2.5]
		},
		"ground": {
			"rotation": [0, 0, -45],
			"translation": [0, 6, 0]
		},
		"gui": {
			"rotation": [90, 45, -90],
			"translation": [-1.5, 2, 0]
		},
		"head": {
			"translation": [0, 8.75, 0],
			"scale": [0, 0, 0]
		},
		"fixed": {
			"rotation": [0, -90, 0],
			"translation": [0, 1.75, -1],
			"scale": [2, 2, 2]
		}
	},
	"groups": [
		{
			"name": "arrow",
			"origin": [0.5, 7, 6.9925],
			"color": 0,
			"children": [0, 1]
		},
		{
			"name": "bow",
			"origin": [2.74286, 2.5, 7.9925],
			"color": 0,
			"children": [2, 3, 4, 5, 6, 7, 8, 9, 10, 11, 12, 13, 14, 15, 16, 17, 18, 19, 20, 21, 22, 23, 24]
		}
	]
}