{"textures​":{"layer0":"minecraft:item/cherry_fence"},"credit":"Made by Yassou, discord: Yassou#0001 mail : miss.yas.mc@gmail.com","texture_size":[64,64],"\u0074\u0065\u0078\u0074\u0075\u0072\u0065\u0073":{"2":"\u0070\u0061\u0072\u006b_\u0070\u006c\u0075\u0073:\u006c\u0061\u006e\u0074\u0065\u0072\u006e_\u0070\u006c\u0075\u0073","\u0070\u0061\u0072\u0074\u0069\u0063\u006c\u0065":"#2"},"elements":[{"from":[6,4,6],"to":[10,28,10],"faces":{"north":{"uv":[0,0,1,6],"texture":"#2"},"east":{"uv":[1,0,2,6],"texture":"#2"},"south":{"uv":[2,0,3,6],"texture":"#2"},"west":{"uv":[3,0,4,6],"texture":"#2"},"up":{"uv":[6,9,5,8],"texture":"#2"},"down":{"uv":[7,8,6,9],"texture":"#2"}}},{"from":[6.5,28,10],"to":[9.5,31,24],"rotation":{"angle":0,"axis":"y","origin":[0,3,0]},"faces":{"north":{"uv":[3,6,3.75,6.75],"texture":"#2"},"east":{"uv":[4,0,7.5,0.75],"texture":"#2"},"south":{"uv":[2.25,9,3,9.75],"texture":"#2"},"west":{"uv":[4,0.75,7.5,1.5],"texture":"#2"},"up":{"uv":[4.75,5,4,1.5],"texture":"#2"},"down":{"uv":[5.5,1.5,4.75,5],"texture":"#2"}}},{"from":[6.5,24,14],"to":[9.5,28,17],"rotation":{"angle":0,"axis":"y","origin":[0,3,0]},"faces":{"north":{"uv":[8,7,8.75,8],"texture":"#2"},"east":{"uv":[8,8,8.75,9],"texture":"#2"},"south":{"uv":[0,8.5,0.75,9.5],"texture":"#2"},"west":{"uv":[0.75,8.5,1.5,9.5],"texture":"#2"},"up":{"uv":[3.75,9.75,3,9],"texture":"#2"},"down":{"uv":[9.75,3,9,3.75],"texture":"#2"}}},{"from":[6.5,21,10],"to":[9.5,24,17],"rotation":{"angle":0,"axis":"y","origin":[0,3,0]},"faces":{"north":{"uv":[3.75,9,4.5,9.75],"texture":"#2"},"east":{"uv":[7,1.5,8.75,2.25],"texture":"#2"},"south":{"uv":[9,3.75,9.75,4.5],"texture":"#2"},"west":{"uv":[7,2.25,8.75,3],"texture":"#2"},"up":{"uv":[7.75,4.75,7,3],"texture":"#2"},"down":{"uv":[7.75,4.75,7,6.5],"texture":"#2"}}},{"from":[6.5,19.6,21.5],"to":[9.5,23.6,21.5],"rotation":{"angle":45,"axis":"y","origin":[8,15.5,21.5]},"faces":{"north":{"uv":[1.5,8.5,2.25,9.5],"texture":"#2"},"east":{"uv":[0,0,0,1],"texture":"#2"},"south":{"uv":[8.75,0,9.5,1],"texture":"#2"},"west":{"uv":[0,0,0,1],"texture":"#2"},"up":{"uv":[0.75,0,0,0],"texture":"#2"},"down":{"uv":[0.75,0,0,0],"texture":"#2"}}},{"from":[6.5,24.6,21.5],"to":[9.5,28.6,21.5],"rotation":{"angle":45,"axis":"y","origin":[8,15.5,21.5]},"faces":{"north":{"uv":[8.75,7,9.5,8],"texture":"#2"},"east":{"uv":[0,0,0,1],"texture":"#2"},"south":{"uv":[8.75,8,9.5,9],"texture":"#2"},"west":{"uv":[0,0,0,1],"texture":"#2"},"up":{"uv":[0.75,0,0,0],"texture":"#2"},"down":{"uv":[0.75,0,0,0],"texture":"#2"}}},{"from":[8,22.6,20],"to":[8,26.6,23],"rotation":{"angle":45,"axis":"y","origin":[8,21.1,21.5]},"faces":{"north":{"uv":[0,0,0,1],"texture":"#2"},"east":{"uv":[8.75,1,9.5,2],"texture":"#2"},"south":{"uv":[0,0,0,1],"texture":"#2"},"west":{"uv":[8.75,2,9.5,3],"texture":"#2"},"up":{"uv":[0,0.75,0,0],"texture":"#2"},"down":{"uv":[0,0,0,0.75],"texture":"#2"}}},{"from":[6,17.6,19.5],"to":[10,19.6,23.5],"rotation":{"angle":0,"axis":"y","origin":[0,3,0]},"faces":{"north":{"uv":[7.5,1,8.5,1.5],"texture":"#2"},"east":{"uv":[4.5,9,5.5,9.5],"texture":"#2"},"south":{"uv":[9,4.5,10,5],"texture":"#2"},"west":{"uv":[9,5,10,5.5],"texture":"#2"},"up":{"uv":[9,7,8,6],"texture":"#2"},"down":{"uv":[8,8,7,9],"texture":"#2"}}},{"from":[5,10.6,18.5],"to":[11,17.6,24.5],"rotation":{"angle":0,"axis":"y","origin":[0,3,0]},"faces":{"north":{"uv":[4,5,5.5,6.75],"texture":"#2"},"east":{"uv":[5.5,1.5,7,3.25],"texture":"#2"},"south":{"uv":[5.5,3.25,7,5],"texture":"#2"},"west":{"uv":[5.5,5,7,6.75],"texture":"#2"},"up":{"uv":[1.5,7.5,0,6],"texture":"#2"},"down":{"uv":[3,6,1.5,7.5],"texture":"#2"}}},{"from":[5.5,0,5.5],"to":[10.5,4,10.5],"faces":{"north":{"uv":[0,7.5,1.25,8.5],"texture":"#2"},"east":{"uv":[7.5,0,8.75,1],"texture":"#2"},"south":{"uv":[1.25,7.5,2.5,8.5],"texture":"#2"},"west":{"uv":[7.75,3,9,4],"texture":"#2"},"up":{"uv":[4.25,8,3,6.75],"texture":"#2"},"down":{"uv":[5.5,6.75,4.25,8],"texture":"#2"}}},{"from":[5.5,28,5.5],"to":[10.5,32,10.5],"faces":{"north":{"uv":[7.75,4,9,5],"texture":"#2"},"east":{"uv":[7.75,5,9,6],"texture":"#2"},"south":{"uv":[2.5,8,3.75,9],"texture":"#2"},"west":{"uv":[3.75,8,5,9],"texture":"#2"},"up":{"uv":[6.75,8,5.5,6.75],"texture":"#2"},"down":{"uv":[8,6.75,6.75,8],"texture":"#2"}}}],"display":{"thirdperson_righthand":{"rotation":[60,-160,0],"translation":[0,0.75,0.25],"scale":[0.35586,0.35586,0.35586]},"thirdperson_lefthand":{"rotation":[60,-160,0],"translation":[0,0.75,0.25],"scale":[0.35586,0.35586,0.35586]},"firstperson_righthand":{"rotation":[0,-73,6],"translation":[3.25,0.5,0],"scale":[0.19492,0.19492,0.19492]},"firstperson_lefthand":{"rotation":[0,-73,6],"translation":[3.25,0.5,0],"scale":[0.19492,0.19492,0.19492]},"ground":{"translation":[0,1.5,0],"scale":[0.35,0.35,0.35]},"gui":{"rotation":[30,-40,0],"translation":[2,-3.25,0],"scale":[0.45,0.45,0.45]},"head":{"translation":[0,-30.4,0],"scale":[1.6,1.6,1.6]},"fixed":{"rotation":[-90,-180,0],"translation":[0,0,-15],"scale":[2,2,2]}}}