{"textures​":{"1":"\u0077\u0069\u007a\u0061\u0072\u0064_\u0068\u0061\u0074:\u0077\u0069\u007a\u0061\u0072\u0064_\u0068\u0061\u0074/\u0077\u0069\u007a\u0061\u0072\u00641","\u0070\u0061\u0072\u0074\u0069\u0063\u006c\u0065":"\u0077\u0069\u007a\u0061\u0072\u0064_\u0068\u0061\u0074:\u0077\u0069\u007a\u0061\u0072\u0064_\u0068\u0061\u0074/\u0077\u0069\u007a\u0061\u0072\u00641"},"credit":"Made by kron","texture_size":[128,128],"\u0074\u0065\u0078\u0074\u0075\u0072\u0065\u0073":{"1":"\u0077\u0069\u007a\u0061\u0072\u0064_\u0068\u0061\u0074:\u0077\u0069\u007a\u0061\u0072\u0064_\u0068\u0061\u0074/\u0077\u0069\u007a\u0061\u0072\u00641","\u0070\u0061\u0072\u0074\u0069\u0063\u006c\u0065":"\u0077\u0069\u007a\u0061\u0072\u0064_\u0068\u0061\u0074:\u0077\u0069\u007a\u0061\u0072\u0064_\u0068\u0061\u0074/\u0077\u0069\u007a\u0061\u0072\u00641"},"elements":[{"from":[2,0,-9.7],"to":[14,0,30.3],"rotation":{"angle":0,"axis":"y","origin":[8.35033,19.57548,10]},"faces":{"north":{"uv":[0,0,1.5,0],"texture":"#1"},"east":{"uv":[0,0,5,0],"texture":"#1"},"south":{"uv":[0,0,1.5,0],"texture":"#1"},"west":{"uv":[0,0,5,0],"texture":"#1"},"up":{"uv":[1.5,5,0,0],"texture":"#1"},"down":{"uv":[1.5,0,0,5],"texture":"#1"}}},{"from":[1.65033,0.8,4.35033],"to":[14.35033,13.8,16.15033],"rotation":{"angle":0,"axis":"y","origin":[8.35033,20.37548,10]},"faces":{"north":{"uv":[6.625,3.5,8.1875,5.125],"texture":"#1"},"east":{"uv":[6.625,6.75,8.125,8.375],"texture":"#1"},"south":{"uv":[6.625,5.125,8.1875,6.75],"texture":"#1"},"west":{"uv":[8.125,6.75,6.625,8.375],"texture":"#1"},"up":{"uv":[9.5625,3.125,8,1.625],"texture":"#1"},"down":{"uv":[9.6875,6.75,8.125,8.25],"texture":"#1"}}},{"from":[1.6241,-3.38576,10.03137],"to":[14.3759,4.61424,14.03137],"rotation":{"angle":22.5,"axis":"x","origin":[8.30519,19.81533,11.82013]},"faces":{"north":{"uv":[9.625,1.25,11.25,2.25],"texture":"#1"},"east":{"uv":[11.25,1.25,11.75,2.25],"texture":"#1"},"south":{"uv":[9.625,2.25,11.25,3.25],"texture":"#1"},"west":{"uv":[11.25,2.25,11.75,3.25],"texture":"#1"},"up":{"uv":[12.5,10.75,10.875,10.25],"texture":"#1"},"down":{"uv":[12.5,10.75,10.875,11.25],"texture":"#1"}}},{"from":[19.76592,0.16604,-9.7],"to":[27.46592,0.16604,30.3],"rotation":{"angle":-22.5,"axis":"z","origin":[19.61559,-1.25848,10]},"faces":{"north":{"uv":[0,0,0.9375,0],"texture":"#1"},"east":{"uv":[0,0,5,0],"texture":"#1"},"south":{"uv":[0,0,0.9375,0],"texture":"#1"},"west":{"uv":[0,0,5,0],"texture":"#1"},"up":{"uv":[0.9375,10,0,5],"texture":"#1"},"down":{"uv":[1.9375,5,1,10],"texture":"#1"}}},{"from":[2.6,12.13849,7.29671],"to":[13.4,22.13849,18.19671],"rotation":{"angle":22.5,"axis":"x","origin":[8.35033,20.37548,10]},"faces":{"north":{"uv":[8.125,8.25,9.5,9.5],"texture":"#1"},"east":{"uv":[6.625,8.375,8,9.625],"texture":"#1"},"south":{"uv":[9.5,0,10.875,1.25],"texture":"#1"},"west":{"uv":[8,9.5,9.375,10.75],"texture":"#1"},"up":{"uv":[9.625,4.5,8.25,3.125],"texture":"#1"},"down":{"uv":[9.625,4.5,8.25,5.875],"texture":"#1"}}},{"from":[3.7,15.83363,9.33513],"to":[12.3,23.53363,19.33513],"rotation":{"angle":-22.5,"axis":"x","origin":[8.35033,20.37548,10]},"faces":{"north":{"uv":[4.125,10.75,5.1875,11.6875],"texture":"#1"},"east":{"uv":[9.75,7.25,11,8.1875],"texture":"#1"},"south":{"uv":[5.25,10.75,6.3125,11.6875],"texture":"#1"},"west":{"uv":[2.875,10,4.125,10.9375],"texture":"#1"},"up":{"uv":[7.6875,10.875,6.625,9.625],"texture":"#1"},"down":{"uv":[1.0625,10,0,11.25],"texture":"#1"}}},{"from":[4.7,23.36047,14.33513],"to":[11.3,28.86047,26.33513],"rotation":{"angle":22.5,"axis":"x","origin":[8.35033,20.37548,10]},"faces":{"north":{"uv":[5.625,10,6.4375,10.6875],"texture":"#1"},"east":{"uv":[4.125,10,5.625,10.6875],"texture":"#1"},"south":{"uv":[10,11,10.8125,11.6875],"texture":"#1"},"west":{"uv":[9.375,10.25,10.875,10.9375],"texture":"#1"},"up":{"uv":[1.9375,11.5,1.125,10],"texture":"#1"},"down":{"uv":[2.8125,10,2,11.5],"texture":"#1"}}},{"from":[5.7,6.82459,23.65047],"to":[10.3,14.82459,26.55047],"rotation":{"angle":-22.5,"axis":"x","origin":[8.35033,20.37548,10]},"faces":{"north":{"uv":[3.375,11,3.9375,12],"texture":"#1"},"east":{"uv":[7.375,10.875,7.75,11.875],"texture":"#1"},"south":{"uv":[9.375,11,9.9375,12],"texture":"#1"},"west":{"uv":[11.25,5.875,11.625,6.875],"texture":"#1"},"up":{"uv":[11.8125,7.25,11.25,6.875],"texture":"#1"},"down":{"uv":[1.9375,11.5,1.375,11.875],"texture":"#1"}}},{"from":[6.7,8.57237,27.80022],"to":[9.3,14.57237,30.20022],"rotation":{"angle":0,"axis":"y","origin":[8.35033,20.37548,10]},"faces":{"north":{"uv":[9,11.25,9.3125,12],"texture":"#1"},"east":{"uv":[10.875,11.25,11.1875,12],"texture":"#1"},"south":{"uv":[11.25,11.25,11.5625,12],"texture":"#1"},"west":{"uv":[1,11.5,1.3125,12.25],"texture":"#1"},"up":{"uv":[5.8125,12.0625,5.5,11.75],"texture":"#1"},"down":{"uv":[6.1875,11.75,5.875,12.0625],"texture":"#1"}}},{"from":[14,0,-9.7],"to":[20.3,0,30.3],"rotation":{"angle":0,"axis":"y","origin":[7.74967,19.57548,10]},"faces":{"north":{"uv":[0,0,0.8125,0],"texture":"#1"},"east":{"uv":[0,0,5,0],"texture":"#1"},"south":{"uv":[0,0,0.8125,0],"texture":"#1"},"west":{"uv":[0,0,5,0],"texture":"#1"},"up":{"uv":[4.8125,10,4,5],"texture":"#1"},"down":{"uv":[5.6875,5,4.875,10],"texture":"#1"}}},{"from":[-4.3,0,-9.7],"to":[2,0,30.3],"rotation":{"angle":0,"axis":"y","origin":[8.25033,19.57548,10]},"faces":{"north":{"uv":[0,0,0.8125,0],"texture":"#1"},"east":{"uv":[0,0,5,0],"texture":"#1"},"south":{"uv":[0,0,0.8125,0],"texture":"#1"},"west":{"uv":[0,0,5,0],"texture":"#1"},"up":{"uv":[6.0625,5,5.25,0],"texture":"#1"},"down":{"uv":[6.0625,0,5.25,5],"texture":"#1"}}},{"from":[-13.05203,0.31123,-9.7],"to":[-5.35203,0.31123,30.3],"rotation":{"angle":-45,"axis":"z","origin":[-5.2017,-1.1133,10]},"faces":{"north":{"uv":[0,0,0.9375,0],"texture":"#1"},"east":{"uv":[0,0,5,0],"texture":"#1"},"south":{"uv":[0,0,0.9375,0],"texture":"#1"},"west":{"uv":[0,0,5,0],"texture":"#1"},"up":{"uv":[2.9375,10,2,5],"texture":"#1"},"down":{"uv":[2.9375,5,2,10],"texture":"#1"}}},{"from":[4.65216,-3.46378,4.35033],"to":[8.55216,4.53622,16.15033],"rotation":{"angle":22.5,"axis":"z","origin":[6.63863,20.13502,10]},"faces":{"north":{"uv":[11.125,4.375,11.625,5.375],"texture":"#1"},"east":{"uv":[9.625,3.25,11.125,4.25],"texture":"#1"},"south":{"uv":[11.125,8.25,11.625,9.25],"texture":"#1"},"west":{"uv":[9.625,4.25,11.125,5.25],"texture":"#1"},"up":{"uv":[6.625,5,6.125,3.5],"texture":"#1"},"down":{"uv":[6.875,10.875,6.375,12.375],"texture":"#1"}}},{"from":[1.6241,15.1428,19.92357],"to":[14.3759,19.1428,27.92357],"rotation":{"angle":45,"axis":"x","origin":[8.30519,17.35404,2.72248]},"faces":{"north":{"uv":[7.75,10.75,9.375,11.25],"texture":"#1"},"east":{"uv":[11.125,5.375,12.125,5.875],"texture":"#1"},"south":{"uv":[10.875,0.75,12.5,1.25],"texture":"#1"},"west":{"uv":[11.125,9.25,12.125,9.75],"texture":"#1"},"up":{"uv":[11.125,9.25,9.5,8.25],"texture":"#1"},"down":{"uv":[11.125,9.25,9.5,10.25],"texture":"#1"}}},{"from":[7.44784,-3.46378,4.35033],"to":[11.34784,4.53622,16.15033],"rotation":{"angle":-22.5,"axis":"z","origin":[9.36137,20.13502,10]},"faces":{"north":{"uv":[0,11.25,0.5,12.25],"texture":"#1"},"east":{"uv":[9.625,5.25,11.125,6.25],"texture":"#1"},"south":{"uv":[0.5,11.25,1,12.25],"texture":"#1"},"west":{"uv":[9.75,6.25,11.25,7.25],"texture":"#1"},"up":{"uv":[7.375,12.375,6.875,10.875],"texture":"#1"},"down":{"uv":[3.375,11,2.875,12.5],"texture":"#1"}}},{"from":[0.65033,3.8,3.35033],"to":[15.35033,6.8,17.15033],"rotation":{"angle":0,"axis":"y","origin":[8.35033,20.37548,10]},"faces":{"north":{"uv":[11,7.875,12.8125,8.25],"texture":"#1"},"east":{"uv":[11.125,3.625,12.875,4],"texture":"#1"},"south":{"uv":[11.125,3.25,12.9375,3.625],"texture":"#1"},"west":{"uv":[11.125,4,12.875,4.375],"texture":"#1"},"up":{"uv":[7.9375,1.75,6.125,0],"texture":"#1"},"down":{"uv":[7.9375,1.75,6.125,3.5],"texture":"#1"}}},{"from":[5.65033,4.8,1.35033],"to":[10.35033,9.8,3.15033],"rotation":{"angle":0,"axis":"y","origin":[8.35033,20.37548,10]},"faces":{"north":{"uv":[7.75,11.25,8.3125,11.875],"texture":"#1"},"east":{"uv":[7.75,9.625,8,10.25],"texture":"#1"},"south":{"uv":[8.375,11.25,8.9375,11.875],"texture":"#1"},"west":{"uv":[2.5,11.5,2.75,12.125],"texture":"#1"},"up":{"uv":[8.8125,6.75,8.25,6.5],"texture":"#1"},"down":{"uv":[9.4375,6.5,8.875,6.75],"texture":"#1"}}},{"from":[2.25604,6.16698,1.3],"to":[5.57945,9.49038,3.2],"rotation":{"angle":45,"axis":"z","origin":[3.57945,13.74246,10]},"faces":{"north":{"uv":[2,11.5,2.4375,11.9375],"texture":"#1"},"east":{"uv":[9.5,6.25,9.75,6.6875],"texture":"#1"},"south":{"uv":[11.625,4.375,12.0625,4.8125],"texture":"#1"},"west":{"uv":[7.75,10.25,8,10.6875],"texture":"#1"},"up":{"uv":[12.1875,3,11.75,2.75],"texture":"#1"},"down":{"uv":[12.1875,3,11.75,3.25],"texture":"#1"}}},{"from":[2.25604,1.16698,1.3],"to":[5.57945,4.49038,3.2],"rotation":{"angle":45,"axis":"z","origin":[3.57945,8.74246,10.10066]},"faces":{"north":{"uv":[11.625,4.875,12.0625,5.3125],"texture":"#1"},"east":{"uv":[4,11.75,4.25,12.1875],"texture":"#1"},"south":{"uv":[11.625,5.875,12.0625,6.3125],"texture":"#1"},"west":{"uv":[4.25,11.75,4.5,12.1875],"texture":"#1"},"up":{"uv":[4.9375,12,4.5,11.75],"texture":"#1"},"down":{"uv":[5.4375,11.75,5,12],"texture":"#1"}}},{"from":[10.35033,4.8,1.95033],"to":[13.35033,7.8,3.15033],"rotation":{"angle":0,"axis":"y","origin":[8.35033,20.37548,10]},"faces":{"north":{"uv":[11.75,1.25,12.125,1.625],"texture":"#1"},"east":{"uv":[8,8.375,8.125,8.75],"texture":"#1"},"south":{"uv":[11.75,1.625,12.125,2],"texture":"#1"},"west":{"uv":[8,8.75,8.125,9.125],"texture":"#1"},"up":{"uv":[3.75,12.125,3.375,12],"texture":"#1"},"down":{"uv":[4.875,12,4.5,12.125],"texture":"#1"}}},{"from":[-1.64967,4.8,3.15033],"to":[17.65033,7.8,3.15033],"rotation":{"angle":0,"axis":"y","origin":[8.35033,20.37548,10]},"faces":{"north":{"uv":[10.875,0,13.3125,0.375],"texture":"#1"},"east":{"uv":[0,0,0,0.375],"texture":"#1"},"south":{"uv":[10.875,0.375,13.3125,0.75],"texture":"#1"},"west":{"uv":[0,0,0,0.375],"texture":"#1"},"up":{"uv":[2.4375,0,0,0],"texture":"#1"},"down":{"uv":[2.4375,0,0,0],"texture":"#1"}}},{"from":[3.35033,7.8,3.15033],"to":[12.65033,12.8,3.15033],"rotation":{"angle":0,"axis":"y","origin":[8.35033,20.37548,10]},"faces":{"north":{"uv":[8.25,5.875,9.4375,6.5],"texture":"#1"},"east":{"uv":[0,0,0,0.625],"texture":"#1"},"south":{"uv":[11,7.25,12.1875,7.875],"texture":"#1"},"west":{"uv":[0,0,0,0.625],"texture":"#1"},"up":{"uv":[1.1875,0,0,0],"texture":"#1"},"down":{"uv":[1.1875,0,0,0],"texture":"#1"}}},{"from":[6.7,3.53683,29.27868],"to":[9.3,7.53683,31.87868],"rotation":{"angle":45,"axis":"x","origin":[8.35033,5.87548,30]},"faces":{"north":{"uv":[11.625,6.375,11.9375,6.875],"texture":"#1"},"east":{"uv":[11.625,8.25,11.9375,8.75],"texture":"#1"},"south":{"uv":[11.625,8.75,11.9375,9.25],"texture":"#1"},"west":{"uv":[11.9375,8.25,11.625,8.75],"texture":"#1"},"up":{"uv":[10.3125,12.0625,10,11.75],"texture":"#1"},"down":{"uv":[10.6875,11.75,10.375,12.0625],"texture":"#1"}}},{"from":[6.7,5.31846,27.80982],"to":[9.3,6.71846,30.40982],"rotation":{"angle":-45,"axis":"x","origin":[8.35033,5.0571,28.53114]},"faces":{"north":{"uv":[7.625,11.875,7.9375,12.0625],"texture":"#1"},"east":{"uv":[8,11.875,8.3125,12.0625],"texture":"#1"},"south":{"uv":[8.375,11.875,8.6875,12.0625],"texture":"#1"},"west":{"uv":[8.3125,11.875,8,12.0625],"texture":"#1"},"up":{"uv":[11.9375,12.0625,11.625,11.75],"texture":"#1"},"down":{"uv":[1.6875,11.875,1.375,12.1875],"texture":"#1"}}},{"from":[7,0.67237,23.10022],"to":[9,3.67237,24.40022],"rotation":{"angle":-22.5,"axis":"x","origin":[8.35033,20.37548,10]},"faces":{"north":{"uv":[8,3.125,8.25,3.5],"texture":"#1"},"east":{"uv":[11.875,6.875,12.0625,7.25],"texture":"#1"},"south":{"uv":[1.75,11.875,2,12.25],"texture":"#1"},"west":{"uv":[7.375,11.875,7.5625,12.25],"texture":"#1"},"up":{"uv":[9,12.0625,8.75,11.875],"texture":"#1"},"down":{"uv":[4,12,3.75,12.1875],"texture":"#1"}}},{"from":[2.65033,4.8,1.95033],"to":[5.65033,7.8,3.15033],"rotation":{"angle":0,"axis":"y","origin":[8.35033,20.37548,10]},"faces":{"north":{"uv":[11.75,2,12.125,2.375],"texture":"#1"},"east":{"uv":[8,9.125,8.125,9.5],"texture":"#1"},"south":{"uv":[11.75,2.375,12.125,2.75],"texture":"#1"},"west":{"uv":[9.5,1.25,9.625,1.625],"texture":"#1"},"up":{"uv":[5.25,12.125,4.875,12],"texture":"#1"},"down":{"uv":[12.375,6.375,12,6.5],"texture":"#1"}}},{"from":[-1.03737,-1.1,1],"to":[17.03737,-0.03516,20.6],"faces":{"north":{"uv":[11.125,10,13.375,10.125],"texture":"#1"},"east":{"uv":[11.125,9.75,13.5625,9.875],"texture":"#1"},"south":{"uv":[11.125,10.125,13.375,10.25],"texture":"#1"},"west":{"uv":[11.125,9.875,13.5625,10],"texture":"#1"},"up":{"uv":[5.25,2.4375,3,0],"texture":"#1"},"down":{"uv":[5.25,2.5,3,4.9375],"texture":"#1"}}}],"gui_light":"front","display":{"thirdperson_righthand":{"rotation":[47,0,0],"translation":[0,2,-0.5],"scale":[0.32,0.32,0.32]},"thirdperson_lefthand":{"rotation":[47,0,0],"translation":[0,2,-0.5],"scale":[0.32,0.32,0.32]},"firstperson_righthand":{"rotation":[0,112,0],"translation":[0,4.25,0],"scale":[0.38,0.38,0.38]},"ground":{"translation":[0,2.5,0],"scale":[0.41,0.41,0.41]},"gui":{"rotation":[19,-172,0],"translation":[1.5,-1.75,0],"scale":[0.41,0.41,0.41]},"head":{"rotation":[8,0,0],"translation":[0,11,-1.75]},"fixed":{"rotation":[-90,0,0],"translation":[0,0,-9.25],"scale":[0.98,0.98,0.98]}}}