{"textures​":{"layer0":"minecraft:item/prismarine_stairs"},"credit":"Made with Blockbench","texture_size":[32,32],"\u0074\u0065\u0078\u0074\u0075\u0072\u0065\u0073":{"1":"\u0061\u0062\u0079\u0073\u0073_\u0070\u0061\u0063\u006b:\u0061\u0062\u0079\u0073\u0073_\u0062\u006f\u0077","2":"\u0061\u0062\u0079\u0073\u0073_\u0070\u0061\u0063\u006b:\u0061\u0062\u0079\u0073\u0073_\u0062\u006f\u0077_1","3":"\u0061\u0062\u0079\u0073\u0073_\u0070\u0061\u0063\u006b:\u0061\u0062\u0079\u0073\u0073_\u0065\u0066\u0066_01","4":"\u0061\u0062\u0079\u0073\u0073_\u0070\u0061\u0063\u006b:\u0061\u0062\u0079\u0073\u0073_\u0065\u0066\u0066_02","\u0070\u0061\u0072\u0074\u0069\u0063\u006c\u0065":"\u0061\u0062\u0079\u0073\u0073_\u0070\u0061\u0063\u006b:\u0061\u0062\u0079\u0073\u0073_\u0062\u006f\u0077_1"},"elements":[{"from":[6.5,-7,8],"to":[11.5,-2,8],"rotation":{"angle":-22.5,"axis":"z","origin":[9,-4.5,8]},"faces":{"north":{"uv":[16,16,0,0],"rotation":90,"texture":"#4"},"east":{"uv":[0,0,4.88889,0],"rotation":270,"texture":"#4"},"south":{"uv":[0,16,16,0],"rotation":270,"texture":"#4"},"west":{"uv":[0,0,4.88889,0],"rotation":270,"texture":"#4"},"up":{"uv":[0,2.66667,0,0],"rotation":270,"texture":"#4"},"down":{"uv":[0,2.66667,0,0],"rotation":270,"texture":"#4"}}},{"from":[2.08715,-7.5,8],"to":[14.08715,23.5,8],"rotation":{"angle":0,"axis":"y","origin":[8,8,8]},"faces":{"north":{"uv":[0,0,6,15.5],"texture":"#2"},"east":{"uv":[0,0,0,15.5],"texture":"#2"},"south":{"uv":[6,0,12,15.5],"texture":"#2"},"west":{"uv":[0,0,0,15.5],"texture":"#2"},"up":{"uv":[6,0,0,0],"texture":"#2"},"down":{"uv":[6,0,0,0],"texture":"#2"}}},{"from":[10.98715,8,7.95],"to":[11.08715,22,8.05],"rotation":{"angle":0,"axis":"y","origin":[8,8,8]},"faces":{"north":{"uv":[9.6,0.4,11.6,0.2],"rotation":90,"texture":"#1"},"east":{"uv":[9.6,0.4,11.6,0.2],"rotation":90,"texture":"#1"},"south":{"uv":[9.6,0.2,11.6,0.4],"rotation":90,"texture":"#1"},"west":{"uv":[9.6,0.2,11.6,0.4],"rotation":90,"texture":"#1"},"up":{"uv":[0,0,0.1,0.1],"texture":"#1"},"down":{"uv":[0,0,0.1,0.1],"texture":"#1"}}},{"from":[10.98715,-6,7.95],"to":[11.08715,8,8.05],"rotation":{"angle":0,"axis":"y","origin":[8,8,8]},"faces":{"north":{"uv":[11.6,0.4,9.6,0.2],"rotation":90,"texture":"#1"},"east":{"uv":[11.6,0.4,9.6,0.2],"rotation":90,"texture":"#1"},"south":{"uv":[11.6,0.2,9.6,0.4],"rotation":90,"texture":"#1"},"west":{"uv":[11.6,0.2,9.6,0.4],"rotation":90,"texture":"#1"},"up":{"uv":[0,0.1,0.1,0],"texture":"#1"},"down":{"uv":[0,0.1,0.1,0],"texture":"#1"}}},{"from":[6.5,18,8],"to":[11.5,23,8],"rotation":{"angle":22.5,"axis":"z","origin":[9,20.5,8]},"faces":{"north":{"uv":[0,16,16,0],"rotation":90,"texture":"#4"},"east":{"uv":[4.88889,0,0,0],"rotation":270,"texture":"#4"},"south":{"uv":[16,16,0,0],"rotation":270,"texture":"#4"},"west":{"uv":[4.88889,0,0,0],"rotation":270,"texture":"#4"},"up":{"uv":[0,2.66667,0,0],"rotation":270,"texture":"#4"},"down":{"uv":[0,2.66667,0,0],"rotation":270,"texture":"#4"}}},{"from":[3.5,12.5,8],"to":[6.5,15.5,8],"rotation":{"angle":22.5,"axis":"z","origin":[5,14,8]},"faces":{"north":{"uv":[16,16,0,0],"rotation":90,"texture":"#3"},"east":{"uv":[0,0,4.88889,0],"rotation":270,"texture":"#3"},"south":{"uv":[0,16,16,0],"rotation":270,"texture":"#3"},"west":{"uv":[0,0,4.88889,0],"rotation":270,"texture":"#3"},"up":{"uv":[0,2.66667,0,0],"rotation":270,"texture":"#3"},"down":{"uv":[0,2.66667,0,0],"rotation":270,"texture":"#3"}}},{"from":[3.5,0.5,8],"to":[6.5,3.5,8],"rotation":{"angle":-22.5,"axis":"z","origin":[5,2,8]},"faces":{"north":{"uv":[0,16,16,0],"rotation":90,"texture":"#3"},"east":{"uv":[4.88889,0,0,0],"rotation":270,"texture":"#3"},"south":{"uv":[16,16,0,0],"rotation":270,"texture":"#3"},"west":{"uv":[4.88889,0,0,0],"rotation":270,"texture":"#3"},"up":{"uv":[0,2.66667,0,0],"rotation":270,"texture":"#3"},"down":{"uv":[0,2.66667,0,0],"rotation":270,"texture":"#3"}}},{"from":[10.37142,2.36159,7.2],"to":[11.97142,3.96159,8.8],"rotation":{"angle":-45,"axis":"z","origin":[8,8,8]},"faces":{"north":{"uv":[0,4.4,1.2,3.2],"texture":"#1"},"east":{"uv":[3.2,1.2,4.4,0],"texture":"#1"},"south":{"uv":[1.6,4.4,2.8,3.2],"texture":"#1"},"west":{"uv":[3.2,2.8,4.4,1.6],"texture":"#1"},"up":{"uv":[1.2,6,0,4.8],"texture":"#1"},"down":{"uv":[4.4,3.2,3.2,4.4],"texture":"#1"}}},{"from":[6.26126,0.33619,7.4],"to":[7.46126,1.93619,8.6],"rotation":{"angle":0,"axis":"y","origin":[8,8,8]},"faces":{"north":{"uv":[8,2.8,9,1.6],"texture":"#1"},"east":{"uv":[3.2,9.2,4.2,8],"texture":"#1"},"south":{"uv":[8,4.4,9,3.2],"texture":"#1"},"west":{"uv":[4.8,9.2,5.8,8],"texture":"#1"},"up":{"uv":[10.6,8.2,9.6,7.2],"texture":"#1"},"down":{"uv":[8.2,9.6,7.2,10.6],"texture":"#1"}}},{"from":[1.33566,1.38608,7.56],"to":[2.21566,4.58608,8.44],"rotation":{"angle":45,"axis":"z","origin":[8,8,8]},"faces":{"north":{"uv":[0,2.6,0.8,0],"texture":"#1"},"east":{"uv":[0.8,2.6,1.6,0],"texture":"#1"},"south":{"uv":[1.6,2.6,2.4,0],"texture":"#1"},"west":{"uv":[2.4,2.6,3.2,0],"texture":"#1"},"up":{"uv":[8.8,12,8,11.2],"texture":"#1"},"down":{"uv":[12,7.2,11.2,8],"texture":"#1"}}},{"from":[4.47457,-1.45041,7.64],"to":[5.11457,-0.25041,8.36],"rotation":{"angle":22.5,"axis":"z","origin":[8,8,8]},"faces":{"north":{"uv":[10.4,12.2,11,11.2],"texture":"#1"},"east":{"uv":[11.2,12.2,11.8,11.2],"texture":"#1"},"south":{"uv":[0,13,0.6,12],"texture":"#1"},"west":{"uv":[12,1,12.6,0],"texture":"#1"},"up":{"uv":[2.2,12.6,1.6,12],"texture":"#1"},"down":{"uv":[1.4,12,0.8,12.6],"texture":"#1"}}},{"from":[12.63417,0.09885,7.2],"to":[14.23417,1.69885,8.8],"rotation":{"angle":-45,"axis":"z","origin":[8,8,8]},"faces":{"north":{"uv":[4.8,1.2,6,0],"texture":"#1"},"east":{"uv":[1.6,6,2.8,4.8],"texture":"#1"},"south":{"uv":[4.8,2.8,6,1.6],"texture":"#1"},"west":{"uv":[3.2,6,4.4,4.8],"texture":"#1"},"up":{"uv":[6,6,4.8,4.8],"texture":"#1"},"down":{"uv":[6,3.2,4.8,4.4],"texture":"#1"}}},{"from":[13.08304,-1.56993,7.56],"to":[13.96304,0.19007,8.44],"rotation":{"angle":-45,"axis":"z","origin":[8,8,8]},"faces":{"north":{"uv":[2.4,11,3.2,9.6],"texture":"#1"},"east":{"uv":[9.6,3.8,10.4,2.4],"texture":"#1"},"south":{"uv":[3.2,11,4,9.6],"texture":"#1"},"west":{"uv":[4,11,4.8,9.6],"texture":"#1"},"up":{"uv":[9.6,12,8.8,11.2],"texture":"#1"},"down":{"uv":[12,8,11.2,8.8],"texture":"#1"}}},{"from":[4.90547,-4.40338,7.64],"to":[5.54547,-2.40338,8.36],"rotation":{"angle":0,"axis":"y","origin":[8,8,8]},"faces":{"north":{"uv":[1.6,12,2.2,10.4],"texture":"#1"},"east":{"uv":[10.4,4,11,2.4],"texture":"#1"},"south":{"uv":[10.4,5.6,11,4],"texture":"#1"},"west":{"uv":[10.4,7.2,11,5.6],"texture":"#1"},"up":{"uv":[3,12.6,2.4,12],"texture":"#1"},"down":{"uv":[12.6,1.6,12,2.2],"texture":"#1"}}},{"from":[-2.91351,-1.39367,7.72],"to":[-2.43351,1.40633,8.28],"rotation":{"angle":45,"axis":"z","origin":[8,8,8]},"faces":{"north":{"uv":[11.2,4.6,11.6,2.4],"texture":"#1"},"east":{"uv":[4,13.4,4.4,11.2],"texture":"#1"},"south":{"uv":[11.2,7,11.6,4.8],"texture":"#1"},"west":{"uv":[7.2,13.4,7.6,11.2],"texture":"#1"},"up":{"uv":[13.2,2.8,12.8,2.4],"texture":"#1"},"down":{"uv":[2.8,12.8,2.4,13.2],"texture":"#1"}}},{"from":[5.87525,3.65689,7.56],"to":[6.75525,5.41689,8.44],"rotation":{"angle":-22.5,"axis":"z","origin":[8,8,8]},"faces":{"north":{"uv":[2.4,9.6,3.2,11],"texture":"#1"},"east":{"uv":[9.6,2.4,10.4,3.8],"texture":"#1"},"south":{"uv":[3.2,9.6,4,11],"texture":"#1"},"west":{"uv":[4,9.6,4.8,11],"texture":"#1"},"up":{"uv":[12,8.8,11.2,8],"texture":"#1"},"down":{"uv":[9.6,11.2,8.8,12],"texture":"#1"}}},{"from":[5.12671,6.0306,7.64],"to":[5.76671,8.0306,8.36],"rotation":{"angle":0,"axis":"z","origin":[8,8,8]},"faces":{"north":{"uv":[1.6,10.4,2.2,12],"texture":"#1"},"east":{"uv":[10.4,2.4,11,4],"texture":"#1"},"south":{"uv":[10.4,4,11,5.6],"texture":"#1"},"west":{"uv":[10.4,5.6,11,7.2],"texture":"#1"},"up":{"uv":[12.6,2.2,12,1.6],"texture":"#1"},"down":{"uv":[3,12,2.4,12.6],"texture":"#1"}}},{"from":[15.46259,-1.43821,7.2],"to":[17.06259,0.16179,8.8],"rotation":{"angle":-45,"axis":"z","origin":[8,8,8]},"faces":{"north":{"uv":[0,7.6,1.2,6.4],"texture":"#1"},"east":{"uv":[6.4,1.2,7.6,0],"texture":"#1"},"south":{"uv":[1.6,7.6,2.8,6.4],"texture":"#1"},"west":{"uv":[6.4,2.8,7.6,1.6],"texture":"#1"},"up":{"uv":[7.6,4.4,6.4,3.2],"texture":"#1"},"down":{"uv":[4.4,6.4,3.2,7.6],"texture":"#1"}}},{"from":[4.16285,3.34631,7.2],"to":[5.76285,4.94631,8.8],"rotation":{"angle":0,"axis":"y","origin":[8,8,8]},"faces":{"north":{"uv":[4.8,7.6,6,6.4],"texture":"#1"},"east":{"uv":[6.4,6,7.6,4.8],"texture":"#1"},"south":{"uv":[6.4,7.6,7.6,6.4],"texture":"#1"},"west":{"uv":[0,9.2,1.2,8],"texture":"#1"},"up":{"uv":[2.8,9.2,1.6,8],"texture":"#1"},"down":{"uv":[9.2,0,8,1.2],"texture":"#1"}}},{"from":[10.91285,6.95,8],"to":[13.01285,9.05,8],"rotation":{"angle":0,"axis":"y","origin":[8,7.85369,8.8]},"faces":{"north":{"uv":[14.6,6.8,13.4,5.6],"texture":"#1"},"east":{"uv":[13.4,5.4,14.6,4.2],"texture":"#1"},"south":{"uv":[13.4,6.8,14.6,5.6],"texture":"#1"},"west":{"uv":[13.4,5.4,14.6,4.2],"texture":"#1"},"up":{"uv":[14.6,5.4,13.4,4.2],"texture":"#1"},"down":{"uv":[14.6,4.2,13.4,5.4],"texture":"#1"}}},{"from":[8.91285,6.95,8],"to":[11.01285,9.05,8],"rotation":{"angle":0,"axis":"y","origin":[8,7.85369,8.8]},"faces":{"north":{"uv":[14.6,6.8,13.4,5.6],"texture":"#1"},"east":{"uv":[13.4,5.4,14.6,4.2],"texture":"#1"},"south":{"uv":[13.4,6.8,14.6,5.6],"texture":"#1"},"west":{"uv":[13.4,5.4,14.6,4.2],"texture":"#1"},"up":{"uv":[14.6,5.4,13.4,4.2],"texture":"#1"},"down":{"uv":[14.6,4.2,13.4,5.4],"texture":"#1"}}},{"from":[9.10507,7.76,7.72],"to":[11.90507,8.24,8.28],"rotation":{"angle":0,"axis":"z","origin":[17.90507,8,8]},"faces":{"north":{"uv":[14,0.2,13.6,2.4],"rotation":90,"texture":"#1"},"east":{"uv":[14.6,0.6,14.2,1],"rotation":270,"texture":"#1"},"south":{"uv":[14,0.2,13.6,2.4],"rotation":270,"texture":"#1"},"west":{"uv":[14.6,0.6,14.2,0.2],"rotation":270,"texture":"#1"},"up":{"uv":[13.6,0.2,14,2.4],"rotation":270,"texture":"#1"},"down":{"uv":[13.6,0.2,14,2.4],"rotation":270,"texture":"#1"}}},{"from":[6.30507,7.76,7.72],"to":[9.10507,8.24,8.28],"rotation":{"angle":0,"axis":"z","origin":[12.55507,8,8]},"faces":{"north":{"uv":[14,0.2,13.6,2.4],"rotation":270,"texture":"#1"},"east":{"uv":[14.6,0.6,14.2,0.2],"rotation":90,"texture":"#1"},"south":{"uv":[14,0.2,13.6,2.4],"rotation":90,"texture":"#1"},"west":{"uv":[14.6,0.2,14.2,0.6],"rotation":90,"texture":"#1"},"up":{"uv":[13.6,0.2,14,2.4],"rotation":90,"texture":"#1"},"down":{"uv":[13.6,0.2,14,2.4],"rotation":90,"texture":"#1"}}},{"from":[3.50507,7.76,7.72],"to":[6.30507,8.24,8.28],"rotation":{"angle":0,"axis":"z","origin":[12.55507,8,8]},"faces":{"north":{"uv":[14,0.2,13.6,2.4],"rotation":90,"texture":"#1"},"east":{"uv":[14.6,0.2,14.2,0.6],"rotation":270,"texture":"#1"},"south":{"uv":[14,0.2,13.6,2.4],"rotation":270,"texture":"#1"},"west":{"uv":[14.6,0.6,14.2,0.2],"rotation":270,"texture":"#1"},"up":{"uv":[13.6,0.2,14,2.4],"rotation":270,"texture":"#1"},"down":{"uv":[13.6,0.2,14,2.4],"rotation":270,"texture":"#1"}}},{"from":[0.70507,7.76,7.72],"to":[3.50507,8.24,8.28],"rotation":{"angle":0,"axis":"z","origin":[6.10507,21,8]},"faces":{"north":{"uv":[14,0.2,13.6,2.4],"rotation":270,"texture":"#1"},"east":{"uv":[14.6,0.6,14.2,0.2],"rotation":90,"texture":"#1"},"south":{"uv":[14,0.2,13.6,2.4],"rotation":90,"texture":"#1"},"west":{"uv":[14.6,0.2,14.2,0.6],"rotation":90,"texture":"#1"},"up":{"uv":[13.6,0.2,14,2.4],"rotation":90,"texture":"#1"},"down":{"uv":[13.6,0.2,14,2.4],"rotation":90,"texture":"#1"}}},{"from":[-2.09493,7.76,7.72],"to":[0.70507,8.24,8.28],"rotation":{"angle":0,"axis":"z","origin":[8.30507,8,8]},"faces":{"north":{"uv":[14,0.2,13.6,2.4],"rotation":90,"texture":"#1"},"east":{"uv":[14.6,0.2,14.2,0.6],"rotation":270,"texture":"#1"},"south":{"uv":[14,0.2,13.6,2.4],"rotation":270,"texture":"#1"},"west":{"uv":[14.6,0.6,14.2,0.2],"rotation":270,"texture":"#1"},"up":{"uv":[13.6,0.2,14,2.4],"rotation":270,"texture":"#1"},"down":{"uv":[13.6,0.2,14,2.4],"rotation":270,"texture":"#1"}}},{"from":[-3.08715,6.95,8],"to":[-0.98715,9.05,8],"rotation":{"angle":0,"axis":"y","origin":[8,7.85369,8.8]},"faces":{"north":{"uv":[14.6,4,13.4,2.8],"texture":"#1"},"east":{"uv":[13.4,5.6,14.6,4.4],"texture":"#1"},"south":{"uv":[13.4,4,14.6,2.8],"texture":"#1"},"west":{"uv":[13.4,5.6,14.6,4.4],"texture":"#1"},"up":{"uv":[14.6,5.6,13.4,4.4],"texture":"#1"},"down":{"uv":[14.6,4.4,13.4,5.6],"texture":"#1"}}},{"from":[-3.08715,8,6.95],"to":[-0.98715,8,9.05],"rotation":{"angle":0,"axis":"x","origin":[-2.03715,8,8]},"faces":{"north":{"uv":[14.6,4.4,13.4,5.6],"rotation":180,"texture":"#1"},"east":{"uv":[13.4,5.6,14.6,4.4],"rotation":270,"texture":"#1"},"south":{"uv":[14.6,5.6,13.4,4.4],"texture":"#1"},"west":{"uv":[13.4,5.6,14.6,4.4],"rotation":90,"texture":"#1"},"up":{"uv":[14.6,4,13.4,2.8],"rotation":180,"texture":"#1"},"down":{"uv":[13.4,4,14.6,2.8],"texture":"#1"}}},{"from":[2.56745,5.42262,7.4],"to":[3.76745,7.02262,8.6],"rotation":{"angle":45,"axis":"z","origin":[8,8,8]},"faces":{"north":{"uv":[8,6,9,4.8],"texture":"#1"},"east":{"uv":[6.4,9.2,7.4,8],"texture":"#1"},"south":{"uv":[8,7.6,9,6.4],"texture":"#1"},"west":{"uv":[8,9.2,9,8],"texture":"#1"},"up":{"uv":[1,11.4,0,10.4],"texture":"#1"},"down":{"uv":[9.8,9.6,8.8,10.6],"texture":"#1"}}},{"from":[17.06259,-1.11821,7.52],"to":[18.66259,-0.15821,8.48],"rotation":{"angle":-45,"axis":"z","origin":[8,8,8]},"faces":{"north":{"uv":[9.6,9.6,10.8,8.8],"texture":"#1"},"east":{"uv":[11.2,9.6,12,8.8],"texture":"#1"},"south":{"uv":[10.4,10.4,11.6,9.6],"texture":"#1"},"west":{"uv":[9.6,12,10.4,11.2],"texture":"#1"},"up":{"uv":[3.6,12,2.4,11.2],"texture":"#1"},"down":{"uv":[11.6,10.4,10.4,11.2],"texture":"#1"}}},{"from":[14.08436,-4.12721,7.68],"to":[16.48436,-3.48721,8.32],"rotation":{"angle":-22.5,"axis":"z","origin":[8,8,8]},"faces":{"north":{"uv":[0,10.2,2,9.6],"texture":"#1"},"east":{"uv":[12,3,12.6,2.4],"texture":"#1"},"south":{"uv":[9.6,0.6,11.6,0],"texture":"#1"},"west":{"uv":[3.2,12.6,3.8,12],"texture":"#1"},"up":{"uv":[11.6,2.2,9.6,1.6],"texture":"#1"},"down":{"uv":[11.6,0.8,9.6,1.4],"texture":"#1"}}},{"from":[10.37142,12.03841,7.2],"to":[11.97142,13.63841,8.8],"rotation":{"angle":45,"axis":"z","origin":[8,8,8]},"faces":{"north":{"uv":[0,3.2,1.2,4.4],"texture":"#1"},"east":{"uv":[3.2,0,4.4,1.2],"texture":"#1"},"south":{"uv":[1.6,3.2,2.8,4.4],"texture":"#1"},"west":{"uv":[3.2,1.6,4.4,2.8],"texture":"#1"},"up":{"uv":[4.4,4.4,3.2,3.2],"texture":"#1"},"down":{"uv":[1.2,4.8,0,6],"texture":"#1"}}},{"from":[6.26126,14.06381,7.4],"to":[7.46126,15.66381,8.6],"rotation":{"angle":0,"axis":"y","origin":[8,8,8]},"faces":{"north":{"uv":[8,1.6,9,2.8],"texture":"#1"},"east":{"uv":[3.2,8,4.2,9.2],"texture":"#1"},"south":{"uv":[8,3.2,9,4.4],"texture":"#1"},"west":{"uv":[4.8,8,5.8,9.2],"texture":"#1"},"up":{"uv":[8.2,10.6,7.2,9.6],"texture":"#1"},"down":{"uv":[10.6,7.2,9.6,8.2],"texture":"#1"}}},{"from":[1.33566,11.41392,7.56],"to":[2.21566,14.61392,8.44],"rotation":{"angle":-45,"axis":"z","origin":[8,8,8]},"faces":{"north":{"uv":[0,0,0.8,2.6],"texture":"#1"},"east":{"uv":[0.8,0,1.6,2.6],"texture":"#1"},"south":{"uv":[1.6,0,2.4,2.6],"texture":"#1"},"west":{"uv":[2.4,0,3.2,2.6],"texture":"#1"},"up":{"uv":[12,8,11.2,7.2],"texture":"#1"},"down":{"uv":[8.8,11.2,8,12],"texture":"#1"}}},{"from":[4.47457,16.25041,7.64],"to":[5.11457,17.45041,8.36],"rotation":{"angle":-22.5,"axis":"z","origin":[8,8,8]},"faces":{"north":{"uv":[10.4,11.2,11,12.2],"texture":"#1"},"east":{"uv":[11.2,11.2,11.8,12.2],"texture":"#1"},"south":{"uv":[0,12,0.6,13],"texture":"#1"},"west":{"uv":[12,0,12.6,1],"texture":"#1"},"up":{"uv":[1.4,12.6,0.8,12],"texture":"#1"},"down":{"uv":[2.2,12,1.6,12.6],"texture":"#1"}}},{"from":[12.63417,14.30115,7.2],"to":[14.23417,15.90115,8.8],"rotation":{"angle":45,"axis":"z","origin":[8,8,8]},"faces":{"north":{"uv":[4.8,0,6,1.2],"texture":"#1"},"east":{"uv":[1.6,4.8,2.8,6],"texture":"#1"},"south":{"uv":[4.8,1.6,6,2.8],"texture":"#1"},"west":{"uv":[3.2,4.8,4.4,6],"texture":"#1"},"up":{"uv":[6,4.4,4.8,3.2],"texture":"#1"},"down":{"uv":[6,4.8,4.8,6],"texture":"#1"}}},{"from":[13.08304,15.80993,7.56],"to":[13.96304,17.56993,8.44],"rotation":{"angle":45,"axis":"z","origin":[8,8,8]},"faces":{"north":{"uv":[2.4,9.6,3.2,11],"texture":"#1"},"east":{"uv":[9.6,2.4,10.4,3.8],"texture":"#1"},"south":{"uv":[3.2,9.6,4,11],"texture":"#1"},"west":{"uv":[4,9.6,4.8,11],"texture":"#1"},"up":{"uv":[12,8.8,11.2,8],"texture":"#1"},"down":{"uv":[9.6,11.2,8.8,12],"texture":"#1"}}},{"from":[4.90547,18.40338,7.64],"to":[5.54547,20.40338,8.36],"rotation":{"angle":0,"axis":"y","origin":[8,8,8]},"faces":{"north":{"uv":[1.6,10.4,2.2,12],"texture":"#1"},"east":{"uv":[10.4,2.4,11,4],"texture":"#1"},"south":{"uv":[10.4,4,11,5.6],"texture":"#1"},"west":{"uv":[10.4,5.6,11,7.2],"texture":"#1"},"up":{"uv":[12.6,2.2,12,1.6],"texture":"#1"},"down":{"uv":[3,12,2.4,12.6],"texture":"#1"}}},{"from":[-2.91351,14.59367,7.72],"to":[-2.43351,17.39367,8.28],"rotation":{"angle":-45,"axis":"z","origin":[8,8,8]},"faces":{"north":{"uv":[11.2,2.4,11.6,4.6],"texture":"#1"},"east":{"uv":[4,11.2,4.4,13.4],"texture":"#1"},"south":{"uv":[11.2,4.8,11.6,7],"texture":"#1"},"west":{"uv":[7.2,11.2,7.6,13.4],"texture":"#1"},"up":{"uv":[2.8,13.2,2.4,12.8],"texture":"#1"},"down":{"uv":[13.2,2.4,12.8,2.8],"texture":"#1"}}},{"from":[5.87525,10.58311,7.56],"to":[6.75525,12.34311,8.44],"rotation":{"angle":22.5,"axis":"z","origin":[8,8,8]},"faces":{"north":{"uv":[2.4,11,3.2,9.6],"texture":"#1"},"east":{"uv":[9.6,3.8,10.4,2.4],"texture":"#1"},"south":{"uv":[3.2,11,4,9.6],"texture":"#1"},"west":{"uv":[4,11,4.8,9.6],"texture":"#1"},"up":{"uv":[9.6,12,8.8,11.2],"texture":"#1"},"down":{"uv":[12,8,11.2,8.8],"texture":"#1"}}},{"from":[5.12671,7.9694,7.64],"to":[5.76671,9.9694,8.36],"rotation":{"angle":0,"axis":"z","origin":[8,8,8]},"faces":{"north":{"uv":[1.6,12,2.2,10.4],"texture":"#1"},"east":{"uv":[10.4,4,11,2.4],"texture":"#1"},"south":{"uv":[10.4,5.6,11,4],"texture":"#1"},"west":{"uv":[10.4,7.2,11,5.6],"texture":"#1"},"up":{"uv":[3,12.6,2.4,12],"texture":"#1"},"down":{"uv":[12.6,1.6,12,2.2],"texture":"#1"}}},{"from":[15.46259,15.83821,7.2],"to":[17.06259,17.43821,8.8],"rotation":{"angle":45,"axis":"z","origin":[8,8,8]},"faces":{"north":{"uv":[0,6.4,1.2,7.6],"texture":"#1"},"east":{"uv":[6.4,0,7.6,1.2],"texture":"#1"},"south":{"uv":[1.6,6.4,2.8,7.6],"texture":"#1"},"west":{"uv":[6.4,1.6,7.6,2.8],"texture":"#1"},"up":{"uv":[4.4,7.6,3.2,6.4],"texture":"#1"},"down":{"uv":[7.6,3.2,6.4,4.4],"texture":"#1"}}},{"from":[4.16285,11.05369,7.2],"to":[5.76285,12.65369,8.8],"rotation":{"angle":0,"axis":"y","origin":[8,8,8]},"faces":{"north":{"uv":[4.8,6.4,6,7.6],"texture":"#1"},"east":{"uv":[6.4,4.8,7.6,6],"texture":"#1"},"south":{"uv":[6.4,6.4,7.6,7.6],"texture":"#1"},"west":{"uv":[0,8,1.2,9.2],"texture":"#1"},"up":{"uv":[9.2,1.2,8,0],"texture":"#1"},"down":{"uv":[2.8,8,1.6,9.2],"texture":"#1"}}},{"from":[2.56745,8.97738,7.4],"to":[3.76745,10.57738,8.6],"rotation":{"angle":-45,"axis":"z","origin":[8,8,8]},"faces":{"north":{"uv":[8,4.8,9,6],"texture":"#1"},"east":{"uv":[6.4,8,7.4,9.2],"texture":"#1"},"south":{"uv":[8,6.4,9,7.6],"texture":"#1"},"west":{"uv":[8,8,9,9.2],"texture":"#1"},"up":{"uv":[9.8,10.6,8.8,9.6],"texture":"#1"},"down":{"uv":[1,10.4,0,11.4],"texture":"#1"}}},{"from":[17.06259,16.15821,7.52],"to":[18.66259,17.11821,8.48],"rotation":{"angle":45,"axis":"z","origin":[8,8,8]},"faces":{"north":{"uv":[9.6,8.8,10.8,9.6],"texture":"#1"},"east":{"uv":[11.2,8.8,12,9.6],"texture":"#1"},"south":{"uv":[10.4,9.6,11.6,10.4],"texture":"#1"},"west":{"uv":[9.6,11.2,10.4,12],"texture":"#1"},"up":{"uv":[11.6,11.2,10.4,10.4],"texture":"#1"},"down":{"uv":[3.6,11.2,2.4,12],"texture":"#1"}}},{"from":[14.08436,19.48721,7.68],"to":[16.48436,20.12721,8.32],"rotation":{"angle":22.5,"axis":"z","origin":[8,8,8]},"faces":{"north":{"uv":[0,9.6,2,10.2],"texture":"#1"},"east":{"uv":[12,2.4,12.6,3],"texture":"#1"},"south":{"uv":[9.6,0,11.6,0.6],"texture":"#1"},"west":{"uv":[3.2,12,3.8,12.6],"texture":"#1"},"up":{"uv":[11.6,1.4,9.6,0.8],"texture":"#1"},"down":{"uv":[11.6,1.6,9.6,2.2],"texture":"#1"}}}],"gui_light":"front","display":{"thirdperson_righthand":{"rotation":[0,-90,0],"translation":[0,-1.75,2],"scale":[0.92773,0.92773,0.92773]},"thirdperson_lefthand":{"rotation":[0,90,0],"translation":[0,-1.75,2],"scale":[0.92773,0.92773,0.92773]},"firstperson_righthand":{"rotation":[14.81,-47.83,0.31],"translation":[2.75,5,0],"scale":[0.46406,0.46406,0.46406]},"firstperson_lefthand":{"rotation":[14.81,-47.83,0.31],"translation":[2.75,5,0],"scale":[0.46406,0.46406,0.46406]},"ground":{"rotation":[64.6,2.42,3.82],"translation":[0,3.25,0],"scale":[0.6,0.6,0.6]},"gui":{"rotation":[0,0,-36.75],"translation":[-0.25,0.25,0],"scale":[0.61094,0.61094,0.61094]},"head":{"translation":[0,22,0]},"fixed":{"translation":[0,1.25,-2],"scale":[1.60352,1.60352,1.60352]}}}