{"textures​":{"layer0":"minecraft:item/polished_blackstone_brick_wall"},"credit":"MadewithBlockbench","texture_size":[128,128],"\u0074\u0065\u0078\u0074\u0075\u0072\u0065\u0073":{"1":"\u0065\u006c\u0069\u0074\u0065\u0063\u0072\u0065\u0061\u0074\u0075\u0072\u0065\u0073:\u0065\u0067\u0079\u0070\u0074\u0069\u0061\u006e_\u0064\u0065\u0063\u006f\u0072\u0061\u0074\u0069\u006f\u006e_\u00761/\u0065\u0067\u0079\u0070\u0074\u0069\u0061\u006e_\u0063\u0075\u0070\u0062\u006f\u0061\u0072\u0064","\u0070\u0061\u0072\u0074\u0069\u0063\u006c\u0065":"#1"},"elements":[{"from":[-16,-14,0],"to":[16,28,16],"faces":{"north":{"uv":[0,0,4,5.25],"texture":"#1"},"east":{"uv":[0,5.25,2,10.5],"texture":"#1"},"south":{"uv":[4,0,8,5.25],"texture":"#1"},"west":{"uv":[0,5.25,2,10.5],"texture":"#1"},"up":{"uv":[6,7.75,2,9.75],"texture":"#1"},"down":{"uv":[6,7.75,2,9.75],"texture":"#1"}}},{"from":[-16,28,-1],"to":[16,30,17],"faces":{"north":{"uv":[8,0.25,12,0.5],"texture":"#1"},"east":{"uv":[8,1,10.25,1.25],"texture":"#1"},"south":{"uv":[8,0.25,12,0.5],"texture":"#1"},"west":{"uv":[8,1,10.25,1.25],"texture":"#1"},"up":{"uv":[10,7.5,6,5.25],"texture":"#1"},"down":{"uv":[10,7.5,6,5.25],"texture":"#1"}}},{"from":[-16,30,-2],"to":[16,32,18],"faces":{"north":{"uv":[8,0,12,0.25],"texture":"#1"},"east":{"uv":[8,0.75,10.5,1],"texture":"#1"},"south":{"uv":[8,0,12,0.25],"texture":"#1"},"west":{"uv":[8,0.75,10.5,1],"texture":"#1"},"up":{"uv":[6,7.75,2,5.25],"texture":"#1"},"down":{"uv":[6,7.75,2,5.25],"texture":"#1"}}},{"from":[-16,-16,-1],"to":[16,-14,17],"faces":{"north":{"uv":[8,0.5,12,0.75],"texture":"#1"},"east":{"uv":[8,1.25,10.25,1.5],"texture":"#1"},"south":{"uv":[8,0.5,12,0.75],"texture":"#1"},"west":{"uv":[8,1.25,10.25,1.5],"texture":"#1"},"up":{"uv":[10,9.75,6,7.5],"texture":"#1"},"down":{"uv":[10,9.75,6,7.5],"texture":"#1"}}}],"gui_light":"front","display":{"thirdperson_righthand":{"translation":[1.5,1.5,1],"scale":[0.18,0.18,0.18]},"thirdperson_lefthand":{"translation":[-1.5,1.5,1],"scale":[0.18,0.18,0.18]},"firstperson_righthand":{"rotation":[0,78,0],"translation":[4,5,0],"scale":[0.35,0.35,0.35]},"firstperson_lefthand":{"rotation":[0,78,0],"translation":[4,5,0],"scale":[0.35,0.35,0.35]},"ground":{"translation":[1.75,3,0],"scale":[0.25,0.25,0.25]},"gui":{"rotation":[30,225,0],"translation":[-1,-0.25,0],"scale":[0.17,0.17,0.17]},"head":{"rotation":[0,180,0],"translation":[0,-4.75,0],"scale":[1.6,1.6,1.6]},"fixed":{"scale":[0,0,0]}}}