{"textures​":{"layer0":"minecraft:item/oak_door"},"credit":"MadewithBlockbench","texture_size":[64,64],"\u0074\u0065\u0078\u0074\u0075\u0072\u0065\u0073":{"0":"\u0065\u006c\u0069\u0074\u0065\u0063\u0072\u0065\u0061\u0074\u0075\u0072\u0065\u0073:\u0065\u0067\u0079\u0070\u0074\u0069\u0061\u006e_\u0064\u0065\u0063\u006f\u0072\u0061\u0074\u0069\u006f\u006e_\u00761/\u0065\u0067\u0079\u0070\u0074\u0069\u0061\u006e_\u0074\u0061\u0062\u006c\u0065","\u0070\u0061\u0072\u0074\u0069\u0063\u006c\u0065":"\u0065\u006c\u0069\u0074\u0065\u0063\u0072\u0065\u0061\u0074\u0075\u0072\u0065\u0073:\u0065\u0067\u0079\u0070\u0074\u0069\u0061\u006e_\u0064\u0065\u0063\u006f\u0072\u0061\u0074\u0069\u006f\u006e_\u00761/\u0065\u0067\u0079\u0070\u0074\u0069\u0061\u006e_\u0074\u0061\u0062\u006c\u0065"},"elements":[{"from":[-16,13,-1],"to":[16,16,17],"faces":{"north":{"uv":[0,4.5,8,5.25],"texture":"#0"},"east":{"uv":[7,5.25,11.5,6],"texture":"#0"},"south":{"uv":[0,4.5,8,5.25],"texture":"#0"},"west":{"uv":[7,5.25,11.5,6],"texture":"#0"},"up":{"uv":[8,16,0,11.5],"texture":"#0"},"down":{"uv":[8,4.5,0,0],"texture":"#0"}}},{"from":[9,9,0],"to":[13,13,16],"faces":{"north":{"uv":[8,6,9,7],"texture":"#0"},"east":{"uv":[0,6.5,4,7.5],"texture":"#0"},"south":{"uv":[8,6,9,7],"texture":"#0"},"west":{"uv":[0,6.5,4,7.5],"texture":"#0"},"up":{"uv":[1,11.5,0,7.5],"texture":"#0"},"down":{"uv":[1,11.5,0,7.5],"texture":"#0"}}},{"from":[9,4,1],"to":[13,9,15],"faces":{"north":{"uv":[8,3,9,4.25],"texture":"#0"},"east":{"uv":[0,5.25,3.5,6.5],"texture":"#0"},"south":{"uv":[8,3,9,4.25],"texture":"#0"},"west":{"uv":[0,5.25,3.5,6.5],"texture":"#0"},"up":{"uv":[2,11,1,7.5],"texture":"#0"},"down":{"uv":[2,11,1,7.5],"texture":"#0"}}},{"from":[9,0,2],"to":[13,4,14],"faces":{"north":{"uv":[8,4.25,9,5.25],"texture":"#0"},"east":{"uv":[2,7.5,5,8.5],"texture":"#0"},"south":{"uv":[8,4.25,9,5.25],"texture":"#0"},"west":{"uv":[2,7.5,5,8.5],"texture":"#0"},"up":{"uv":[9,3,8,0],"texture":"#0"},"down":{"uv":[9,3,8,0],"texture":"#0"}}},{"from":[-13,9,0],"to":[-9,13,16],"rotation":{"angle":0,"axis":"y","origin":[16,0,0]},"faces":{"north":{"uv":[9,6,8,7],"texture":"#0"},"east":{"uv":[4,6.5,0,7.5],"texture":"#0"},"south":{"uv":[9,6,8,7],"texture":"#0"},"west":{"uv":[4,6.5,0,7.5],"texture":"#0"},"up":{"uv":[0,11.5,1,7.5],"texture":"#0"},"down":{"uv":[0,11.5,1,7.5],"texture":"#0"}}},{"from":[-13,4,1],"to":[-9,9,15],"rotation":{"angle":0,"axis":"y","origin":[16,0,0]},"faces":{"north":{"uv":[9,3,8,4.25],"texture":"#0"},"east":{"uv":[3.5,5.25,0,6.5],"texture":"#0"},"south":{"uv":[9,3,8,4.25],"texture":"#0"},"west":{"uv":[3.5,5.25,0,6.5],"texture":"#0"},"up":{"uv":[1,11,2,7.5],"texture":"#0"},"down":{"uv":[1,11,2,7.5],"texture":"#0"}}},{"from":[-13,0,2],"to":[-9,4,14],"rotation":{"angle":0,"axis":"y","origin":[16,0,0]},"faces":{"north":{"uv":[9,4.25,8,5.25],"texture":"#0"},"east":{"uv":[5,7.5,2,8.5],"texture":"#0"},"south":{"uv":[9,4.25,8,5.25],"texture":"#0"},"west":{"uv":[5,7.5,2,8.5],"texture":"#0"},"up":{"uv":[8,3,9,0],"texture":"#0"},"down":{"uv":[8,3,9,0],"texture":"#0"}}}],"gui_light":"front","display":{"thirdperson_righthand":{"translation":[1.5,1.5,1],"scale":[0.18,0.18,0.18]},"thirdperson_lefthand":{"translation":[-1.5,1.5,1],"scale":[0.18,0.18,0.18]},"firstperson_righthand":{"rotation":[0,78,0],"scale":[0.35,0.35,0.35]},"firstperson_lefthand":{"rotation":[0,78,0],"scale":[0.35,0.35,0.35]},"ground":{"translation":[4.5,2,0],"scale":[0.5,0.5,0.5]},"gui":{"rotation":[30,225,0],"translation":[-2,-2,0],"scale":[0.32,0.32,0.32]},"head":{"translation":[0,-30.25,0],"scale":[1.6,1.6,1.6]},"fixed":{"scale":[0,0,0]}}}