{"textures​":{"layer0":"minecraft:item/skull_banner_pattern"},"credit":"Made with Blockbench","texture_size":[64,64],"\u0074\u0065\u0078\u0074\u0075\u0072\u0065\u0073":{"0":"\u0065\u006c\u0069\u0074\u0065\u0063\u0072\u0065\u0061\u0074\u0075\u0072\u0065\u0073:\u0069\u0066\u0072\u0069\u0074_\u0061\u006e\u0069\u006d\u0061\u0074\u0065\u0064/\u0074\u0065\u00783","1":"\u0065\u006c\u0069\u0074\u0065\u0063\u0072\u0065\u0061\u0074\u0075\u0072\u0065\u0073:\u0069\u0066\u0072\u0069\u0074_\u0061\u006e\u0069\u006d\u0061\u0074\u0065\u0064/\u0068\u006f\u0072\u006e\u0066\u0069\u0072\u0065","\u0070\u0061\u0072\u0074\u0069\u0063\u006c\u0065":"\u0065\u006c\u0069\u0074\u0065\u0063\u0072\u0065\u0061\u0074\u0075\u0072\u0065\u0073:\u0069\u0066\u0072\u0069\u0074_\u0061\u006e\u0069\u006d\u0061\u0074\u0065\u0064/\u0074\u0065\u00783"},"elements":[{"from":[8,-2,6],"to":[8,11,10],"rotation":{"angle":0,"axis":"y","origin":[16,-4,16]},"faces":{"north":{"uv":[0,0,0,3.25],"texture":"#0"},"east":{"uv":[8.125,12.75,9.125,16],"texture":"#0"},"south":{"uv":[0,0,0,3.25],"texture":"#0"},"west":{"uv":[9.125,12.75,8.125,16],"texture":"#0"},"up":{"uv":[1,0,0,0],"rotation":90,"texture":"#0"},"down":{"uv":[1,0,0,0],"rotation":270,"texture":"#0"}}},{"from":[8,-15,8],"to":[8,-2,12],"rotation":{"angle":0,"axis":"y","origin":[16,-4,16]},"faces":{"north":{"uv":[0,0,0,3.25],"texture":"#0"},"east":{"uv":[9.125,12.75,8.125,16],"texture":"#0"},"south":{"uv":[0,0,0,3.25],"texture":"#0"},"west":{"uv":[8.125,12.75,9.125,16],"texture":"#0"},"up":{"uv":[1,0,0,0],"rotation":90,"texture":"#0"},"down":{"uv":[1,0,0,0],"rotation":270,"texture":"#0"}}},{"from":[11.95,11.03524,3.77008],"to":[12.45,12.03524,5.77008],"rotation":{"angle":-22.5,"axis":"x","origin":[12.075,24.72628,13.86204]},"faces":{"north":{"uv":[2.375,5.875,2.5,6.125],"rotation":180,"texture":"#0"},"east":{"uv":[1.5,6.125,2,6.375],"rotation":180,"texture":"#0"},"south":{"uv":[2.375,5.875,2.5,6.125],"rotation":180,"texture":"#0"},"west":{"uv":[2,6.125,1.5,6.375],"rotation":180,"texture":"#0"},"up":{"uv":[2.375,6.125,2.5,6.625],"rotation":180,"texture":"#0"},"down":{"uv":[2.25,5.75,2.375,6.25],"rotation":180,"texture":"#0"}}},{"from":[11.7,15.1615,1.15008],"to":[12.7,16.6615,3.15008],"rotation":{"angle":-45,"axis":"x","origin":[12.075,24.72628,13.86204]},"faces":{"north":{"uv":[1.25,5.75,1.5,6.125],"rotation":180,"texture":"#0"},"east":{"uv":[1.5,5.75,2,6.125],"rotation":180,"texture":"#0"},"south":{"uv":[1.25,5.75,1.5,6.125],"rotation":180,"texture":"#0"},"west":{"uv":[2,5.75,1.5,6.125],"rotation":180,"texture":"#0"},"up":{"uv":[2,5.75,2.25,6.25],"texture":"#0"},"down":{"uv":[2.5,5.875,2.75,6.375],"rotation":180,"texture":"#0"}}},{"from":[11.45,11.05371,16.8539],"to":[12.95,13.05371,18.8539],"rotation":{"angle":22.5,"axis":"x","origin":[12.075,24.72628,13.86204]},"faces":{"north":{"uv":[4.75,4.25,5.125,4.75],"texture":"#0"},"east":{"uv":[5.125,3.75,5.625,4.25],"rotation":270,"texture":"#0"},"south":{"uv":[4.75,3.75,5.125,4.25],"rotation":180,"texture":"#0"},"west":{"uv":[5.625,3.75,5.125,4.25],"rotation":90,"texture":"#0"},"up":{"uv":[5.125,4.25,5.5,4.75],"rotation":180,"texture":"#0"},"down":{"uv":[5.125,4.25,5.5,4.75],"texture":"#0"}}},{"from":[11.45,11.05371,-2.8539],"to":[12.95,13.05371,-0.8539],"rotation":{"angle":-22.5,"axis":"x","origin":[12.075,24.72628,2.13796]},"faces":{"north":{"uv":[5.125,3.75,4.75,4.25],"rotation":180,"texture":"#0"},"east":{"uv":[5.125,4.25,5.625,3.75],"rotation":270,"texture":"#0"},"south":{"uv":[5.125,4.25,4.75,4.75],"texture":"#0"},"west":{"uv":[5.625,4.25,5.125,3.75],"rotation":90,"texture":"#0"},"up":{"uv":[5.125,4.75,5.5,4.25],"rotation":180,"texture":"#0"},"down":{"uv":[5.125,4.75,5.5,4.25],"texture":"#0"}}},{"from":[11.7,15.1615,12.84992],"to":[12.7,16.6615,14.84992],"rotation":{"angle":45,"axis":"x","origin":[12.075,24.72628,2.13796]},"faces":{"north":{"uv":[1.5,5.75,1.25,6.125],"rotation":180,"texture":"#0"},"east":{"uv":[2,5.75,1.5,6.125],"rotation":180,"texture":"#0"},"south":{"uv":[1.5,5.75,1.25,6.125],"rotation":180,"texture":"#0"},"west":{"uv":[1.5,5.75,2,6.125],"rotation":180,"texture":"#0"},"up":{"uv":[2,6.25,2.25,5.75],"texture":"#0"},"down":{"uv":[2.5,6.375,2.75,5.875],"rotation":180,"texture":"#0"}}},{"from":[11.95,11.03524,10.22992],"to":[12.45,12.03524,12.22992],"rotation":{"angle":22.5,"axis":"x","origin":[12.075,24.72628,2.13796]},"faces":{"north":{"uv":[2.5,5.875,2.375,6.125],"rotation":180,"texture":"#0"},"east":{"uv":[2,6.125,1.5,6.375],"rotation":180,"texture":"#0"},"south":{"uv":[2.5,5.875,2.375,6.125],"rotation":180,"texture":"#0"},"west":{"uv":[1.5,6.125,2,6.375],"rotation":180,"texture":"#0"},"up":{"uv":[2.375,6.625,2.5,6.125],"rotation":180,"texture":"#0"},"down":{"uv":[2.25,6.25,2.375,5.75],"rotation":180,"texture":"#0"}}},{"from":[3.05,11.05371,-2.8539],"to":[4.55,13.05371,-0.8539],"rotation":{"angle":-22.5,"axis":"x","origin":[3.925,24.72628,2.13796]},"faces":{"north":{"uv":[4.75,3.75,5.125,4.25],"rotation":180,"texture":"#0"},"east":{"uv":[5.625,3.75,5.125,4.25],"rotation":90,"texture":"#0"},"south":{"uv":[4.75,4.25,5.125,4.75],"texture":"#0"},"west":{"uv":[5.125,3.75,5.625,4.25],"rotation":270,"texture":"#0"},"up":{"uv":[5.5,4.75,5.125,4.25],"rotation":180,"texture":"#0"},"down":{"uv":[5.5,4.75,5.125,4.25],"texture":"#0"}}},{"from":[3.3,15.1615,12.84992],"to":[4.3,16.6615,14.84992],"rotation":{"angle":45,"axis":"x","origin":[3.925,24.72628,2.13796]},"faces":{"north":{"uv":[1.25,5.75,1.5,6.125],"rotation":180,"texture":"#0"},"east":{"uv":[2,5.75,1.5,6.125],"rotation":180,"texture":"#0"},"south":{"uv":[1.25,5.75,1.5,6.125],"rotation":180,"texture":"#0"},"west":{"uv":[1.5,5.75,2,6.125],"rotation":180,"texture":"#0"},"up":{"uv":[2.25,6.25,2,5.75],"texture":"#0"},"down":{"uv":[2.75,6.375,2.5,5.875],"rotation":180,"texture":"#0"}}},{"from":[3.55,11.03524,10.22992],"to":[4.05,12.03524,12.22992],"rotation":{"angle":22.5,"axis":"x","origin":[3.925,24.72628,2.13796]},"faces":{"north":{"uv":[2.375,5.875,2.5,6.125],"rotation":180,"texture":"#0"},"east":{"uv":[2,6.125,1.5,6.375],"rotation":180,"texture":"#0"},"south":{"uv":[2.375,5.875,2.5,6.125],"rotation":180,"texture":"#0"},"west":{"uv":[1.5,6.125,2,6.375],"rotation":180,"texture":"#0"},"up":{"uv":[2.5,6.625,2.375,6.125],"rotation":180,"texture":"#0"},"down":{"uv":[2.375,6.25,2.25,5.75],"rotation":180,"texture":"#0"}}},{"from":[3.05,11.05371,16.8539],"to":[4.55,13.05371,18.8539],"rotation":{"angle":22.5,"axis":"x","origin":[3.925,24.72628,13.86204]},"faces":{"north":{"uv":[5.125,4.25,4.75,4.75],"texture":"#0"},"east":{"uv":[5.625,4.25,5.125,3.75],"rotation":90,"texture":"#0"},"south":{"uv":[5.125,3.75,4.75,4.25],"rotation":180,"texture":"#0"},"west":{"uv":[5.125,4.25,5.625,3.75],"rotation":270,"texture":"#0"},"up":{"uv":[5.5,4.25,5.125,4.75],"rotation":180,"texture":"#0"},"down":{"uv":[5.5,4.25,5.125,4.75],"texture":"#0"}}},{"from":[3.3,15.1615,1.15008],"to":[4.3,16.6615,3.15008],"rotation":{"angle":-45,"axis":"x","origin":[3.925,24.72628,13.86204]},"faces":{"north":{"uv":[1.5,5.75,1.25,6.125],"rotation":180,"texture":"#0"},"east":{"uv":[1.5,5.75,2,6.125],"rotation":180,"texture":"#0"},"south":{"uv":[1.5,5.75,1.25,6.125],"rotation":180,"texture":"#0"},"west":{"uv":[2,5.75,1.5,6.125],"rotation":180,"texture":"#0"},"up":{"uv":[2.25,5.75,2,6.25],"texture":"#0"},"down":{"uv":[2.75,5.875,2.5,6.375],"rotation":180,"texture":"#0"}}},{"from":[3.55,11.03524,3.77008],"to":[4.05,12.03524,5.77008],"rotation":{"angle":-22.5,"axis":"x","origin":[3.925,24.72628,13.86204]},"faces":{"north":{"uv":[2.5,5.875,2.375,6.125],"rotation":180,"texture":"#0"},"east":{"uv":[1.5,6.125,2,6.375],"rotation":180,"texture":"#0"},"south":{"uv":[2.5,5.875,2.375,6.125],"rotation":180,"texture":"#0"},"west":{"uv":[2,6.125,1.5,6.375],"rotation":180,"texture":"#0"},"up":{"uv":[2.5,6.125,2.375,6.625],"rotation":180,"texture":"#0"},"down":{"uv":[2.375,5.75,2.25,6.25],"rotation":180,"texture":"#0"}}},{"from":[5.5,25,5.5],"to":[10.5,26,10.5],"rotation":{"angle":45,"axis":"y","origin":[8,25.25,8]},"faces":{"north":{"uv":[5,0.75,6.25,0.5],"texture":"#0"},"east":{"uv":[5,0.75,6.25,0.5],"rotation":180,"texture":"#0"},"south":{"uv":[5.25,0.75,5,2],"rotation":270,"texture":"#0"},"west":{"uv":[5.25,0.75,5,2],"rotation":270,"texture":"#0"},"up":{"uv":[5.25,2,6.5,0.75],"rotation":90,"texture":"#0"},"down":{"uv":[5.25,2,6.5,0.75],"rotation":90,"texture":"#0"}}},{"from":[5.5,11,5.5],"to":[10.5,12,10.5],"rotation":{"angle":45,"axis":"y","origin":[8,-9.25,8]},"faces":{"north":{"uv":[5,0.5,6.25,0.75],"texture":"#0"},"east":{"uv":[5,0.5,6.25,0.75],"rotation":180,"texture":"#0"},"south":{"uv":[5,0.75,5.25,2],"rotation":270,"texture":"#0"},"west":{"uv":[5,0.75,5.25,2],"rotation":270,"texture":"#0"},"up":{"uv":[5.25,0.75,6.5,2],"rotation":270,"texture":"#0"},"down":{"uv":[5.25,0.75,6.5,2],"rotation":270,"texture":"#0"}}},{"from":[2,12,2],"to":[14,25,14],"rotation":{"angle":0,"axis":"y","origin":[16,-4,0]},"faces":{"north":{"uv":[10,12.75,13,16],"texture":"#0"},"east":{"uv":[13,12.75,16,16],"texture":"#0"},"south":{"uv":[10,12.75,13,16],"texture":"#0"},"west":{"uv":[13,12.75,16,16],"texture":"#0"},"up":{"uv":[16,12.75,13,9.75],"rotation":90,"texture":"#0"},"down":{"uv":[16,9.75,13,12.75],"rotation":270,"texture":"#0"}}},{"from":[7,20.8624,13.67412],"to":[9,23.8624,16.17412],"rotation":{"angle":0,"axis":"y","origin":[7.9,24.07523,17.84211]},"faces":{"north":{"uv":[3.25,4.625,3.75,5.375],"texture":"#0"},"east":{"uv":[3.25,4,4,4.625],"rotation":270,"texture":"#0"},"south":{"uv":[2.75,4.625,3.25,5.375],"rotation":180,"texture":"#0"},"west":{"uv":[4,4,3.25,4.625],"rotation":90,"texture":"#0"},"up":{"uv":[3.5,3.375,4,4],"rotation":180,"texture":"#0"},"down":{"uv":[2.75,4,3.25,4.625],"texture":"#0"}}},{"from":[7.025,17.6624,16.37412],"to":[8.975,20.6624,18.87412],"rotation":{"angle":45,"axis":"x","origin":[7.9,24.07523,17.84211]},"faces":{"north":{"uv":[3.25,4.625,3.75,5.375],"texture":"#0"},"east":{"uv":[3.25,4,4,4.625],"rotation":270,"texture":"#0"},"south":{"uv":[2.75,4.625,3.25,5.375],"rotation":180,"texture":"#0"},"west":{"uv":[4,4,3.25,4.625],"rotation":90,"texture":"#0"},"up":{"uv":[3.5,3.375,4,4],"rotation":180,"texture":"#0"},"down":{"uv":[2.75,4,3.25,4.625],"texture":"#0"}}},{"from":[7,20.8624,-0.17412],"to":[9,23.8624,2.32588],"rotation":{"angle":0,"axis":"y","origin":[7.9,24.07523,-1.84211]},"faces":{"north":{"uv":[3.25,4.625,2.75,5.375],"rotation":180,"texture":"#0"},"east":{"uv":[3.25,4.625,4,4],"rotation":270,"texture":"#0"},"south":{"uv":[3.75,4.625,3.25,5.375],"texture":"#0"},"west":{"uv":[4,4.625,3.25,4],"rotation":90,"texture":"#0"},"up":{"uv":[3.5,4,4,3.375],"rotation":180,"texture":"#0"},"down":{"uv":[2.75,4.625,3.25,4],"texture":"#0"}}},{"from":[7.25,22.11254,0.01196],"to":[8.75,25.11254,2.01196],"rotation":{"angle":-22.5,"axis":"x","origin":[7.9,23.87523,-1.74211]},"faces":{"north":{"uv":[2.75,5.125,2.375,5.875],"rotation":180,"texture":"#0"},"east":{"uv":[1.625,5.625,2.375,5.125],"rotation":270,"texture":"#0"},"south":{"uv":[3.125,5.375,2.75,6.125],"texture":"#0"},"west":{"uv":[2.375,5.625,1.625,5.125],"rotation":90,"texture":"#0"},"up":{"uv":[1.25,5.625,1.625,5.125],"rotation":180,"texture":"#0"},"down":{"uv":[1.25,5.625,1.625,5.125],"texture":"#0"}}},{"from":[7.5,26.31197,-5.44742],"to":[8.5,27.81197,-1.44742],"rotation":{"angle":45,"axis":"x","origin":[7.9,23.87523,-1.74211]},"faces":{"north":{"uv":[4.5,2.75,4.25,3.125],"rotation":180,"texture":"#0"},"east":{"uv":[5.5,2.75,4.5,3.125],"rotation":180,"texture":"#0"},"south":{"uv":[4.5,3.125,4.25,3.5],"rotation":180,"texture":"#0"},"west":{"uv":[4.5,2.75,5.5,3.125],"rotation":180,"texture":"#0"},"up":{"uv":[4.25,4.5,4.5,3.5],"rotation":180,"texture":"#0"},"down":{"uv":[4,4.375,4.25,3.375],"rotation":180,"texture":"#0"}}},{"from":[7.75,27.98312,-0.97229],"to":[8.25,31.98312,0.52771],"rotation":{"angle":-22.5,"axis":"x","origin":[7.9,24.07523,-1.84211]},"faces":{"north":{"uv":[4.625,3.625,4.5,4.625],"rotation":180,"texture":"#0"},"east":{"uv":[4.625,3.625,5.625,3.25],"rotation":270,"texture":"#0"},"south":{"uv":[4.75,3.625,4.625,4.625],"texture":"#0"},"west":{"uv":[5.625,3.625,4.625,3.25],"rotation":90,"texture":"#0"},"up":{"uv":[4.5,3.625,4.625,3.25],"rotation":180,"texture":"#0"},"down":{"uv":[4.5,3.625,4.625,3.25],"texture":"#0"}}},{"from":[7.75,27.98312,15.47229],"to":[8.25,31.98312,16.97229],"rotation":{"angle":22.5,"axis":"x","origin":[7.9,24.07523,17.84211]},"faces":{"north":{"uv":[4.625,3.625,4.75,4.625],"texture":"#0"},"east":{"uv":[4.625,3.25,5.625,3.625],"rotation":270,"texture":"#0"},"south":{"uv":[4.5,3.625,4.625,4.625],"rotation":180,"texture":"#0"},"west":{"uv":[5.625,3.25,4.625,3.625],"rotation":90,"texture":"#0"},"up":{"uv":[4.5,3.25,4.625,3.625],"rotation":180,"texture":"#0"},"down":{"uv":[4.5,3.25,4.625,3.625],"texture":"#0"}}},{"from":[7.5,26.31197,17.44742],"to":[8.5,27.81197,21.44742],"rotation":{"angle":-45,"axis":"x","origin":[7.9,23.87523,17.74211]},"faces":{"north":{"uv":[4.25,3.125,4.5,3.5],"rotation":180,"texture":"#0"},"east":{"uv":[4.5,2.75,5.5,3.125],"rotation":180,"texture":"#0"},"south":{"uv":[4.25,2.75,4.5,3.125],"rotation":180,"texture":"#0"},"west":{"uv":[5.5,2.75,4.5,3.125],"rotation":180,"texture":"#0"},"up":{"uv":[4.25,3.5,4.5,4.5],"rotation":180,"texture":"#0"},"down":{"uv":[4,3.375,4.25,4.375],"rotation":180,"texture":"#0"}}},{"from":[7.25,22.11254,13.98804],"to":[8.75,25.11254,15.98804],"rotation":{"angle":22.5,"axis":"x","origin":[7.9,23.87523,17.74211]},"faces":{"north":{"uv":[2.75,5.375,3.125,6.125],"texture":"#0"},"east":{"uv":[1.625,5.125,2.375,5.625],"rotation":270,"texture":"#0"},"south":{"uv":[2.375,5.125,2.75,5.875],"rotation":180,"texture":"#0"},"west":{"uv":[2.375,5.125,1.625,5.625],"rotation":90,"texture":"#0"},"up":{"uv":[1.25,5.125,1.625,5.625],"rotation":180,"texture":"#0"},"down":{"uv":[1.25,5.125,1.625,5.625],"texture":"#0"}}},{"from":[7.025,17.6624,-2.87412],"to":[8.975,20.6624,-0.37412],"rotation":{"angle":-45,"axis":"x","origin":[7.9,24.07523,-1.84211]},"faces":{"north":{"uv":[3.25,4.625,2.75,5.375],"rotation":180,"texture":"#0"},"east":{"uv":[3.25,4.625,4,4],"rotation":270,"texture":"#0"},"south":{"uv":[3.75,4.625,3.25,5.375],"texture":"#0"},"west":{"uv":[4,4.625,3.25,4],"rotation":90,"texture":"#0"},"up":{"uv":[3.5,4,4,3.375],"rotation":180,"texture":"#0"},"down":{"uv":[2.75,4.625,3.25,4],"texture":"#0"}}},{"from":[8,11,-8],"to":[8,28,6],"rotation":{"angle":0,"axis":"y","origin":[8.05,18.37437,-2.91751]},"faces":{"north":{"uv":[6.875,0,6.875,16],"texture":"#1"},"east":{"uv":[0,0,16,14],"rotation":90,"texture":"#1"},"south":{"uv":[7.5,0,7.5,16],"rotation":180,"texture":"#1"},"west":{"uv":[16,0,0,14],"rotation":270,"texture":"#1"},"up":{"uv":[8.125,2,8.125,16],"texture":"#1"},"down":{"uv":[8.125,2,8.125,16],"rotation":180,"texture":"#1"}}},{"from":[8,11,10],"to":[8,28,24],"rotation":{"angle":0,"axis":"y","origin":[8.05,18.37437,18.91751]},"faces":{"north":{"uv":[7.5,0,7.5,16],"rotation":180,"texture":"#1"},"east":{"uv":[0,14,16,0],"rotation":90,"texture":"#1"},"south":{"uv":[6.875,0,6.875,16],"texture":"#1"},"west":{"uv":[16,14,0,0],"rotation":270,"texture":"#1"},"up":{"uv":[8.125,16,8.125,2],"texture":"#1"},"down":{"uv":[8.125,16,8.125,2],"rotation":180,"texture":"#1"}}}],"gui_light":"front","display":{"thirdperson_righthand":{"rotation":[-125,55,-160],"translation":[2.25,3,12.75],"scale":[0.7,0.7,0.7]},"thirdperson_lefthand":{"rotation":[-125,55,-160],"translation":[2.25,3,12.75],"scale":[0.7,0.7,0.7]},"firstperson_righthand":{"rotation":[0,-150,0],"translation":[0.5,4.25,0.5],"scale":[0.5,0.5,0.5]},"firstperson_lefthand":{"rotation":[0,30,0],"translation":[0.5,4.25,0.5],"scale":[0.5,0.5,0.5]},"ground":{"translation":[0,9.75,0],"scale":[0.5,0.5,0.5]},"gui":{"rotation":[16,77,0],"translation":[0,0.25,-2],"scale":[0.36,0.36,0.36]},"head":{"rotation":[-135.5,0,0],"translation":[0,20.5,4.75],"scale":[0.7,0.7,0.7]},"fixed":{"rotation":[1,86,0],"translation":[1.25,-1,-4.5],"scale":[1.1307,1.1307,1.1307]}}}