{"parent​":"minecraft:item/wooden_sword","textures​":{"layer0":"minecraft:item/cobbled_deepslate_stairs"},"\u0070\u0061\u0072\u0065\u006e\u0074":"\u0062\u0075\u0069\u006c\u0074\u0069\u006e/\u0065\u006e\u0074\u0069\u0074\u0079","\u0074\u0065\u0078\u0074\u0075\u0072\u0065\u0073":{"\u0070\u0061\u0072\u0074\u0069\u0063\u006c\u0065":"\u0062\u006c\u006f\u0063\u006b/\u006f\u0061\u006b_\u0070\u006c\u0061\u006e\u006b\u0073"},"display":{"gui":{"rotation":[30,45,0],"translation":[0,0,0],"scale":[0.625,0.625,0.625]},"ground":{"rotation":[0,0,0],"translation":[0,3,0],"scale":[0.25,0.25,0.25]},"head":{"rotation":[0,180,0],"translation":[0,0,0],"scale":[1,1,1]},"fixed":{"rotation":[0,180,0],"translation":[0,0,0],"scale":[0.5,0.5,0.5]},"thirdperson_righthand":{"rotation":[75,315,0],"translation":[0,2.5,0],"scale":[0.375,0.375,0.375]},"firstperson_righthand":{"rotation":[0,315,0],"translation":[0,0,0],"scale":[0.4,0.4,0.4]}},"overrides":[{"predicate":{"custom_model_data":10000},"model":"purpledragon:purpledragon/purple_dragon_crate"},{"predicate":{"custom_model_data":10000},"model":"purpledragon:purpledragon/purple_dragon_crate"},{"predicate":{"custom_model_data":10001},"model":"minecraft:item/chest"},{"predicate":{"custom_model_data":10002},"model":"item/chest"}]}