{"parent​":"minecraft:item/polished_blackstone_stairs","textures​":{"layer0":"minecraft:item/vex_spawn_egg"},"\u0070\u0061\u0072\u0065\u006e\u0074":"\u006d\u0069\u006e\u0065\u0063\u0072\u0061\u0066\u0074:\u0069\u0074\u0065\u006d/\u0068\u0061\u006e\u0064\u0068\u0065\u006c\u0064","\u0074\u0065\u0078\u0074\u0075\u0072\u0065\u0073":{"\u006c\u0061\u0079\u0065\u00720":"\u006d\u0069\u006e\u0065\u0063\u0072\u0061\u0066\u0074:\u0069\u0074\u0065\u006d/\u0064\u0069\u0061\u006d\u006f\u006e\u0064_\u0073\u0068\u006f\u0076\u0065\u006c"},"overrides":[{"predicate":{"custom_model_data":10000},"model":"purpleworldset:purpleworldset/purpleworld_shovel"},{"predicate":{"custom_model_data":10000},"model":"purpleworldset:purpleworldset/purpleworld_shovel"},{"predicate":{"custom_model_data":10001},"model":"default_tools:diamond/diamond_shovel"},{"predicate":{"custom_model_data":10001},"model":"default_tools:diamond/diamond_shovel"},{"predicate":{"custom_model_data":10002},"model":"minecraft:item/diamond_shovel"},{"predicate":{"custom_model_data":10003},"model":"purpledragon:purpledragon/purple_dragon_shovel"},{"predicate":{"custom_model_data":10003},"model":"purpledragon:purpledragon/purple_dragon_shovel"},{"predicate":{"custom_model_data":10004},"model":"minecraft:item/diamond_shovel"},{"predicate":{"custom_model_data":10004},"model":"akaleaf_discord_nitro:item/discord_nitro_shovel"},{"predicate":{"custom_model_data":10005},"model":"bonekeeper_set:bonekeeper_set/shovel"},{"predicate":{"custom_model_data":10006},"model":"warden_set:shovel"},{"predicate":{"custom_model_data":10008},"model":"darkworldpack:normal/shovel"},{"predicate":{"custom_model_data":10010},"model":"elitecreatures:wukong_animated/shovel"},{"predicate":{"custom_model_data":10011},"model":"hmcwraps:emerald_shovel"},{"predicate":{"custom_model_data":10012},"model":"cutiecatpack:cutiecatpack/shovel"},{"predicate":{"custom_model_data":10013},"model":"item/diamond_shovel"}]}