{"parent​":"minecraft:item/iron_chestplate","textures​":{"layer0":"minecraft:item/scaffolding"},"\u0070\u0061\u0072\u0065\u006e\u0074":"\u006d\u0069\u006e\u0065\u0063\u0072\u0061\u0066\u0074:\u0069\u0074\u0065\u006d/\u0068\u0061\u006e\u0064\u0068\u0065\u006c\u0064","\u0074\u0065\u0078\u0074\u0075\u0072\u0065\u0073":{"\u006c\u0061\u0079\u0065\u00720":"\u006d\u0069\u006e\u0065\u0063\u0072\u0061\u0066\u0074:\u0069\u0074\u0065\u006d/\u0064\u0069\u0061\u006d\u006f\u006e\u0064_\u0070\u0069\u0063\u006b\u0061\u0078\u0065"},"overrides":[{"predicate":{"custom_model_data":5000},"model":"hmcwraps:fire_pickaxe"},{"predicate":{"custom_model_data":10000},"model":"purpleworldset:purpleworldset/purpleworld_pickaxe"},{"predicate":{"custom_model_data":10000},"model":"purpleworldset:purpleworldset/purpleworld_pickaxe"},{"predicate":{"custom_model_data":10001},"model":"default_tools:diamond/diamond_pickaxe"},{"predicate":{"custom_model_data":10001},"model":"default_tools:diamond/diamond_pickaxe"},{"predicate":{"custom_model_data":10002},"model":"ruby_vol_1_pack:ruby_vol_1_pack/pick_ruby_vol_1"},{"predicate":{"custom_model_data":10002},"model":"ruby_vol_1_pack:ruby_vol_1_pack/pick_ruby_vol_1"},{"predicate":{"custom_model_data":10003},"model":"minecraft:item/diamond_pickaxe"},{"predicate":{"custom_model_data":10004},"model":"purpledragon:purpledragon/purple_dragon_pickaxe"},{"predicate":{"custom_model_data":10004},"model":"purpledragon:purpledragon/purple_dragon_pickaxe"},{"predicate":{"custom_model_data":10005},"model":"minecraft:item/diamond_pickaxe"},{"predicate":{"custom_model_data":10005},"model":"akaleaf_discord_nitro:item/discord_nitro_pickaxe"},{"predicate":{"custom_model_data":10006},"model":"bonekeeper_set:bonekeeper_set/pickaxe"},{"predicate":{"custom_model_data":10007},"model":"warden_set:pickaxe"},{"predicate":{"custom_model_data":10009},"model":"darkworldpack:normal/pickaxe"},{"predicate":{"custom_model_data":10011},"model":"elitecreatures:wukong_animated/pickaxe"},{"predicate":{"custom_model_data":10012},"model":"hmcwraps:emerald_pickaxe"},{"predicate":{"custom_model_data":10013},"model":"cutiecatpack:cutiecatpack/pickaxe"},{"predicate":{"custom_model_data":10014},"model":"item/diamond_pickaxe"}]}