{"parent​":"minecraft:item/lightning_rod","textures​":{"layer0":"minecraft:item/music_disc_chirp"},"\u0070\u0061\u0072\u0065\u006e\u0074":"\u006d\u0069\u006e\u0065\u0063\u0072\u0061\u0066\u0074:\u0069\u0074\u0065\u006d/\u0067\u0065\u006e\u0065\u0072\u0061\u0074\u0065\u0064","\u0074\u0065\u0078\u0074\u0075\u0072\u0065\u0073":{"\u006c\u0061\u0079\u0065\u00720":"\u006d\u0069\u006e\u0065\u0063\u0072\u0061\u0066\u0074:\u0069\u0074\u0065\u006d/\u006b\u0065\u006c\u0070"},"overrides":[{"predicate":{"custom_model_data":10000},"model":"elitecreatures:ifrit_animated/helmet"},{"predicate":{"custom_model_data":10001},"model":"elitecreatures:ifrit_animated/balloon"},{"predicate":{"custom_model_data":10002},"model":"elitecreatures:ifrit_animated/key"},{"predicate":{"custom_model_data":10003},"model":"elitecreatures:ifrit_animated/quiver"},{"predicate":{"custom_model_data":10004},"model":"elitecreatures:junk_food_cosmetic/drink"},{"predicate":{"custom_model_data":10005},"model":"elitecreatures:junk_food_cosmetic/hot_dog_hat"},{"predicate":{"custom_model_data":10006},"model":"elitecreatures:junk_food_cosmetic/hot_dog_hat_self"},{"predicate":{"custom_model_data":10007},"model":"elitecreatures:junk_food_cosmetic/icecream"},{"predicate":{"custom_model_data":10008},"model":"elitecreatures:junk_food_cosmetic/pizza_hat"},{"predicate":{"custom_model_data":10009},"model":"item/kelp"}]}