{"parent​":"minecraft:item/acacia_wood","textures​":{"layer0":"minecraft:item/golden_apple"},"\u0070\u0061\u0072\u0065\u006e\u0074":"\u0069\u0074\u0065\u006d/\u0067\u0065\u006e\u0065\u0072\u0061\u0074\u0065\u0064","\u0074\u0065\u0078\u0074\u0075\u0072\u0065\u0073":{"\u006c\u0061\u0079\u0065\u00720":"\u0069\u0074\u0065\u006d/\u006c\u0065\u0061\u0074\u0068\u0065\u0072_\u006c\u0065\u0067\u0067\u0069\u006e\u0067\u0073","\u006c\u0061\u0079\u0065\u00721":"\u0069\u0074\u0065\u006d/\u006c\u0065\u0061\u0074\u0068\u0065\u0072_\u006c\u0065\u0067\u0067\u0069\u006e\u0067\u0073_\u006f\u0076\u0065\u0072\u006c\u0061\u0079"},"overrides":[{"model":"minecraft:item/leather_leggings_quartz_trim","predicate":{"trim_type":0.1}},{"model":"minecraft:item/leather_leggings_iron_trim","predicate":{"trim_type":0.2}},{"model":"minecraft:item/leather_leggings_netherite_trim","predicate":{"trim_type":0.3}},{"model":"minecraft:item/leather_leggings_redstone_trim","predicate":{"trim_type":0.4}},{"model":"minecraft:item/leather_leggings_copper_trim","predicate":{"trim_type":0.5}},{"model":"minecraft:item/leather_leggings_gold_trim","predicate":{"trim_type":0.6}},{"model":"minecraft:item/leather_leggings_emerald_trim","predicate":{"trim_type":0.7}},{"model":"minecraft:item/leather_leggings_diamond_trim","predicate":{"trim_type":0.8}},{"model":"minecraft:item/leather_leggings_lapis_trim","predicate":{"trim_type":0.9}},{"model":"minecraft:item/leather_leggings_amethyst_trim","predicate":{"trim_type":1.0}},{"predicate":{"custom_model_data":2006},"model":"custom/armor/thor_leggings"},{"predicate":{"custom_model_data":2006},"model":"thor_armor:ia_auto_gen/thor_leggings"},{"predicate":{"trim_type":0.1,"custom_model_data":2006},"model":"thor_armor:ia_auto_gen/thor_leggings"},{"predicate":{"trim_type":0.2,"custom_model_data":2006},"model":"thor_armor:ia_auto_gen/thor_leggings"},{"predicate":{"trim_type":0.3,"custom_model_data":2006},"model":"thor_armor:ia_auto_gen/thor_leggings"},{"predicate":{"trim_type":0.4,"custom_model_data":2006},"model":"thor_armor:ia_auto_gen/thor_leggings"},{"predicate":{"trim_type":0.5,"custom_model_data":2006},"model":"thor_armor:ia_auto_gen/thor_leggings"},{"predicate":{"trim_type":0.6,"custom_model_data":2006},"model":"thor_armor:ia_auto_gen/thor_leggings"},{"predicate":{"trim_type":0.7,"custom_model_data":2006},"model":"thor_armor:ia_auto_gen/thor_leggings"},{"predicate":{"trim_type":0.8,"custom_model_data":2006},"model":"thor_armor:ia_auto_gen/thor_leggings"},{"predicate":{"trim_type":0.9,"custom_model_data":2006},"model":"thor_armor:ia_auto_gen/thor_leggings"},{"predicate":{"trim_type":1.0,"custom_model_data":2006},"model":"thor_armor:ia_auto_gen/thor_leggings"},{"predicate":{"custom_model_data":2007},"model":"nexusset:ia_auto_gen/nexussetleggings"},{"predicate":{"trim_type":0.1,"custom_model_data":2007},"model":"nexusset:ia_auto_gen/nexussetleggings"},{"predicate":{"trim_type":0.2,"custom_model_data":2007},"model":"nexusset:ia_auto_gen/nexussetleggings"},{"predicate":{"trim_type":0.3,"custom_model_data":2007},"model":"nexusset:ia_auto_gen/nexussetleggings"},{"predicate":{"trim_type":0.4,"custom_model_data":2007},"model":"nexusset:ia_auto_gen/nexussetleggings"},{"predicate":{"trim_type":0.5,"custom_model_data":2007},"model":"nexusset:ia_auto_gen/nexussetleggings"},{"predicate":{"trim_type":0.6,"custom_model_data":2007},"model":"nexusset:ia_auto_gen/nexussetleggings"},{"predicate":{"trim_type":0.7,"custom_model_data":2007},"model":"nexusset:ia_auto_gen/nexussetleggings"},{"predicate":{"trim_type":0.8,"custom_model_data":2007},"model":"nexusset:ia_auto_gen/nexussetleggings"},{"predicate":{"trim_type":0.9,"custom_model_data":2007},"model":"nexusset:ia_auto_gen/nexussetleggings"},{"predicate":{"trim_type":1.0,"custom_model_data":2007},"model":"nexusset:ia_auto_gen/nexussetleggings"},{"predicate":{"custom_model_data":2008},"model":"elitecreatures:ia_auto_gen/valentines_leggings"},{"predicate":{"trim_type":0.1,"custom_model_data":2008},"model":"elitecreatures:ia_auto_gen/valentines_leggings"},{"predicate":{"trim_type":0.2,"custom_model_data":2008},"model":"elitecreatures:ia_auto_gen/valentines_leggings"},{"predicate":{"trim_type":0.3,"custom_model_data":2008},"model":"elitecreatures:ia_auto_gen/valentines_leggings"},{"predicate":{"trim_type":0.4,"custom_model_data":2008},"model":"elitecreatures:ia_auto_gen/valentines_leggings"},{"predicate":{"trim_type":0.5,"custom_model_data":2008},"model":"elitecreatures:ia_auto_gen/valentines_leggings"},{"predicate":{"trim_type":0.6,"custom_model_data":2008},"model":"elitecreatures:ia_auto_gen/valentines_leggings"},{"predicate":{"trim_type":0.7,"custom_model_data":2008},"model":"elitecreatures:ia_auto_gen/valentines_leggings"},{"predicate":{"trim_type":0.8,"custom_model_data":2008},"model":"elitecreatures:ia_auto_gen/valentines_leggings"},{"predicate":{"trim_type":0.9,"custom_model_data":2008},"model":"elitecreatures:ia_auto_gen/valentines_leggings"},{"predicate":{"trim_type":1.0,"custom_model_data":2008},"model":"elitecreatures:ia_auto_gen/valentines_leggings"},{"predicate":{"custom_model_data":10000},"model":"elitecreatures:ia_auto_gen/valentines_animated_weapon_and_tool_set_v1_leggings"},{"predicate":{"trim_type":0.1,"custom_model_data":10000},"model":"elitecreatures:ia_auto_gen/valentines_animated_weapon_and_tool_set_v1_leggings"},{"predicate":{"trim_type":0.2,"custom_model_data":10000},"model":"elitecreatures:ia_auto_gen/valentines_animated_weapon_and_tool_set_v1_leggings"},{"predicate":{"trim_type":0.3,"custom_model_data":10000},"model":"elitecreatures:ia_auto_gen/valentines_animated_weapon_and_tool_set_v1_leggings"},{"predicate":{"trim_type":0.4,"custom_model_data":10000},"model":"elitecreatures:ia_auto_gen/valentines_animated_weapon_and_tool_set_v1_leggings"},{"predicate":{"trim_type":0.5,"custom_model_data":10000},"model":"elitecreatures:ia_auto_gen/valentines_animated_weapon_and_tool_set_v1_leggings"},{"predicate":{"trim_type":0.6,"custom_model_data":10000},"model":"elitecreatures:ia_auto_gen/valentines_animated_weapon_and_tool_set_v1_leggings"},{"predicate":{"trim_type":0.7,"custom_model_data":10000},"model":"elitecreatures:ia_auto_gen/valentines_animated_weapon_and_tool_set_v1_leggings"},{"predicate":{"trim_type":0.8,"custom_model_data":10000},"model":"elitecreatures:ia_auto_gen/valentines_animated_weapon_and_tool_set_v1_leggings"},{"predicate":{"trim_type":0.9,"custom_model_data":10000},"model":"elitecreatures:ia_auto_gen/valentines_animated_weapon_and_tool_set_v1_leggings"},{"predicate":{"trim_type":1.0,"custom_model_data":10000},"model":"elitecreatures:ia_auto_gen/valentines_animated_weapon_and_tool_set_v1_leggings"},{"predicate":{"custom_model_data":10001},"model":"bonekeeper_set:ia_auto_gen/bonekeeper_leggings"},{"predicate":{"trim_type":0.1,"custom_model_data":10001},"model":"bonekeeper_set:ia_auto_gen/bonekeeper_leggings"},{"predicate":{"trim_type":0.2,"custom_model_data":10001},"model":"bonekeeper_set:ia_auto_gen/bonekeeper_leggings"},{"predicate":{"trim_type":0.3,"custom_model_data":10001},"model":"bonekeeper_set:ia_auto_gen/bonekeeper_leggings"},{"predicate":{"trim_type":0.4,"custom_model_data":10001},"model":"bonekeeper_set:ia_auto_gen/bonekeeper_leggings"},{"predicate":{"trim_type":0.5,"custom_model_data":10001},"model":"bonekeeper_set:ia_auto_gen/bonekeeper_leggings"},{"predicate":{"trim_type":0.6,"custom_model_data":10001},"model":"bonekeeper_set:ia_auto_gen/bonekeeper_leggings"},{"predicate":{"trim_type":0.7,"custom_model_data":10001},"model":"bonekeeper_set:ia_auto_gen/bonekeeper_leggings"},{"predicate":{"trim_type":0.8,"custom_model_data":10001},"model":"bonekeeper_set:ia_auto_gen/bonekeeper_leggings"},{"predicate":{"trim_type":0.9,"custom_model_data":10001},"model":"bonekeeper_set:ia_auto_gen/bonekeeper_leggings"},{"predicate":{"trim_type":1.0,"custom_model_data":10001},"model":"bonekeeper_set:ia_auto_gen/bonekeeper_leggings"},{"predicate":{"custom_model_data":10003},"model":"elitecreatures:ia_auto_gen/bahamut_animated_weapon_set_leggings"},{"predicate":{"trim_type":0.1,"custom_model_data":10003},"model":"elitecreatures:ia_auto_gen/bahamut_animated_weapon_set_leggings"},{"predicate":{"trim_type":0.2,"custom_model_data":10003},"model":"elitecreatures:ia_auto_gen/bahamut_animated_weapon_set_leggings"},{"predicate":{"trim_type":0.3,"custom_model_data":10003},"model":"elitecreatures:ia_auto_gen/bahamut_animated_weapon_set_leggings"},{"predicate":{"trim_type":0.4,"custom_model_data":10003},"model":"elitecreatures:ia_auto_gen/bahamut_animated_weapon_set_leggings"},{"predicate":{"trim_type":0.5,"custom_model_data":10003},"model":"elitecreatures:ia_auto_gen/bahamut_animated_weapon_set_leggings"},{"predicate":{"trim_type":0.6,"custom_model_data":10003},"model":"elitecreatures:ia_auto_gen/bahamut_animated_weapon_set_leggings"},{"predicate":{"trim_type":0.7,"custom_model_data":10003},"model":"elitecreatures:ia_auto_gen/bahamut_animated_weapon_set_leggings"},{"predicate":{"trim_type":0.8,"custom_model_data":10003},"model":"elitecreatures:ia_auto_gen/bahamut_animated_weapon_set_leggings"},{"predicate":{"trim_type":0.9,"custom_model_data":10003},"model":"elitecreatures:ia_auto_gen/bahamut_animated_weapon_set_leggings"},{"predicate":{"trim_type":1.0,"custom_model_data":10003},"model":"elitecreatures:ia_auto_gen/bahamut_animated_weapon_set_leggings"},{"predicate":{"custom_model_data":10004},"model":"elitecreatures:ia_auto_gen/darkflame_animated_weapon_set_leggings"},{"predicate":{"trim_type":0.1,"custom_model_data":10004},"model":"elitecreatures:ia_auto_gen/darkflame_animated_weapon_set_leggings"},{"predicate":{"trim_type":0.2,"custom_model_data":10004},"model":"elitecreatures:ia_auto_gen/darkflame_animated_weapon_set_leggings"},{"predicate":{"trim_type":0.3,"custom_model_data":10004},"model":"elitecreatures:ia_auto_gen/darkflame_animated_weapon_set_leggings"},{"predicate":{"trim_type":0.4,"custom_model_data":10004},"model":"elitecreatures:ia_auto_gen/darkflame_animated_weapon_set_leggings"},{"predicate":{"trim_type":0.5,"custom_model_data":10004},"model":"elitecreatures:ia_auto_gen/darkflame_animated_weapon_set_leggings"},{"predicate":{"trim_type":0.6,"custom_model_data":10004},"model":"elitecreatures:ia_auto_gen/darkflame_animated_weapon_set_leggings"},{"predicate":{"trim_type":0.7,"custom_model_data":10004},"model":"elitecreatures:ia_auto_gen/darkflame_animated_weapon_set_leggings"},{"predicate":{"trim_type":0.8,"custom_model_data":10004},"model":"elitecreatures:ia_auto_gen/darkflame_animated_weapon_set_leggings"},{"predicate":{"trim_type":0.9,"custom_model_data":10004},"model":"elitecreatures:ia_auto_gen/darkflame_animated_weapon_set_leggings"},{"predicate":{"trim_type":1.0,"custom_model_data":10004},"model":"elitecreatures:ia_auto_gen/darkflame_animated_weapon_set_leggings"},{"predicate":{"custom_model_data":10005},"model":"darkworldpack:ia_auto_gen/darkworld_leggings"},{"predicate":{"trim_type":0.1,"custom_model_data":10005},"model":"darkworldpack:ia_auto_gen/darkworld_leggings"},{"predicate":{"trim_type":0.2,"custom_model_data":10005},"model":"darkworldpack:ia_auto_gen/darkworld_leggings"},{"predicate":{"trim_type":0.3,"custom_model_data":10005},"model":"darkworldpack:ia_auto_gen/darkworld_leggings"},{"predicate":{"trim_type":0.4,"custom_model_data":10005},"model":"darkworldpack:ia_auto_gen/darkworld_leggings"},{"predicate":{"trim_type":0.5,"custom_model_data":10005},"model":"darkworldpack:ia_auto_gen/darkworld_leggings"},{"predicate":{"trim_type":0.6,"custom_model_data":10005},"model":"darkworldpack:ia_auto_gen/darkworld_leggings"},{"predicate":{"trim_type":0.7,"custom_model_data":10005},"model":"darkworldpack:ia_auto_gen/darkworld_leggings"},{"predicate":{"trim_type":0.8,"custom_model_data":10005},"model":"darkworldpack:ia_auto_gen/darkworld_leggings"},{"predicate":{"trim_type":0.9,"custom_model_data":10005},"model":"darkworldpack:ia_auto_gen/darkworld_leggings"},{"predicate":{"trim_type":1.0,"custom_model_data":10005},"model":"darkworldpack:ia_auto_gen/darkworld_leggings"},{"predicate":{"custom_model_data":10006},"model":"fiendskullset:ia_auto_gen/fiendskullleggings"},{"predicate":{"trim_type":0.1,"custom_model_data":10006},"model":"fiendskullset:ia_auto_gen/fiendskullleggings"},{"predicate":{"trim_type":0.2,"custom_model_data":10006},"model":"fiendskullset:ia_auto_gen/fiendskullleggings"},{"predicate":{"trim_type":0.3,"custom_model_data":10006},"model":"fiendskullset:ia_auto_gen/fiendskullleggings"},{"predicate":{"trim_type":0.4,"custom_model_data":10006},"model":"fiendskullset:ia_auto_gen/fiendskullleggings"},{"predicate":{"trim_type":0.5,"custom_model_data":10006},"model":"fiendskullset:ia_auto_gen/fiendskullleggings"},{"predicate":{"trim_type":0.6,"custom_model_data":10006},"model":"fiendskullset:ia_auto_gen/fiendskullleggings"},{"predicate":{"trim_type":0.7,"custom_model_data":10006},"model":"fiendskullset:ia_auto_gen/fiendskullleggings"},{"predicate":{"trim_type":0.8,"custom_model_data":10006},"model":"fiendskullset:ia_auto_gen/fiendskullleggings"},{"predicate":{"trim_type":0.9,"custom_model_data":10006},"model":"fiendskullset:ia_auto_gen/fiendskullleggings"},{"predicate":{"trim_type":1.0,"custom_model_data":10006},"model":"fiendskullset:ia_auto_gen/fiendskullleggings"},{"predicate":{"custom_model_data":10007},"model":"elitecreatures:ia_auto_gen/ghostly_animated_weapon_set_leggings"},{"predicate":{"trim_type":0.1,"custom_model_data":10007},"model":"elitecreatures:ia_auto_gen/ghostly_animated_weapon_set_leggings"},{"predicate":{"trim_type":0.2,"custom_model_data":10007},"model":"elitecreatures:ia_auto_gen/ghostly_animated_weapon_set_leggings"},{"predicate":{"trim_type":0.3,"custom_model_data":10007},"model":"elitecreatures:ia_auto_gen/ghostly_animated_weapon_set_leggings"},{"predicate":{"trim_type":0.4,"custom_model_data":10007},"model":"elitecreatures:ia_auto_gen/ghostly_animated_weapon_set_leggings"},{"predicate":{"trim_type":0.5,"custom_model_data":10007},"model":"elitecreatures:ia_auto_gen/ghostly_animated_weapon_set_leggings"},{"predicate":{"trim_type":0.6,"custom_model_data":10007},"model":"elitecreatures:ia_auto_gen/ghostly_animated_weapon_set_leggings"},{"predicate":{"trim_type":0.7,"custom_model_data":10007},"model":"elitecreatures:ia_auto_gen/ghostly_animated_weapon_set_leggings"},{"predicate":{"trim_type":0.8,"custom_model_data":10007},"model":"elitecreatures:ia_auto_gen/ghostly_animated_weapon_set_leggings"},{"predicate":{"trim_type":0.9,"custom_model_data":10007},"model":"elitecreatures:ia_auto_gen/ghostly_animated_weapon_set_leggings"},{"predicate":{"trim_type":1.0,"custom_model_data":10007},"model":"elitecreatures:ia_auto_gen/ghostly_animated_weapon_set_leggings"},{"predicate":{"custom_model_data":10008},"model":"elitecreatures:ia_auto_gen/headlesshorseman_animated_weapon_set_leggings"},{"predicate":{"trim_type":0.1,"custom_model_data":10008},"model":"elitecreatures:ia_auto_gen/headlesshorseman_animated_weapon_set_leggings"},{"predicate":{"trim_type":0.2,"custom_model_data":10008},"model":"elitecreatures:ia_auto_gen/headlesshorseman_animated_weapon_set_leggings"},{"predicate":{"trim_type":0.3,"custom_model_data":10008},"model":"elitecreatures:ia_auto_gen/headlesshorseman_animated_weapon_set_leggings"},{"predicate":{"trim_type":0.4,"custom_model_data":10008},"model":"elitecreatures:ia_auto_gen/headlesshorseman_animated_weapon_set_leggings"},{"predicate":{"trim_type":0.5,"custom_model_data":10008},"model":"elitecreatures:ia_auto_gen/headlesshorseman_animated_weapon_set_leggings"},{"predicate":{"trim_type":0.6,"custom_model_data":10008},"model":"elitecreatures:ia_auto_gen/headlesshorseman_animated_weapon_set_leggings"},{"predicate":{"trim_type":0.7,"custom_model_data":10008},"model":"elitecreatures:ia_auto_gen/headlesshorseman_animated_weapon_set_leggings"},{"predicate":{"trim_type":0.8,"custom_model_data":10008},"model":"elitecreatures:ia_auto_gen/headlesshorseman_animated_weapon_set_leggings"},{"predicate":{"trim_type":0.9,"custom_model_data":10008},"model":"elitecreatures:ia_auto_gen/headlesshorseman_animated_weapon_set_leggings"},{"predicate":{"trim_type":1.0,"custom_model_data":10008},"model":"elitecreatures:ia_auto_gen/headlesshorseman_animated_weapon_set_leggings"},{"predicate":{"custom_model_data":10009},"model":"elitecreatures:ia_auto_gen/christmas_2023-leggings"},{"predicate":{"trim_type":0.1,"custom_model_data":10009},"model":"elitecreatures:ia_auto_gen/christmas_2023-leggings"},{"predicate":{"trim_type":0.2,"custom_model_data":10009},"model":"elitecreatures:ia_auto_gen/christmas_2023-leggings"},{"predicate":{"trim_type":0.3,"custom_model_data":10009},"model":"elitecreatures:ia_auto_gen/christmas_2023-leggings"},{"predicate":{"trim_type":0.4,"custom_model_data":10009},"model":"elitecreatures:ia_auto_gen/christmas_2023-leggings"},{"predicate":{"trim_type":0.5,"custom_model_data":10009},"model":"elitecreatures:ia_auto_gen/christmas_2023-leggings"},{"predicate":{"trim_type":0.6,"custom_model_data":10009},"model":"elitecreatures:ia_auto_gen/christmas_2023-leggings"},{"predicate":{"trim_type":0.7,"custom_model_data":10009},"model":"elitecreatures:ia_auto_gen/christmas_2023-leggings"},{"predicate":{"trim_type":0.8,"custom_model_data":10009},"model":"elitecreatures:ia_auto_gen/christmas_2023-leggings"},{"predicate":{"trim_type":0.9,"custom_model_data":10009},"model":"elitecreatures:ia_auto_gen/christmas_2023-leggings"},{"predicate":{"trim_type":1.0,"custom_model_data":10009},"model":"elitecreatures:ia_auto_gen/christmas_2023-leggings"},{"predicate":{"custom_model_data":10010},"model":"winterset:ia_auto_gen/winterleggings"},{"predicate":{"trim_type":0.1,"custom_model_data":10010},"model":"winterset:ia_auto_gen/winterleggings"},{"predicate":{"trim_type":0.2,"custom_model_data":10010},"model":"winterset:ia_auto_gen/winterleggings"},{"predicate":{"trim_type":0.3,"custom_model_data":10010},"model":"winterset:ia_auto_gen/winterleggings"},{"predicate":{"trim_type":0.4,"custom_model_data":10010},"model":"winterset:ia_auto_gen/winterleggings"},{"predicate":{"trim_type":0.5,"custom_model_data":10010},"model":"winterset:ia_auto_gen/winterleggings"},{"predicate":{"trim_type":0.6,"custom_model_data":10010},"model":"winterset:ia_auto_gen/winterleggings"},{"predicate":{"trim_type":0.7,"custom_model_data":10010},"model":"winterset:ia_auto_gen/winterleggings"},{"predicate":{"trim_type":0.8,"custom_model_data":10010},"model":"winterset:ia_auto_gen/winterleggings"},{"predicate":{"trim_type":0.9,"custom_model_data":10010},"model":"winterset:ia_auto_gen/winterleggings"},{"predicate":{"trim_type":1.0,"custom_model_data":10010},"model":"winterset:ia_auto_gen/winterleggings"},{"predicate":{"custom_model_data":10011},"model":"lunarset:ia_auto_gen/lunarleggings"},{"predicate":{"trim_type":0.1,"custom_model_data":10011},"model":"lunarset:ia_auto_gen/lunarleggings"},{"predicate":{"trim_type":0.2,"custom_model_data":10011},"model":"lunarset:ia_auto_gen/lunarleggings"},{"predicate":{"trim_type":0.3,"custom_model_data":10011},"model":"lunarset:ia_auto_gen/lunarleggings"},{"predicate":{"trim_type":0.4,"custom_model_data":10011},"model":"lunarset:ia_auto_gen/lunarleggings"},{"predicate":{"trim_type":0.5,"custom_model_data":10011},"model":"lunarset:ia_auto_gen/lunarleggings"},{"predicate":{"trim_type":0.6,"custom_model_data":10011},"model":"lunarset:ia_auto_gen/lunarleggings"},{"predicate":{"trim_type":0.7,"custom_model_data":10011},"model":"lunarset:ia_auto_gen/lunarleggings"},{"predicate":{"trim_type":0.8,"custom_model_data":10011},"model":"lunarset:ia_auto_gen/lunarleggings"},{"predicate":{"trim_type":0.9,"custom_model_data":10011},"model":"lunarset:ia_auto_gen/lunarleggings"},{"predicate":{"trim_type":1.0,"custom_model_data":10011},"model":"lunarset:ia_auto_gen/lunarleggings"},{"predicate":{"custom_model_data":10012},"model":"valentineset:ia_auto_gen/valentineleggings"},{"predicate":{"trim_type":0.1,"custom_model_data":10012},"model":"valentineset:ia_auto_gen/valentineleggings"},{"predicate":{"trim_type":0.2,"custom_model_data":10012},"model":"valentineset:ia_auto_gen/valentineleggings"},{"predicate":{"trim_type":0.3,"custom_model_data":10012},"model":"valentineset:ia_auto_gen/valentineleggings"},{"predicate":{"trim_type":0.4,"custom_model_data":10012},"model":"valentineset:ia_auto_gen/valentineleggings"},{"predicate":{"trim_type":0.5,"custom_model_data":10012},"model":"valentineset:ia_auto_gen/valentineleggings"},{"predicate":{"trim_type":0.6,"custom_model_data":10012},"model":"valentineset:ia_auto_gen/valentineleggings"},{"predicate":{"trim_type":0.7,"custom_model_data":10012},"model":"valentineset:ia_auto_gen/valentineleggings"},{"predicate":{"trim_type":0.8,"custom_model_data":10012},"model":"valentineset:ia_auto_gen/valentineleggings"},{"predicate":{"trim_type":0.9,"custom_model_data":10012},"model":"valentineset:ia_auto_gen/valentineleggings"},{"predicate":{"trim_type":1.0,"custom_model_data":10012},"model":"valentineset:ia_auto_gen/valentineleggings"},{"predicate":{"custom_model_data":10013},"model":"elitecreatures:ia_auto_gen/ifrit_animated-leggings"},{"predicate":{"trim_type":0.1,"custom_model_data":10013},"model":"elitecreatures:ia_auto_gen/ifrit_animated-leggings"},{"predicate":{"trim_type":0.2,"custom_model_data":10013},"model":"elitecreatures:ia_auto_gen/ifrit_animated-leggings"},{"predicate":{"trim_type":0.3,"custom_model_data":10013},"model":"elitecreatures:ia_auto_gen/ifrit_animated-leggings"},{"predicate":{"trim_type":0.4,"custom_model_data":10013},"model":"elitecreatures:ia_auto_gen/ifrit_animated-leggings"},{"predicate":{"trim_type":0.5,"custom_model_data":10013},"model":"elitecreatures:ia_auto_gen/ifrit_animated-leggings"},{"predicate":{"trim_type":0.6,"custom_model_data":10013},"model":"elitecreatures:ia_auto_gen/ifrit_animated-leggings"},{"predicate":{"trim_type":0.7,"custom_model_data":10013},"model":"elitecreatures:ia_auto_gen/ifrit_animated-leggings"},{"predicate":{"trim_type":0.8,"custom_model_data":10013},"model":"elitecreatures:ia_auto_gen/ifrit_animated-leggings"},{"predicate":{"trim_type":0.9,"custom_model_data":10013},"model":"elitecreatures:ia_auto_gen/ifrit_animated-leggings"},{"predicate":{"trim_type":1.0,"custom_model_data":10013},"model":"elitecreatures:ia_auto_gen/ifrit_animated-leggings"},{"predicate":{"custom_model_data":10014},"model":"saintpatricksset:ia_auto_gen/saintpatrick_set_leggings"},{"predicate":{"trim_type":0.1,"custom_model_data":10014},"model":"saintpatricksset:ia_auto_gen/saintpatrick_set_leggings"},{"predicate":{"trim_type":0.2,"custom_model_data":10014},"model":"saintpatricksset:ia_auto_gen/saintpatrick_set_leggings"},{"predicate":{"trim_type":0.3,"custom_model_data":10014},"model":"saintpatricksset:ia_auto_gen/saintpatrick_set_leggings"},{"predicate":{"trim_type":0.4,"custom_model_data":10014},"model":"saintpatricksset:ia_auto_gen/saintpatrick_set_leggings"},{"predicate":{"trim_type":0.5,"custom_model_data":10014},"model":"saintpatricksset:ia_auto_gen/saintpatrick_set_leggings"},{"predicate":{"trim_type":0.6,"custom_model_data":10014},"model":"saintpatricksset:ia_auto_gen/saintpatrick_set_leggings"},{"predicate":{"trim_type":0.7,"custom_model_data":10014},"model":"saintpatricksset:ia_auto_gen/saintpatrick_set_leggings"},{"predicate":{"trim_type":0.8,"custom_model_data":10014},"model":"saintpatricksset:ia_auto_gen/saintpatrick_set_leggings"},{"predicate":{"trim_type":0.9,"custom_model_data":10014},"model":"saintpatricksset:ia_auto_gen/saintpatrick_set_leggings"},{"predicate":{"trim_type":1.0,"custom_model_data":10014},"model":"saintpatricksset:ia_auto_gen/saintpatrick_set_leggings"},{"predicate":{"custom_model_data":10015},"model":"lunardragonset:ia_auto_gen/lunardragonsetleggings"},{"predicate":{"trim_type":0.1,"custom_model_data":10015},"model":"lunardragonset:ia_auto_gen/lunardragonsetleggings"},{"predicate":{"trim_type":0.2,"custom_model_data":10015},"model":"lunardragonset:ia_auto_gen/lunardragonsetleggings"},{"predicate":{"trim_type":0.3,"custom_model_data":10015},"model":"lunardragonset:ia_auto_gen/lunardragonsetleggings"},{"predicate":{"trim_type":0.4,"custom_model_data":10015},"model":"lunardragonset:ia_auto_gen/lunardragonsetleggings"},{"predicate":{"trim_type":0.5,"custom_model_data":10015},"model":"lunardragonset:ia_auto_gen/lunardragonsetleggings"},{"predicate":{"trim_type":0.6,"custom_model_data":10015},"model":"lunardragonset:ia_auto_gen/lunardragonsetleggings"},{"predicate":{"trim_type":0.7,"custom_model_data":10015},"model":"lunardragonset:ia_auto_gen/lunardragonsetleggings"},{"predicate":{"trim_type":0.8,"custom_model_data":10015},"model":"lunardragonset:ia_auto_gen/lunardragonsetleggings"},{"predicate":{"trim_type":0.9,"custom_model_data":10015},"model":"lunardragonset:ia_auto_gen/lunardragonsetleggings"},{"predicate":{"trim_type":1.0,"custom_model_data":10015},"model":"lunardragonset:ia_auto_gen/lunardragonsetleggings"},{"predicate":{"custom_model_data":10016},"model":"protocalset:ia_auto_gen/protocalleggings"},{"predicate":{"trim_type":0.1,"custom_model_data":10016},"model":"protocalset:ia_auto_gen/protocalleggings"},{"predicate":{"trim_type":0.2,"custom_model_data":10016},"model":"protocalset:ia_auto_gen/protocalleggings"},{"predicate":{"trim_type":0.3,"custom_model_data":10016},"model":"protocalset:ia_auto_gen/protocalleggings"},{"predicate":{"trim_type":0.4,"custom_model_data":10016},"model":"protocalset:ia_auto_gen/protocalleggings"},{"predicate":{"trim_type":0.5,"custom_model_data":10016},"model":"protocalset:ia_auto_gen/protocalleggings"},{"predicate":{"trim_type":0.6,"custom_model_data":10016},"model":"protocalset:ia_auto_gen/protocalleggings"},{"predicate":{"trim_type":0.7,"custom_model_data":10016},"model":"protocalset:ia_auto_gen/protocalleggings"},{"predicate":{"trim_type":0.8,"custom_model_data":10016},"model":"protocalset:ia_auto_gen/protocalleggings"},{"predicate":{"trim_type":0.9,"custom_model_data":10016},"model":"protocalset:ia_auto_gen/protocalleggings"},{"predicate":{"trim_type":1.0,"custom_model_data":10016},"model":"protocalset:ia_auto_gen/protocalleggings"},{"predicate":{"custom_model_data":10017},"model":"radiance_collection:ia_auto_gen/radianceleggings"},{"predicate":{"trim_type":0.1,"custom_model_data":10017},"model":"radiance_collection:ia_auto_gen/radianceleggings"},{"predicate":{"trim_type":0.2,"custom_model_data":10017},"model":"radiance_collection:ia_auto_gen/radianceleggings"},{"predicate":{"trim_type":0.3,"custom_model_data":10017},"model":"radiance_collection:ia_auto_gen/radianceleggings"},{"predicate":{"trim_type":0.4,"custom_model_data":10017},"model":"radiance_collection:ia_auto_gen/radianceleggings"},{"predicate":{"trim_type":0.5,"custom_model_data":10017},"model":"radiance_collection:ia_auto_gen/radianceleggings"},{"predicate":{"trim_type":0.6,"custom_model_data":10017},"model":"radiance_collection:ia_auto_gen/radianceleggings"},{"predicate":{"trim_type":0.7,"custom_model_data":10017},"model":"radiance_collection:ia_auto_gen/radianceleggings"},{"predicate":{"trim_type":0.8,"custom_model_data":10017},"model":"radiance_collection:ia_auto_gen/radianceleggings"},{"predicate":{"trim_type":0.9,"custom_model_data":10017},"model":"radiance_collection:ia_auto_gen/radianceleggings"},{"predicate":{"trim_type":1.0,"custom_model_data":10017},"model":"radiance_collection:ia_auto_gen/radianceleggings"},{"predicate":{"custom_model_data":10018},"model":"evergreen_collection:ia_auto_gen/evergreenleggings"},{"predicate":{"trim_type":0.1,"custom_model_data":10018},"model":"evergreen_collection:ia_auto_gen/evergreenleggings"},{"predicate":{"trim_type":0.2,"custom_model_data":10018},"model":"evergreen_collection:ia_auto_gen/evergreenleggings"},{"predicate":{"trim_type":0.3,"custom_model_data":10018},"model":"evergreen_collection:ia_auto_gen/evergreenleggings"},{"predicate":{"trim_type":0.4,"custom_model_data":10018},"model":"evergreen_collection:ia_auto_gen/evergreenleggings"},{"predicate":{"trim_type":0.5,"custom_model_data":10018},"model":"evergreen_collection:ia_auto_gen/evergreenleggings"},{"predicate":{"trim_type":0.6,"custom_model_data":10018},"model":"evergreen_collection:ia_auto_gen/evergreenleggings"},{"predicate":{"trim_type":0.7,"custom_model_data":10018},"model":"evergreen_collection:ia_auto_gen/evergreenleggings"},{"predicate":{"trim_type":0.8,"custom_model_data":10018},"model":"evergreen_collection:ia_auto_gen/evergreenleggings"},{"predicate":{"trim_type":0.9,"custom_model_data":10018},"model":"evergreen_collection:ia_auto_gen/evergreenleggings"},{"predicate":{"trim_type":1.0,"custom_model_data":10018},"model":"evergreen_collection:ia_auto_gen/evergreenleggings"},{"predicate":{"custom_model_data":10019},"model":"starlight:ia_auto_gen/starlightleggings"},{"predicate":{"trim_type":0.1,"custom_model_data":10019},"model":"starlight:ia_auto_gen/starlightleggings"},{"predicate":{"trim_type":0.2,"custom_model_data":10019},"model":"starlight:ia_auto_gen/starlightleggings"},{"predicate":{"trim_type":0.3,"custom_model_data":10019},"model":"starlight:ia_auto_gen/starlightleggings"},{"predicate":{"trim_type":0.4,"custom_model_data":10019},"model":"starlight:ia_auto_gen/starlightleggings"},{"predicate":{"trim_type":0.5,"custom_model_data":10019},"model":"starlight:ia_auto_gen/starlightleggings"},{"predicate":{"trim_type":0.6,"custom_model_data":10019},"model":"starlight:ia_auto_gen/starlightleggings"},{"predicate":{"trim_type":0.7,"custom_model_data":10019},"model":"starlight:ia_auto_gen/starlightleggings"},{"predicate":{"trim_type":0.8,"custom_model_data":10019},"model":"starlight:ia_auto_gen/starlightleggings"},{"predicate":{"trim_type":0.9,"custom_model_data":10019},"model":"starlight:ia_auto_gen/starlightleggings"},{"predicate":{"trim_type":1.0,"custom_model_data":10019},"model":"starlight:ia_auto_gen/starlightleggings"},{"predicate":{"custom_model_data":10020},"model":"slime_collection:ia_auto_gen/slimeleggings"},{"predicate":{"trim_type":0.1,"custom_model_data":10020},"model":"slime_collection:ia_auto_gen/slimeleggings"},{"predicate":{"trim_type":0.2,"custom_model_data":10020},"model":"slime_collection:ia_auto_gen/slimeleggings"},{"predicate":{"trim_type":0.3,"custom_model_data":10020},"model":"slime_collection:ia_auto_gen/slimeleggings"},{"predicate":{"trim_type":0.4,"custom_model_data":10020},"model":"slime_collection:ia_auto_gen/slimeleggings"},{"predicate":{"trim_type":0.5,"custom_model_data":10020},"model":"slime_collection:ia_auto_gen/slimeleggings"},{"predicate":{"trim_type":0.6,"custom_model_data":10020},"model":"slime_collection:ia_auto_gen/slimeleggings"},{"predicate":{"trim_type":0.7,"custom_model_data":10020},"model":"slime_collection:ia_auto_gen/slimeleggings"},{"predicate":{"trim_type":0.8,"custom_model_data":10020},"model":"slime_collection:ia_auto_gen/slimeleggings"},{"predicate":{"trim_type":0.9,"custom_model_data":10020},"model":"slime_collection:ia_auto_gen/slimeleggings"},{"predicate":{"trim_type":1.0,"custom_model_data":10020},"model":"slime_collection:ia_auto_gen/slimeleggings"},{"predicate":{"custom_model_data":10021},"model":"mickeysr:ia_auto_gen/party_weapon_leggings"},{"predicate":{"trim_type":0.1,"custom_model_data":10021},"model":"mickeysr:ia_auto_gen/party_weapon_leggings"},{"predicate":{"trim_type":0.2,"custom_model_data":10021},"model":"mickeysr:ia_auto_gen/party_weapon_leggings"},{"predicate":{"trim_type":0.3,"custom_model_data":10021},"model":"mickeysr:ia_auto_gen/party_weapon_leggings"},{"predicate":{"trim_type":0.4,"custom_model_data":10021},"model":"mickeysr:ia_auto_gen/party_weapon_leggings"},{"predicate":{"trim_type":0.5,"custom_model_data":10021},"model":"mickeysr:ia_auto_gen/party_weapon_leggings"},{"predicate":{"trim_type":0.6,"custom_model_data":10021},"model":"mickeysr:ia_auto_gen/party_weapon_leggings"},{"predicate":{"trim_type":0.7,"custom_model_data":10021},"model":"mickeysr:ia_auto_gen/party_weapon_leggings"},{"predicate":{"trim_type":0.8,"custom_model_data":10021},"model":"mickeysr:ia_auto_gen/party_weapon_leggings"},{"predicate":{"trim_type":0.9,"custom_model_data":10021},"model":"mickeysr:ia_auto_gen/party_weapon_leggings"},{"predicate":{"trim_type":1.0,"custom_model_data":10021},"model":"mickeysr:ia_auto_gen/party_weapon_leggings"},{"predicate":{"custom_model_data":10022},"model":"elitecreatures:ia_auto_gen/mad_hatter_animated_weapon_set_leggings"},{"predicate":{"trim_type":0.1,"custom_model_data":10022},"model":"elitecreatures:ia_auto_gen/mad_hatter_animated_weapon_set_leggings"},{"predicate":{"trim_type":0.2,"custom_model_data":10022},"model":"elitecreatures:ia_auto_gen/mad_hatter_animated_weapon_set_leggings"},{"predicate":{"trim_type":0.3,"custom_model_data":10022},"model":"elitecreatures:ia_auto_gen/mad_hatter_animated_weapon_set_leggings"},{"predicate":{"trim_type":0.4,"custom_model_data":10022},"model":"elitecreatures:ia_auto_gen/mad_hatter_animated_weapon_set_leggings"},{"predicate":{"trim_type":0.5,"custom_model_data":10022},"model":"elitecreatures:ia_auto_gen/mad_hatter_animated_weapon_set_leggings"},{"predicate":{"trim_type":0.6,"custom_model_data":10022},"model":"elitecreatures:ia_auto_gen/mad_hatter_animated_weapon_set_leggings"},{"predicate":{"trim_type":0.7,"custom_model_data":10022},"model":"elitecreatures:ia_auto_gen/mad_hatter_animated_weapon_set_leggings"},{"predicate":{"trim_type":0.8,"custom_model_data":10022},"model":"elitecreatures:ia_auto_gen/mad_hatter_animated_weapon_set_leggings"},{"predicate":{"trim_type":0.9,"custom_model_data":10022},"model":"elitecreatures:ia_auto_gen/mad_hatter_animated_weapon_set_leggings"},{"predicate":{"trim_type":1.0,"custom_model_data":10022},"model":"elitecreatures:ia_auto_gen/mad_hatter_animated_weapon_set_leggings"},{"predicate":{"custom_model_data":10023},"model":"elitecreatures:ia_auto_gen/wukong_animated-leggings"},{"predicate":{"trim_type":0.1,"custom_model_data":10023},"model":"elitecreatures:ia_auto_gen/wukong_animated-leggings"},{"predicate":{"trim_type":0.2,"custom_model_data":10023},"model":"elitecreatures:ia_auto_gen/wukong_animated-leggings"},{"predicate":{"trim_type":0.3,"custom_model_data":10023},"model":"elitecreatures:ia_auto_gen/wukong_animated-leggings"},{"predicate":{"trim_type":0.4,"custom_model_data":10023},"model":"elitecreatures:ia_auto_gen/wukong_animated-leggings"},{"predicate":{"trim_type":0.5,"custom_model_data":10023},"model":"elitecreatures:ia_auto_gen/wukong_animated-leggings"},{"predicate":{"trim_type":0.6,"custom_model_data":10023},"model":"elitecreatures:ia_auto_gen/wukong_animated-leggings"},{"predicate":{"trim_type":0.7,"custom_model_data":10023},"model":"elitecreatures:ia_auto_gen/wukong_animated-leggings"},{"predicate":{"trim_type":0.8,"custom_model_data":10023},"model":"elitecreatures:ia_auto_gen/wukong_animated-leggings"},{"predicate":{"trim_type":0.9,"custom_model_data":10023},"model":"elitecreatures:ia_auto_gen/wukong_animated-leggings"},{"predicate":{"trim_type":1.0,"custom_model_data":10023},"model":"elitecreatures:ia_auto_gen/wukong_animated-leggings"},{"predicate":{"custom_model_data":10024},"model":"warden_set:ia_auto_gen/warden_leggings"},{"predicate":{"trim_type":0.1,"custom_model_data":10024},"model":"warden_set:ia_auto_gen/warden_leggings"},{"predicate":{"trim_type":0.2,"custom_model_data":10024},"model":"warden_set:ia_auto_gen/warden_leggings"},{"predicate":{"trim_type":0.3,"custom_model_data":10024},"model":"warden_set:ia_auto_gen/warden_leggings"},{"predicate":{"trim_type":0.4,"custom_model_data":10024},"model":"warden_set:ia_auto_gen/warden_leggings"},{"predicate":{"trim_type":0.5,"custom_model_data":10024},"model":"warden_set:ia_auto_gen/warden_leggings"},{"predicate":{"trim_type":0.6,"custom_model_data":10024},"model":"warden_set:ia_auto_gen/warden_leggings"},{"predicate":{"trim_type":0.7,"custom_model_data":10024},"model":"warden_set:ia_auto_gen/warden_leggings"},{"predicate":{"trim_type":0.8,"custom_model_data":10024},"model":"warden_set:ia_auto_gen/warden_leggings"},{"predicate":{"trim_type":0.9,"custom_model_data":10024},"model":"warden_set:ia_auto_gen/warden_leggings"},{"predicate":{"trim_type":1.0,"custom_model_data":10024},"model":"warden_set:ia_auto_gen/warden_leggings"},{"predicate":{"custom_model_data":10025},"model":"elitecreatures:ia_auto_gen/oni_weapon_set_leggings"},{"predicate":{"trim_type":0.1,"custom_model_data":10025},"model":"elitecreatures:ia_auto_gen/oni_weapon_set_leggings"},{"predicate":{"trim_type":0.2,"custom_model_data":10025},"model":"elitecreatures:ia_auto_gen/oni_weapon_set_leggings"},{"predicate":{"trim_type":0.3,"custom_model_data":10025},"model":"elitecreatures:ia_auto_gen/oni_weapon_set_leggings"},{"predicate":{"trim_type":0.4,"custom_model_data":10025},"model":"elitecreatures:ia_auto_gen/oni_weapon_set_leggings"},{"predicate":{"trim_type":0.5,"custom_model_data":10025},"model":"elitecreatures:ia_auto_gen/oni_weapon_set_leggings"},{"predicate":{"trim_type":0.6,"custom_model_data":10025},"model":"elitecreatures:ia_auto_gen/oni_weapon_set_leggings"},{"predicate":{"trim_type":0.7,"custom_model_data":10025},"model":"elitecreatures:ia_auto_gen/oni_weapon_set_leggings"},{"predicate":{"trim_type":0.8,"custom_model_data":10025},"model":"elitecreatures:ia_auto_gen/oni_weapon_set_leggings"},{"predicate":{"trim_type":0.9,"custom_model_data":10025},"model":"elitecreatures:ia_auto_gen/oni_weapon_set_leggings"},{"predicate":{"trim_type":1.0,"custom_model_data":10025},"model":"elitecreatures:ia_auto_gen/oni_weapon_set_leggings"},{"predicate":{"custom_model_data":10026},"model":"necros_set:ia_auto_gen/necrosleggings"},{"predicate":{"trim_type":0.1,"custom_model_data":10026},"model":"necros_set:ia_auto_gen/necrosleggings"},{"predicate":{"trim_type":0.2,"custom_model_data":10026},"model":"necros_set:ia_auto_gen/necrosleggings"},{"predicate":{"trim_type":0.3,"custom_model_data":10026},"model":"necros_set:ia_auto_gen/necrosleggings"},{"predicate":{"trim_type":0.4,"custom_model_data":10026},"model":"necros_set:ia_auto_gen/necrosleggings"},{"predicate":{"trim_type":0.5,"custom_model_data":10026},"model":"necros_set:ia_auto_gen/necrosleggings"},{"predicate":{"trim_type":0.6,"custom_model_data":10026},"model":"necros_set:ia_auto_gen/necrosleggings"},{"predicate":{"trim_type":0.7,"custom_model_data":10026},"model":"necros_set:ia_auto_gen/necrosleggings"},{"predicate":{"trim_type":0.8,"custom_model_data":10026},"model":"necros_set:ia_auto_gen/necrosleggings"},{"predicate":{"trim_type":0.9,"custom_model_data":10026},"model":"necros_set:ia_auto_gen/necrosleggings"},{"predicate":{"trim_type":1.0,"custom_model_data":10026},"model":"necros_set:ia_auto_gen/necrosleggings"},{"predicate":{"custom_model_data":10027},"model":"blueflame:ia_auto_gen/blueflameleggings"},{"predicate":{"trim_type":0.1,"custom_model_data":10027},"model":"blueflame:ia_auto_gen/blueflameleggings"},{"predicate":{"trim_type":0.2,"custom_model_data":10027},"model":"blueflame:ia_auto_gen/blueflameleggings"},{"predicate":{"trim_type":0.3,"custom_model_data":10027},"model":"blueflame:ia_auto_gen/blueflameleggings"},{"predicate":{"trim_type":0.4,"custom_model_data":10027},"model":"blueflame:ia_auto_gen/blueflameleggings"},{"predicate":{"trim_type":0.5,"custom_model_data":10027},"model":"blueflame:ia_auto_gen/blueflameleggings"},{"predicate":{"trim_type":0.6,"custom_model_data":10027},"model":"blueflame:ia_auto_gen/blueflameleggings"},{"predicate":{"trim_type":0.7,"custom_model_data":10027},"model":"blueflame:ia_auto_gen/blueflameleggings"},{"predicate":{"trim_type":0.8,"custom_model_data":10027},"model":"blueflame:ia_auto_gen/blueflameleggings"},{"predicate":{"trim_type":0.9,"custom_model_data":10027},"model":"blueflame:ia_auto_gen/blueflameleggings"},{"predicate":{"trim_type":1.0,"custom_model_data":10027},"model":"blueflame:ia_auto_gen/blueflameleggings"},{"predicate":{"custom_model_data":10028},"model":"lunaria_pack:ia_auto_gen/blunaria_leggings"},{"predicate":{"trim_type":0.1,"custom_model_data":10028},"model":"lunaria_pack:ia_auto_gen/blunaria_leggings"},{"predicate":{"trim_type":0.2,"custom_model_data":10028},"model":"lunaria_pack:ia_auto_gen/blunaria_leggings"},{"predicate":{"trim_type":0.3,"custom_model_data":10028},"model":"lunaria_pack:ia_auto_gen/blunaria_leggings"},{"predicate":{"trim_type":0.4,"custom_model_data":10028},"model":"lunaria_pack:ia_auto_gen/blunaria_leggings"},{"predicate":{"trim_type":0.5,"custom_model_data":10028},"model":"lunaria_pack:ia_auto_gen/blunaria_leggings"},{"predicate":{"trim_type":0.6,"custom_model_data":10028},"model":"lunaria_pack:ia_auto_gen/blunaria_leggings"},{"predicate":{"trim_type":0.7,"custom_model_data":10028},"model":"lunaria_pack:ia_auto_gen/blunaria_leggings"},{"predicate":{"trim_type":0.8,"custom_model_data":10028},"model":"lunaria_pack:ia_auto_gen/blunaria_leggings"},{"predicate":{"trim_type":0.9,"custom_model_data":10028},"model":"lunaria_pack:ia_auto_gen/blunaria_leggings"},{"predicate":{"trim_type":1.0,"custom_model_data":10028},"model":"lunaria_pack:ia_auto_gen/blunaria_leggings"},{"predicate":{"custom_model_data":10029},"model":"lunaria_pack:ia_auto_gen/wlunaria_leggings"},{"predicate":{"trim_type":0.1,"custom_model_data":10029},"model":"lunaria_pack:ia_auto_gen/wlunaria_leggings"},{"predicate":{"trim_type":0.2,"custom_model_data":10029},"model":"lunaria_pack:ia_auto_gen/wlunaria_leggings"},{"predicate":{"trim_type":0.3,"custom_model_data":10029},"model":"lunaria_pack:ia_auto_gen/wlunaria_leggings"},{"predicate":{"trim_type":0.4,"custom_model_data":10029},"model":"lunaria_pack:ia_auto_gen/wlunaria_leggings"},{"predicate":{"trim_type":0.5,"custom_model_data":10029},"model":"lunaria_pack:ia_auto_gen/wlunaria_leggings"},{"predicate":{"trim_type":0.6,"custom_model_data":10029},"model":"lunaria_pack:ia_auto_gen/wlunaria_leggings"},{"predicate":{"trim_type":0.7,"custom_model_data":10029},"model":"lunaria_pack:ia_auto_gen/wlunaria_leggings"},{"predicate":{"trim_type":0.8,"custom_model_data":10029},"model":"lunaria_pack:ia_auto_gen/wlunaria_leggings"},{"predicate":{"trim_type":0.9,"custom_model_data":10029},"model":"lunaria_pack:ia_auto_gen/wlunaria_leggings"},{"predicate":{"trim_type":1.0,"custom_model_data":10029},"model":"lunaria_pack:ia_auto_gen/wlunaria_leggings"},{"predicate":{"custom_model_data":10030},"model":"devil_animated_weapon_set:ia_auto_gen/demonleggings"},{"predicate":{"trim_type":0.1,"custom_model_data":10030},"model":"devil_animated_weapon_set:ia_auto_gen/demonleggings"},{"predicate":{"trim_type":0.2,"custom_model_data":10030},"model":"devil_animated_weapon_set:ia_auto_gen/demonleggings"},{"predicate":{"trim_type":0.3,"custom_model_data":10030},"model":"devil_animated_weapon_set:ia_auto_gen/demonleggings"},{"predicate":{"trim_type":0.4,"custom_model_data":10030},"model":"devil_animated_weapon_set:ia_auto_gen/demonleggings"},{"predicate":{"trim_type":0.5,"custom_model_data":10030},"model":"devil_animated_weapon_set:ia_auto_gen/demonleggings"},{"predicate":{"trim_type":0.6,"custom_model_data":10030},"model":"devil_animated_weapon_set:ia_auto_gen/demonleggings"},{"predicate":{"trim_type":0.7,"custom_model_data":10030},"model":"devil_animated_weapon_set:ia_auto_gen/demonleggings"},{"predicate":{"trim_type":0.8,"custom_model_data":10030},"model":"devil_animated_weapon_set:ia_auto_gen/demonleggings"},{"predicate":{"trim_type":0.9,"custom_model_data":10030},"model":"devil_animated_weapon_set:ia_auto_gen/demonleggings"},{"predicate":{"trim_type":1.0,"custom_model_data":10030},"model":"devil_animated_weapon_set:ia_auto_gen/demonleggings"},{"predicate":{"custom_model_data":10031},"model":"littlepandaset:ia_auto_gen/littlepandaleggings"},{"predicate":{"trim_type":0.1,"custom_model_data":10031},"model":"littlepandaset:ia_auto_gen/littlepandaleggings"},{"predicate":{"trim_type":0.2,"custom_model_data":10031},"model":"littlepandaset:ia_auto_gen/littlepandaleggings"},{"predicate":{"trim_type":0.3,"custom_model_data":10031},"model":"littlepandaset:ia_auto_gen/littlepandaleggings"},{"predicate":{"trim_type":0.4,"custom_model_data":10031},"model":"littlepandaset:ia_auto_gen/littlepandaleggings"},{"predicate":{"trim_type":0.5,"custom_model_data":10031},"model":"littlepandaset:ia_auto_gen/littlepandaleggings"},{"predicate":{"trim_type":0.6,"custom_model_data":10031},"model":"littlepandaset:ia_auto_gen/littlepandaleggings"},{"predicate":{"trim_type":0.7,"custom_model_data":10031},"model":"littlepandaset:ia_auto_gen/littlepandaleggings"},{"predicate":{"trim_type":0.8,"custom_model_data":10031},"model":"littlepandaset:ia_auto_gen/littlepandaleggings"},{"predicate":{"trim_type":0.9,"custom_model_data":10031},"model":"littlepandaset:ia_auto_gen/littlepandaleggings"},{"predicate":{"trim_type":1.0,"custom_model_data":10031},"model":"littlepandaset:ia_auto_gen/littlepandaleggings"},{"predicate":{"custom_model_data":10032},"model":"item/leather_leggings"}]}