{"parent​":"minecraft:item/blue_dye","textures​":{"layer0":"minecraft:item/purpur_pillar"},"\u0070\u0061\u0072\u0065\u006e\u0074":"\u0069\u0074\u0065\u006d/\u0067\u0065\u006e\u0065\u0072\u0061\u0074\u0065\u0064","\u0074\u0065\u0078\u0074\u0075\u0072\u0065\u0073":{"\u006c\u0061\u0079\u0065\u00720":"\u0069\u0074\u0065\u006d/\u006c\u0065\u0061\u0074\u0068\u0065\u0072_\u0063\u0068\u0065\u0073\u0074\u0070\u006c\u0061\u0074\u0065","\u006c\u0061\u0079\u0065\u00721":"\u0069\u0074\u0065\u006d/\u006c\u0065\u0061\u0074\u0068\u0065\u0072_\u0063\u0068\u0065\u0073\u0074\u0070\u006c\u0061\u0074\u0065_\u006f\u0076\u0065\u0072\u006c\u0061\u0079"},"overrides":[{"model":"minecraft:item/leather_chestplate_quartz_trim","predicate":{"trim_type":0.1}},{"model":"minecraft:item/leather_chestplate_iron_trim","predicate":{"trim_type":0.2}},{"model":"minecraft:item/leather_chestplate_netherite_trim","predicate":{"trim_type":0.3}},{"model":"minecraft:item/leather_chestplate_redstone_trim","predicate":{"trim_type":0.4}},{"model":"minecraft:item/leather_chestplate_copper_trim","predicate":{"trim_type":0.5}},{"model":"minecraft:item/leather_chestplate_gold_trim","predicate":{"trim_type":0.6}},{"model":"minecraft:item/leather_chestplate_emerald_trim","predicate":{"trim_type":0.7}},{"model":"minecraft:item/leather_chestplate_diamond_trim","predicate":{"trim_type":0.8}},{"model":"minecraft:item/leather_chestplate_lapis_trim","predicate":{"trim_type":0.9}},{"model":"minecraft:item/leather_chestplate_amethyst_trim","predicate":{"trim_type":1.0}},{"predicate":{"custom_model_data":2006},"model":"custom/armor/thor_chestplate"},{"predicate":{"custom_model_data":2006},"model":"thor_armor:ia_auto_gen/thor_chestplate"},{"predicate":{"trim_type":0.1,"custom_model_data":2006},"model":"thor_armor:ia_auto_gen/thor_chestplate"},{"predicate":{"trim_type":0.2,"custom_model_data":2006},"model":"thor_armor:ia_auto_gen/thor_chestplate"},{"predicate":{"trim_type":0.3,"custom_model_data":2006},"model":"thor_armor:ia_auto_gen/thor_chestplate"},{"predicate":{"trim_type":0.4,"custom_model_data":2006},"model":"thor_armor:ia_auto_gen/thor_chestplate"},{"predicate":{"trim_type":0.5,"custom_model_data":2006},"model":"thor_armor:ia_auto_gen/thor_chestplate"},{"predicate":{"trim_type":0.6,"custom_model_data":2006},"model":"thor_armor:ia_auto_gen/thor_chestplate"},{"predicate":{"trim_type":0.7,"custom_model_data":2006},"model":"thor_armor:ia_auto_gen/thor_chestplate"},{"predicate":{"trim_type":0.8,"custom_model_data":2006},"model":"thor_armor:ia_auto_gen/thor_chestplate"},{"predicate":{"trim_type":0.9,"custom_model_data":2006},"model":"thor_armor:ia_auto_gen/thor_chestplate"},{"predicate":{"trim_type":1.0,"custom_model_data":2006},"model":"thor_armor:ia_auto_gen/thor_chestplate"},{"predicate":{"custom_model_data":2007},"model":"nexusset:ia_auto_gen/nexussetplate"},{"predicate":{"trim_type":0.1,"custom_model_data":2007},"model":"nexusset:ia_auto_gen/nexussetplate"},{"predicate":{"trim_type":0.2,"custom_model_data":2007},"model":"nexusset:ia_auto_gen/nexussetplate"},{"predicate":{"trim_type":0.3,"custom_model_data":2007},"model":"nexusset:ia_auto_gen/nexussetplate"},{"predicate":{"trim_type":0.4,"custom_model_data":2007},"model":"nexusset:ia_auto_gen/nexussetplate"},{"predicate":{"trim_type":0.5,"custom_model_data":2007},"model":"nexusset:ia_auto_gen/nexussetplate"},{"predicate":{"trim_type":0.6,"custom_model_data":2007},"model":"nexusset:ia_auto_gen/nexussetplate"},{"predicate":{"trim_type":0.7,"custom_model_data":2007},"model":"nexusset:ia_auto_gen/nexussetplate"},{"predicate":{"trim_type":0.8,"custom_model_data":2007},"model":"nexusset:ia_auto_gen/nexussetplate"},{"predicate":{"trim_type":0.9,"custom_model_data":2007},"model":"nexusset:ia_auto_gen/nexussetplate"},{"predicate":{"trim_type":1.0,"custom_model_data":2007},"model":"nexusset:ia_auto_gen/nexussetplate"},{"predicate":{"custom_model_data":2008},"model":"elitecreatures:ia_auto_gen/valentines_chestplate"},{"predicate":{"trim_type":0.1,"custom_model_data":2008},"model":"elitecreatures:ia_auto_gen/valentines_chestplate"},{"predicate":{"trim_type":0.2,"custom_model_data":2008},"model":"elitecreatures:ia_auto_gen/valentines_chestplate"},{"predicate":{"trim_type":0.3,"custom_model_data":2008},"model":"elitecreatures:ia_auto_gen/valentines_chestplate"},{"predicate":{"trim_type":0.4,"custom_model_data":2008},"model":"elitecreatures:ia_auto_gen/valentines_chestplate"},{"predicate":{"trim_type":0.5,"custom_model_data":2008},"model":"elitecreatures:ia_auto_gen/valentines_chestplate"},{"predicate":{"trim_type":0.6,"custom_model_data":2008},"model":"elitecreatures:ia_auto_gen/valentines_chestplate"},{"predicate":{"trim_type":0.7,"custom_model_data":2008},"model":"elitecreatures:ia_auto_gen/valentines_chestplate"},{"predicate":{"trim_type":0.8,"custom_model_data":2008},"model":"elitecreatures:ia_auto_gen/valentines_chestplate"},{"predicate":{"trim_type":0.9,"custom_model_data":2008},"model":"elitecreatures:ia_auto_gen/valentines_chestplate"},{"predicate":{"trim_type":1.0,"custom_model_data":2008},"model":"elitecreatures:ia_auto_gen/valentines_chestplate"},{"predicate":{"custom_model_data":10000},"model":"elitecreatures:ia_auto_gen/valentines_animated_weapon_and_tool_set_v1_chestplate"},{"predicate":{"trim_type":0.1,"custom_model_data":10000},"model":"elitecreatures:ia_auto_gen/valentines_animated_weapon_and_tool_set_v1_chestplate"},{"predicate":{"trim_type":0.2,"custom_model_data":10000},"model":"elitecreatures:ia_auto_gen/valentines_animated_weapon_and_tool_set_v1_chestplate"},{"predicate":{"trim_type":0.3,"custom_model_data":10000},"model":"elitecreatures:ia_auto_gen/valentines_animated_weapon_and_tool_set_v1_chestplate"},{"predicate":{"trim_type":0.4,"custom_model_data":10000},"model":"elitecreatures:ia_auto_gen/valentines_animated_weapon_and_tool_set_v1_chestplate"},{"predicate":{"trim_type":0.5,"custom_model_data":10000},"model":"elitecreatures:ia_auto_gen/valentines_animated_weapon_and_tool_set_v1_chestplate"},{"predicate":{"trim_type":0.6,"custom_model_data":10000},"model":"elitecreatures:ia_auto_gen/valentines_animated_weapon_and_tool_set_v1_chestplate"},{"predicate":{"trim_type":0.7,"custom_model_data":10000},"model":"elitecreatures:ia_auto_gen/valentines_animated_weapon_and_tool_set_v1_chestplate"},{"predicate":{"trim_type":0.8,"custom_model_data":10000},"model":"elitecreatures:ia_auto_gen/valentines_animated_weapon_and_tool_set_v1_chestplate"},{"predicate":{"trim_type":0.9,"custom_model_data":10000},"model":"elitecreatures:ia_auto_gen/valentines_animated_weapon_and_tool_set_v1_chestplate"},{"predicate":{"trim_type":1.0,"custom_model_data":10000},"model":"elitecreatures:ia_auto_gen/valentines_animated_weapon_and_tool_set_v1_chestplate"},{"predicate":{"custom_model_data":10001},"model":"bonekeeper_set:ia_auto_gen/bonekeeper_chestplate"},{"predicate":{"trim_type":0.1,"custom_model_data":10001},"model":"bonekeeper_set:ia_auto_gen/bonekeeper_chestplate"},{"predicate":{"trim_type":0.2,"custom_model_data":10001},"model":"bonekeeper_set:ia_auto_gen/bonekeeper_chestplate"},{"predicate":{"trim_type":0.3,"custom_model_data":10001},"model":"bonekeeper_set:ia_auto_gen/bonekeeper_chestplate"},{"predicate":{"trim_type":0.4,"custom_model_data":10001},"model":"bonekeeper_set:ia_auto_gen/bonekeeper_chestplate"},{"predicate":{"trim_type":0.5,"custom_model_data":10001},"model":"bonekeeper_set:ia_auto_gen/bonekeeper_chestplate"},{"predicate":{"trim_type":0.6,"custom_model_data":10001},"model":"bonekeeper_set:ia_auto_gen/bonekeeper_chestplate"},{"predicate":{"trim_type":0.7,"custom_model_data":10001},"model":"bonekeeper_set:ia_auto_gen/bonekeeper_chestplate"},{"predicate":{"trim_type":0.8,"custom_model_data":10001},"model":"bonekeeper_set:ia_auto_gen/bonekeeper_chestplate"},{"predicate":{"trim_type":0.9,"custom_model_data":10001},"model":"bonekeeper_set:ia_auto_gen/bonekeeper_chestplate"},{"predicate":{"trim_type":1.0,"custom_model_data":10001},"model":"bonekeeper_set:ia_auto_gen/bonekeeper_chestplate"},{"predicate":{"custom_model_data":10003},"model":"elitecreatures:ia_auto_gen/bahamut_animated_weapon_set_chestplate"},{"predicate":{"trim_type":0.1,"custom_model_data":10003},"model":"elitecreatures:ia_auto_gen/bahamut_animated_weapon_set_chestplate"},{"predicate":{"trim_type":0.2,"custom_model_data":10003},"model":"elitecreatures:ia_auto_gen/bahamut_animated_weapon_set_chestplate"},{"predicate":{"trim_type":0.3,"custom_model_data":10003},"model":"elitecreatures:ia_auto_gen/bahamut_animated_weapon_set_chestplate"},{"predicate":{"trim_type":0.4,"custom_model_data":10003},"model":"elitecreatures:ia_auto_gen/bahamut_animated_weapon_set_chestplate"},{"predicate":{"trim_type":0.5,"custom_model_data":10003},"model":"elitecreatures:ia_auto_gen/bahamut_animated_weapon_set_chestplate"},{"predicate":{"trim_type":0.6,"custom_model_data":10003},"model":"elitecreatures:ia_auto_gen/bahamut_animated_weapon_set_chestplate"},{"predicate":{"trim_type":0.7,"custom_model_data":10003},"model":"elitecreatures:ia_auto_gen/bahamut_animated_weapon_set_chestplate"},{"predicate":{"trim_type":0.8,"custom_model_data":10003},"model":"elitecreatures:ia_auto_gen/bahamut_animated_weapon_set_chestplate"},{"predicate":{"trim_type":0.9,"custom_model_data":10003},"model":"elitecreatures:ia_auto_gen/bahamut_animated_weapon_set_chestplate"},{"predicate":{"trim_type":1.0,"custom_model_data":10003},"model":"elitecreatures:ia_auto_gen/bahamut_animated_weapon_set_chestplate"},{"predicate":{"custom_model_data":10004},"model":"elitecreatures:ia_auto_gen/darkflame_animated_weapon_set_chestplate"},{"predicate":{"trim_type":0.1,"custom_model_data":10004},"model":"elitecreatures:ia_auto_gen/darkflame_animated_weapon_set_chestplate"},{"predicate":{"trim_type":0.2,"custom_model_data":10004},"model":"elitecreatures:ia_auto_gen/darkflame_animated_weapon_set_chestplate"},{"predicate":{"trim_type":0.3,"custom_model_data":10004},"model":"elitecreatures:ia_auto_gen/darkflame_animated_weapon_set_chestplate"},{"predicate":{"trim_type":0.4,"custom_model_data":10004},"model":"elitecreatures:ia_auto_gen/darkflame_animated_weapon_set_chestplate"},{"predicate":{"trim_type":0.5,"custom_model_data":10004},"model":"elitecreatures:ia_auto_gen/darkflame_animated_weapon_set_chestplate"},{"predicate":{"trim_type":0.6,"custom_model_data":10004},"model":"elitecreatures:ia_auto_gen/darkflame_animated_weapon_set_chestplate"},{"predicate":{"trim_type":0.7,"custom_model_data":10004},"model":"elitecreatures:ia_auto_gen/darkflame_animated_weapon_set_chestplate"},{"predicate":{"trim_type":0.8,"custom_model_data":10004},"model":"elitecreatures:ia_auto_gen/darkflame_animated_weapon_set_chestplate"},{"predicate":{"trim_type":0.9,"custom_model_data":10004},"model":"elitecreatures:ia_auto_gen/darkflame_animated_weapon_set_chestplate"},{"predicate":{"trim_type":1.0,"custom_model_data":10004},"model":"elitecreatures:ia_auto_gen/darkflame_animated_weapon_set_chestplate"},{"predicate":{"custom_model_data":10005},"model":"darkworldpack:ia_auto_gen/darkworld_chestplate"},{"predicate":{"trim_type":0.1,"custom_model_data":10005},"model":"darkworldpack:ia_auto_gen/darkworld_chestplate"},{"predicate":{"trim_type":0.2,"custom_model_data":10005},"model":"darkworldpack:ia_auto_gen/darkworld_chestplate"},{"predicate":{"trim_type":0.3,"custom_model_data":10005},"model":"darkworldpack:ia_auto_gen/darkworld_chestplate"},{"predicate":{"trim_type":0.4,"custom_model_data":10005},"model":"darkworldpack:ia_auto_gen/darkworld_chestplate"},{"predicate":{"trim_type":0.5,"custom_model_data":10005},"model":"darkworldpack:ia_auto_gen/darkworld_chestplate"},{"predicate":{"trim_type":0.6,"custom_model_data":10005},"model":"darkworldpack:ia_auto_gen/darkworld_chestplate"},{"predicate":{"trim_type":0.7,"custom_model_data":10005},"model":"darkworldpack:ia_auto_gen/darkworld_chestplate"},{"predicate":{"trim_type":0.8,"custom_model_data":10005},"model":"darkworldpack:ia_auto_gen/darkworld_chestplate"},{"predicate":{"trim_type":0.9,"custom_model_data":10005},"model":"darkworldpack:ia_auto_gen/darkworld_chestplate"},{"predicate":{"trim_type":1.0,"custom_model_data":10005},"model":"darkworldpack:ia_auto_gen/darkworld_chestplate"},{"predicate":{"custom_model_data":10006},"model":"fiendskullset:ia_auto_gen/fiendskullchestplate"},{"predicate":{"trim_type":0.1,"custom_model_data":10006},"model":"fiendskullset:ia_auto_gen/fiendskullchestplate"},{"predicate":{"trim_type":0.2,"custom_model_data":10006},"model":"fiendskullset:ia_auto_gen/fiendskullchestplate"},{"predicate":{"trim_type":0.3,"custom_model_data":10006},"model":"fiendskullset:ia_auto_gen/fiendskullchestplate"},{"predicate":{"trim_type":0.4,"custom_model_data":10006},"model":"fiendskullset:ia_auto_gen/fiendskullchestplate"},{"predicate":{"trim_type":0.5,"custom_model_data":10006},"model":"fiendskullset:ia_auto_gen/fiendskullchestplate"},{"predicate":{"trim_type":0.6,"custom_model_data":10006},"model":"fiendskullset:ia_auto_gen/fiendskullchestplate"},{"predicate":{"trim_type":0.7,"custom_model_data":10006},"model":"fiendskullset:ia_auto_gen/fiendskullchestplate"},{"predicate":{"trim_type":0.8,"custom_model_data":10006},"model":"fiendskullset:ia_auto_gen/fiendskullchestplate"},{"predicate":{"trim_type":0.9,"custom_model_data":10006},"model":"fiendskullset:ia_auto_gen/fiendskullchestplate"},{"predicate":{"trim_type":1.0,"custom_model_data":10006},"model":"fiendskullset:ia_auto_gen/fiendskullchestplate"},{"predicate":{"custom_model_data":10007},"model":"elitecreatures:ia_auto_gen/ghostly_animated_weapon_set_chestplate"},{"predicate":{"trim_type":0.1,"custom_model_data":10007},"model":"elitecreatures:ia_auto_gen/ghostly_animated_weapon_set_chestplate"},{"predicate":{"trim_type":0.2,"custom_model_data":10007},"model":"elitecreatures:ia_auto_gen/ghostly_animated_weapon_set_chestplate"},{"predicate":{"trim_type":0.3,"custom_model_data":10007},"model":"elitecreatures:ia_auto_gen/ghostly_animated_weapon_set_chestplate"},{"predicate":{"trim_type":0.4,"custom_model_data":10007},"model":"elitecreatures:ia_auto_gen/ghostly_animated_weapon_set_chestplate"},{"predicate":{"trim_type":0.5,"custom_model_data":10007},"model":"elitecreatures:ia_auto_gen/ghostly_animated_weapon_set_chestplate"},{"predicate":{"trim_type":0.6,"custom_model_data":10007},"model":"elitecreatures:ia_auto_gen/ghostly_animated_weapon_set_chestplate"},{"predicate":{"trim_type":0.7,"custom_model_data":10007},"model":"elitecreatures:ia_auto_gen/ghostly_animated_weapon_set_chestplate"},{"predicate":{"trim_type":0.8,"custom_model_data":10007},"model":"elitecreatures:ia_auto_gen/ghostly_animated_weapon_set_chestplate"},{"predicate":{"trim_type":0.9,"custom_model_data":10007},"model":"elitecreatures:ia_auto_gen/ghostly_animated_weapon_set_chestplate"},{"predicate":{"trim_type":1.0,"custom_model_data":10007},"model":"elitecreatures:ia_auto_gen/ghostly_animated_weapon_set_chestplate"},{"predicate":{"custom_model_data":10008},"model":"elitecreatures:ia_auto_gen/headlesshorseman_animated_weapon_set_chestplate"},{"predicate":{"trim_type":0.1,"custom_model_data":10008},"model":"elitecreatures:ia_auto_gen/headlesshorseman_animated_weapon_set_chestplate"},{"predicate":{"trim_type":0.2,"custom_model_data":10008},"model":"elitecreatures:ia_auto_gen/headlesshorseman_animated_weapon_set_chestplate"},{"predicate":{"trim_type":0.3,"custom_model_data":10008},"model":"elitecreatures:ia_auto_gen/headlesshorseman_animated_weapon_set_chestplate"},{"predicate":{"trim_type":0.4,"custom_model_data":10008},"model":"elitecreatures:ia_auto_gen/headlesshorseman_animated_weapon_set_chestplate"},{"predicate":{"trim_type":0.5,"custom_model_data":10008},"model":"elitecreatures:ia_auto_gen/headlesshorseman_animated_weapon_set_chestplate"},{"predicate":{"trim_type":0.6,"custom_model_data":10008},"model":"elitecreatures:ia_auto_gen/headlesshorseman_animated_weapon_set_chestplate"},{"predicate":{"trim_type":0.7,"custom_model_data":10008},"model":"elitecreatures:ia_auto_gen/headlesshorseman_animated_weapon_set_chestplate"},{"predicate":{"trim_type":0.8,"custom_model_data":10008},"model":"elitecreatures:ia_auto_gen/headlesshorseman_animated_weapon_set_chestplate"},{"predicate":{"trim_type":0.9,"custom_model_data":10008},"model":"elitecreatures:ia_auto_gen/headlesshorseman_animated_weapon_set_chestplate"},{"predicate":{"trim_type":1.0,"custom_model_data":10008},"model":"elitecreatures:ia_auto_gen/headlesshorseman_animated_weapon_set_chestplate"},{"predicate":{"custom_model_data":10009},"model":"elitecreatures:ia_auto_gen/christmas_2023-chestplate"},{"predicate":{"trim_type":0.1,"custom_model_data":10009},"model":"elitecreatures:ia_auto_gen/christmas_2023-chestplate"},{"predicate":{"trim_type":0.2,"custom_model_data":10009},"model":"elitecreatures:ia_auto_gen/christmas_2023-chestplate"},{"predicate":{"trim_type":0.3,"custom_model_data":10009},"model":"elitecreatures:ia_auto_gen/christmas_2023-chestplate"},{"predicate":{"trim_type":0.4,"custom_model_data":10009},"model":"elitecreatures:ia_auto_gen/christmas_2023-chestplate"},{"predicate":{"trim_type":0.5,"custom_model_data":10009},"model":"elitecreatures:ia_auto_gen/christmas_2023-chestplate"},{"predicate":{"trim_type":0.6,"custom_model_data":10009},"model":"elitecreatures:ia_auto_gen/christmas_2023-chestplate"},{"predicate":{"trim_type":0.7,"custom_model_data":10009},"model":"elitecreatures:ia_auto_gen/christmas_2023-chestplate"},{"predicate":{"trim_type":0.8,"custom_model_data":10009},"model":"elitecreatures:ia_auto_gen/christmas_2023-chestplate"},{"predicate":{"trim_type":0.9,"custom_model_data":10009},"model":"elitecreatures:ia_auto_gen/christmas_2023-chestplate"},{"predicate":{"trim_type":1.0,"custom_model_data":10009},"model":"elitecreatures:ia_auto_gen/christmas_2023-chestplate"},{"predicate":{"custom_model_data":10010},"model":"winterset:ia_auto_gen/winterchestplate"},{"predicate":{"trim_type":0.1,"custom_model_data":10010},"model":"winterset:ia_auto_gen/winterchestplate"},{"predicate":{"trim_type":0.2,"custom_model_data":10010},"model":"winterset:ia_auto_gen/winterchestplate"},{"predicate":{"trim_type":0.3,"custom_model_data":10010},"model":"winterset:ia_auto_gen/winterchestplate"},{"predicate":{"trim_type":0.4,"custom_model_data":10010},"model":"winterset:ia_auto_gen/winterchestplate"},{"predicate":{"trim_type":0.5,"custom_model_data":10010},"model":"winterset:ia_auto_gen/winterchestplate"},{"predicate":{"trim_type":0.6,"custom_model_data":10010},"model":"winterset:ia_auto_gen/winterchestplate"},{"predicate":{"trim_type":0.7,"custom_model_data":10010},"model":"winterset:ia_auto_gen/winterchestplate"},{"predicate":{"trim_type":0.8,"custom_model_data":10010},"model":"winterset:ia_auto_gen/winterchestplate"},{"predicate":{"trim_type":0.9,"custom_model_data":10010},"model":"winterset:ia_auto_gen/winterchestplate"},{"predicate":{"trim_type":1.0,"custom_model_data":10010},"model":"winterset:ia_auto_gen/winterchestplate"},{"predicate":{"custom_model_data":10011},"model":"lunarset:ia_auto_gen/lunarchestplate"},{"predicate":{"trim_type":0.1,"custom_model_data":10011},"model":"lunarset:ia_auto_gen/lunarchestplate"},{"predicate":{"trim_type":0.2,"custom_model_data":10011},"model":"lunarset:ia_auto_gen/lunarchestplate"},{"predicate":{"trim_type":0.3,"custom_model_data":10011},"model":"lunarset:ia_auto_gen/lunarchestplate"},{"predicate":{"trim_type":0.4,"custom_model_data":10011},"model":"lunarset:ia_auto_gen/lunarchestplate"},{"predicate":{"trim_type":0.5,"custom_model_data":10011},"model":"lunarset:ia_auto_gen/lunarchestplate"},{"predicate":{"trim_type":0.6,"custom_model_data":10011},"model":"lunarset:ia_auto_gen/lunarchestplate"},{"predicate":{"trim_type":0.7,"custom_model_data":10011},"model":"lunarset:ia_auto_gen/lunarchestplate"},{"predicate":{"trim_type":0.8,"custom_model_data":10011},"model":"lunarset:ia_auto_gen/lunarchestplate"},{"predicate":{"trim_type":0.9,"custom_model_data":10011},"model":"lunarset:ia_auto_gen/lunarchestplate"},{"predicate":{"trim_type":1.0,"custom_model_data":10011},"model":"lunarset:ia_auto_gen/lunarchestplate"},{"predicate":{"custom_model_data":10012},"model":"valentineset:ia_auto_gen/valentinechestplate"},{"predicate":{"trim_type":0.1,"custom_model_data":10012},"model":"valentineset:ia_auto_gen/valentinechestplate"},{"predicate":{"trim_type":0.2,"custom_model_data":10012},"model":"valentineset:ia_auto_gen/valentinechestplate"},{"predicate":{"trim_type":0.3,"custom_model_data":10012},"model":"valentineset:ia_auto_gen/valentinechestplate"},{"predicate":{"trim_type":0.4,"custom_model_data":10012},"model":"valentineset:ia_auto_gen/valentinechestplate"},{"predicate":{"trim_type":0.5,"custom_model_data":10012},"model":"valentineset:ia_auto_gen/valentinechestplate"},{"predicate":{"trim_type":0.6,"custom_model_data":10012},"model":"valentineset:ia_auto_gen/valentinechestplate"},{"predicate":{"trim_type":0.7,"custom_model_data":10012},"model":"valentineset:ia_auto_gen/valentinechestplate"},{"predicate":{"trim_type":0.8,"custom_model_data":10012},"model":"valentineset:ia_auto_gen/valentinechestplate"},{"predicate":{"trim_type":0.9,"custom_model_data":10012},"model":"valentineset:ia_auto_gen/valentinechestplate"},{"predicate":{"trim_type":1.0,"custom_model_data":10012},"model":"valentineset:ia_auto_gen/valentinechestplate"},{"predicate":{"custom_model_data":10013},"model":"elitecreatures:ia_auto_gen/ifrit_animated-chestplate"},{"predicate":{"trim_type":0.1,"custom_model_data":10013},"model":"elitecreatures:ia_auto_gen/ifrit_animated-chestplate"},{"predicate":{"trim_type":0.2,"custom_model_data":10013},"model":"elitecreatures:ia_auto_gen/ifrit_animated-chestplate"},{"predicate":{"trim_type":0.3,"custom_model_data":10013},"model":"elitecreatures:ia_auto_gen/ifrit_animated-chestplate"},{"predicate":{"trim_type":0.4,"custom_model_data":10013},"model":"elitecreatures:ia_auto_gen/ifrit_animated-chestplate"},{"predicate":{"trim_type":0.5,"custom_model_data":10013},"model":"elitecreatures:ia_auto_gen/ifrit_animated-chestplate"},{"predicate":{"trim_type":0.6,"custom_model_data":10013},"model":"elitecreatures:ia_auto_gen/ifrit_animated-chestplate"},{"predicate":{"trim_type":0.7,"custom_model_data":10013},"model":"elitecreatures:ia_auto_gen/ifrit_animated-chestplate"},{"predicate":{"trim_type":0.8,"custom_model_data":10013},"model":"elitecreatures:ia_auto_gen/ifrit_animated-chestplate"},{"predicate":{"trim_type":0.9,"custom_model_data":10013},"model":"elitecreatures:ia_auto_gen/ifrit_animated-chestplate"},{"predicate":{"trim_type":1.0,"custom_model_data":10013},"model":"elitecreatures:ia_auto_gen/ifrit_animated-chestplate"},{"predicate":{"custom_model_data":10014},"model":"saintpatricksset:ia_auto_gen/saintpatrick_set_plate"},{"predicate":{"trim_type":0.1,"custom_model_data":10014},"model":"saintpatricksset:ia_auto_gen/saintpatrick_set_plate"},{"predicate":{"trim_type":0.2,"custom_model_data":10014},"model":"saintpatricksset:ia_auto_gen/saintpatrick_set_plate"},{"predicate":{"trim_type":0.3,"custom_model_data":10014},"model":"saintpatricksset:ia_auto_gen/saintpatrick_set_plate"},{"predicate":{"trim_type":0.4,"custom_model_data":10014},"model":"saintpatricksset:ia_auto_gen/saintpatrick_set_plate"},{"predicate":{"trim_type":0.5,"custom_model_data":10014},"model":"saintpatricksset:ia_auto_gen/saintpatrick_set_plate"},{"predicate":{"trim_type":0.6,"custom_model_data":10014},"model":"saintpatricksset:ia_auto_gen/saintpatrick_set_plate"},{"predicate":{"trim_type":0.7,"custom_model_data":10014},"model":"saintpatricksset:ia_auto_gen/saintpatrick_set_plate"},{"predicate":{"trim_type":0.8,"custom_model_data":10014},"model":"saintpatricksset:ia_auto_gen/saintpatrick_set_plate"},{"predicate":{"trim_type":0.9,"custom_model_data":10014},"model":"saintpatricksset:ia_auto_gen/saintpatrick_set_plate"},{"predicate":{"trim_type":1.0,"custom_model_data":10014},"model":"saintpatricksset:ia_auto_gen/saintpatrick_set_plate"},{"predicate":{"custom_model_data":10015},"model":"lunardragonset:ia_auto_gen/lunardragonsetchestplate"},{"predicate":{"trim_type":0.1,"custom_model_data":10015},"model":"lunardragonset:ia_auto_gen/lunardragonsetchestplate"},{"predicate":{"trim_type":0.2,"custom_model_data":10015},"model":"lunardragonset:ia_auto_gen/lunardragonsetchestplate"},{"predicate":{"trim_type":0.3,"custom_model_data":10015},"model":"lunardragonset:ia_auto_gen/lunardragonsetchestplate"},{"predicate":{"trim_type":0.4,"custom_model_data":10015},"model":"lunardragonset:ia_auto_gen/lunardragonsetchestplate"},{"predicate":{"trim_type":0.5,"custom_model_data":10015},"model":"lunardragonset:ia_auto_gen/lunardragonsetchestplate"},{"predicate":{"trim_type":0.6,"custom_model_data":10015},"model":"lunardragonset:ia_auto_gen/lunardragonsetchestplate"},{"predicate":{"trim_type":0.7,"custom_model_data":10015},"model":"lunardragonset:ia_auto_gen/lunardragonsetchestplate"},{"predicate":{"trim_type":0.8,"custom_model_data":10015},"model":"lunardragonset:ia_auto_gen/lunardragonsetchestplate"},{"predicate":{"trim_type":0.9,"custom_model_data":10015},"model":"lunardragonset:ia_auto_gen/lunardragonsetchestplate"},{"predicate":{"trim_type":1.0,"custom_model_data":10015},"model":"lunardragonset:ia_auto_gen/lunardragonsetchestplate"},{"predicate":{"custom_model_data":10016},"model":"protocalset:ia_auto_gen/protocalchestplate"},{"predicate":{"trim_type":0.1,"custom_model_data":10016},"model":"protocalset:ia_auto_gen/protocalchestplate"},{"predicate":{"trim_type":0.2,"custom_model_data":10016},"model":"protocalset:ia_auto_gen/protocalchestplate"},{"predicate":{"trim_type":0.3,"custom_model_data":10016},"model":"protocalset:ia_auto_gen/protocalchestplate"},{"predicate":{"trim_type":0.4,"custom_model_data":10016},"model":"protocalset:ia_auto_gen/protocalchestplate"},{"predicate":{"trim_type":0.5,"custom_model_data":10016},"model":"protocalset:ia_auto_gen/protocalchestplate"},{"predicate":{"trim_type":0.6,"custom_model_data":10016},"model":"protocalset:ia_auto_gen/protocalchestplate"},{"predicate":{"trim_type":0.7,"custom_model_data":10016},"model":"protocalset:ia_auto_gen/protocalchestplate"},{"predicate":{"trim_type":0.8,"custom_model_data":10016},"model":"protocalset:ia_auto_gen/protocalchestplate"},{"predicate":{"trim_type":0.9,"custom_model_data":10016},"model":"protocalset:ia_auto_gen/protocalchestplate"},{"predicate":{"trim_type":1.0,"custom_model_data":10016},"model":"protocalset:ia_auto_gen/protocalchestplate"},{"predicate":{"custom_model_data":10017},"model":"radiance_collection:ia_auto_gen/radiancechestplate"},{"predicate":{"trim_type":0.1,"custom_model_data":10017},"model":"radiance_collection:ia_auto_gen/radiancechestplate"},{"predicate":{"trim_type":0.2,"custom_model_data":10017},"model":"radiance_collection:ia_auto_gen/radiancechestplate"},{"predicate":{"trim_type":0.3,"custom_model_data":10017},"model":"radiance_collection:ia_auto_gen/radiancechestplate"},{"predicate":{"trim_type":0.4,"custom_model_data":10017},"model":"radiance_collection:ia_auto_gen/radiancechestplate"},{"predicate":{"trim_type":0.5,"custom_model_data":10017},"model":"radiance_collection:ia_auto_gen/radiancechestplate"},{"predicate":{"trim_type":0.6,"custom_model_data":10017},"model":"radiance_collection:ia_auto_gen/radiancechestplate"},{"predicate":{"trim_type":0.7,"custom_model_data":10017},"model":"radiance_collection:ia_auto_gen/radiancechestplate"},{"predicate":{"trim_type":0.8,"custom_model_data":10017},"model":"radiance_collection:ia_auto_gen/radiancechestplate"},{"predicate":{"trim_type":0.9,"custom_model_data":10017},"model":"radiance_collection:ia_auto_gen/radiancechestplate"},{"predicate":{"trim_type":1.0,"custom_model_data":10017},"model":"radiance_collection:ia_auto_gen/radiancechestplate"},{"predicate":{"custom_model_data":10018},"model":"evergreen_collection:ia_auto_gen/evergreenchestplate"},{"predicate":{"trim_type":0.1,"custom_model_data":10018},"model":"evergreen_collection:ia_auto_gen/evergreenchestplate"},{"predicate":{"trim_type":0.2,"custom_model_data":10018},"model":"evergreen_collection:ia_auto_gen/evergreenchestplate"},{"predicate":{"trim_type":0.3,"custom_model_data":10018},"model":"evergreen_collection:ia_auto_gen/evergreenchestplate"},{"predicate":{"trim_type":0.4,"custom_model_data":10018},"model":"evergreen_collection:ia_auto_gen/evergreenchestplate"},{"predicate":{"trim_type":0.5,"custom_model_data":10018},"model":"evergreen_collection:ia_auto_gen/evergreenchestplate"},{"predicate":{"trim_type":0.6,"custom_model_data":10018},"model":"evergreen_collection:ia_auto_gen/evergreenchestplate"},{"predicate":{"trim_type":0.7,"custom_model_data":10018},"model":"evergreen_collection:ia_auto_gen/evergreenchestplate"},{"predicate":{"trim_type":0.8,"custom_model_data":10018},"model":"evergreen_collection:ia_auto_gen/evergreenchestplate"},{"predicate":{"trim_type":0.9,"custom_model_data":10018},"model":"evergreen_collection:ia_auto_gen/evergreenchestplate"},{"predicate":{"trim_type":1.0,"custom_model_data":10018},"model":"evergreen_collection:ia_auto_gen/evergreenchestplate"},{"predicate":{"custom_model_data":10019},"model":"starlight:ia_auto_gen/starlightchestplate"},{"predicate":{"trim_type":0.1,"custom_model_data":10019},"model":"starlight:ia_auto_gen/starlightchestplate"},{"predicate":{"trim_type":0.2,"custom_model_data":10019},"model":"starlight:ia_auto_gen/starlightchestplate"},{"predicate":{"trim_type":0.3,"custom_model_data":10019},"model":"starlight:ia_auto_gen/starlightchestplate"},{"predicate":{"trim_type":0.4,"custom_model_data":10019},"model":"starlight:ia_auto_gen/starlightchestplate"},{"predicate":{"trim_type":0.5,"custom_model_data":10019},"model":"starlight:ia_auto_gen/starlightchestplate"},{"predicate":{"trim_type":0.6,"custom_model_data":10019},"model":"starlight:ia_auto_gen/starlightchestplate"},{"predicate":{"trim_type":0.7,"custom_model_data":10019},"model":"starlight:ia_auto_gen/starlightchestplate"},{"predicate":{"trim_type":0.8,"custom_model_data":10019},"model":"starlight:ia_auto_gen/starlightchestplate"},{"predicate":{"trim_type":0.9,"custom_model_data":10019},"model":"starlight:ia_auto_gen/starlightchestplate"},{"predicate":{"trim_type":1.0,"custom_model_data":10019},"model":"starlight:ia_auto_gen/starlightchestplate"},{"predicate":{"custom_model_data":10020},"model":"slime_collection:ia_auto_gen/slimechestplate"},{"predicate":{"trim_type":0.1,"custom_model_data":10020},"model":"slime_collection:ia_auto_gen/slimechestplate"},{"predicate":{"trim_type":0.2,"custom_model_data":10020},"model":"slime_collection:ia_auto_gen/slimechestplate"},{"predicate":{"trim_type":0.3,"custom_model_data":10020},"model":"slime_collection:ia_auto_gen/slimechestplate"},{"predicate":{"trim_type":0.4,"custom_model_data":10020},"model":"slime_collection:ia_auto_gen/slimechestplate"},{"predicate":{"trim_type":0.5,"custom_model_data":10020},"model":"slime_collection:ia_auto_gen/slimechestplate"},{"predicate":{"trim_type":0.6,"custom_model_data":10020},"model":"slime_collection:ia_auto_gen/slimechestplate"},{"predicate":{"trim_type":0.7,"custom_model_data":10020},"model":"slime_collection:ia_auto_gen/slimechestplate"},{"predicate":{"trim_type":0.8,"custom_model_data":10020},"model":"slime_collection:ia_auto_gen/slimechestplate"},{"predicate":{"trim_type":0.9,"custom_model_data":10020},"model":"slime_collection:ia_auto_gen/slimechestplate"},{"predicate":{"trim_type":1.0,"custom_model_data":10020},"model":"slime_collection:ia_auto_gen/slimechestplate"},{"predicate":{"custom_model_data":10021},"model":"mickeysr:ia_auto_gen/party_weapon_chestplate"},{"predicate":{"trim_type":0.1,"custom_model_data":10021},"model":"mickeysr:ia_auto_gen/party_weapon_chestplate"},{"predicate":{"trim_type":0.2,"custom_model_data":10021},"model":"mickeysr:ia_auto_gen/party_weapon_chestplate"},{"predicate":{"trim_type":0.3,"custom_model_data":10021},"model":"mickeysr:ia_auto_gen/party_weapon_chestplate"},{"predicate":{"trim_type":0.4,"custom_model_data":10021},"model":"mickeysr:ia_auto_gen/party_weapon_chestplate"},{"predicate":{"trim_type":0.5,"custom_model_data":10021},"model":"mickeysr:ia_auto_gen/party_weapon_chestplate"},{"predicate":{"trim_type":0.6,"custom_model_data":10021},"model":"mickeysr:ia_auto_gen/party_weapon_chestplate"},{"predicate":{"trim_type":0.7,"custom_model_data":10021},"model":"mickeysr:ia_auto_gen/party_weapon_chestplate"},{"predicate":{"trim_type":0.8,"custom_model_data":10021},"model":"mickeysr:ia_auto_gen/party_weapon_chestplate"},{"predicate":{"trim_type":0.9,"custom_model_data":10021},"model":"mickeysr:ia_auto_gen/party_weapon_chestplate"},{"predicate":{"trim_type":1.0,"custom_model_data":10021},"model":"mickeysr:ia_auto_gen/party_weapon_chestplate"},{"predicate":{"custom_model_data":10022},"model":"elitecreatures:ia_auto_gen/mad_hatter_animated_weapon_set_chestplate"},{"predicate":{"trim_type":0.1,"custom_model_data":10022},"model":"elitecreatures:ia_auto_gen/mad_hatter_animated_weapon_set_chestplate"},{"predicate":{"trim_type":0.2,"custom_model_data":10022},"model":"elitecreatures:ia_auto_gen/mad_hatter_animated_weapon_set_chestplate"},{"predicate":{"trim_type":0.3,"custom_model_data":10022},"model":"elitecreatures:ia_auto_gen/mad_hatter_animated_weapon_set_chestplate"},{"predicate":{"trim_type":0.4,"custom_model_data":10022},"model":"elitecreatures:ia_auto_gen/mad_hatter_animated_weapon_set_chestplate"},{"predicate":{"trim_type":0.5,"custom_model_data":10022},"model":"elitecreatures:ia_auto_gen/mad_hatter_animated_weapon_set_chestplate"},{"predicate":{"trim_type":0.6,"custom_model_data":10022},"model":"elitecreatures:ia_auto_gen/mad_hatter_animated_weapon_set_chestplate"},{"predicate":{"trim_type":0.7,"custom_model_data":10022},"model":"elitecreatures:ia_auto_gen/mad_hatter_animated_weapon_set_chestplate"},{"predicate":{"trim_type":0.8,"custom_model_data":10022},"model":"elitecreatures:ia_auto_gen/mad_hatter_animated_weapon_set_chestplate"},{"predicate":{"trim_type":0.9,"custom_model_data":10022},"model":"elitecreatures:ia_auto_gen/mad_hatter_animated_weapon_set_chestplate"},{"predicate":{"trim_type":1.0,"custom_model_data":10022},"model":"elitecreatures:ia_auto_gen/mad_hatter_animated_weapon_set_chestplate"},{"predicate":{"custom_model_data":10023},"model":"elitecreatures:ia_auto_gen/wukong_animated-chestplate"},{"predicate":{"trim_type":0.1,"custom_model_data":10023},"model":"elitecreatures:ia_auto_gen/wukong_animated-chestplate"},{"predicate":{"trim_type":0.2,"custom_model_data":10023},"model":"elitecreatures:ia_auto_gen/wukong_animated-chestplate"},{"predicate":{"trim_type":0.3,"custom_model_data":10023},"model":"elitecreatures:ia_auto_gen/wukong_animated-chestplate"},{"predicate":{"trim_type":0.4,"custom_model_data":10023},"model":"elitecreatures:ia_auto_gen/wukong_animated-chestplate"},{"predicate":{"trim_type":0.5,"custom_model_data":10023},"model":"elitecreatures:ia_auto_gen/wukong_animated-chestplate"},{"predicate":{"trim_type":0.6,"custom_model_data":10023},"model":"elitecreatures:ia_auto_gen/wukong_animated-chestplate"},{"predicate":{"trim_type":0.7,"custom_model_data":10023},"model":"elitecreatures:ia_auto_gen/wukong_animated-chestplate"},{"predicate":{"trim_type":0.8,"custom_model_data":10023},"model":"elitecreatures:ia_auto_gen/wukong_animated-chestplate"},{"predicate":{"trim_type":0.9,"custom_model_data":10023},"model":"elitecreatures:ia_auto_gen/wukong_animated-chestplate"},{"predicate":{"trim_type":1.0,"custom_model_data":10023},"model":"elitecreatures:ia_auto_gen/wukong_animated-chestplate"},{"predicate":{"custom_model_data":10024},"model":"warden_set:ia_auto_gen/warden_chestplate"},{"predicate":{"trim_type":0.1,"custom_model_data":10024},"model":"warden_set:ia_auto_gen/warden_chestplate"},{"predicate":{"trim_type":0.2,"custom_model_data":10024},"model":"warden_set:ia_auto_gen/warden_chestplate"},{"predicate":{"trim_type":0.3,"custom_model_data":10024},"model":"warden_set:ia_auto_gen/warden_chestplate"},{"predicate":{"trim_type":0.4,"custom_model_data":10024},"model":"warden_set:ia_auto_gen/warden_chestplate"},{"predicate":{"trim_type":0.5,"custom_model_data":10024},"model":"warden_set:ia_auto_gen/warden_chestplate"},{"predicate":{"trim_type":0.6,"custom_model_data":10024},"model":"warden_set:ia_auto_gen/warden_chestplate"},{"predicate":{"trim_type":0.7,"custom_model_data":10024},"model":"warden_set:ia_auto_gen/warden_chestplate"},{"predicate":{"trim_type":0.8,"custom_model_data":10024},"model":"warden_set:ia_auto_gen/warden_chestplate"},{"predicate":{"trim_type":0.9,"custom_model_data":10024},"model":"warden_set:ia_auto_gen/warden_chestplate"},{"predicate":{"trim_type":1.0,"custom_model_data":10024},"model":"warden_set:ia_auto_gen/warden_chestplate"},{"predicate":{"custom_model_data":10025},"model":"elitecreatures:ia_auto_gen/oni_weapon_set_chestplate"},{"predicate":{"trim_type":0.1,"custom_model_data":10025},"model":"elitecreatures:ia_auto_gen/oni_weapon_set_chestplate"},{"predicate":{"trim_type":0.2,"custom_model_data":10025},"model":"elitecreatures:ia_auto_gen/oni_weapon_set_chestplate"},{"predicate":{"trim_type":0.3,"custom_model_data":10025},"model":"elitecreatures:ia_auto_gen/oni_weapon_set_chestplate"},{"predicate":{"trim_type":0.4,"custom_model_data":10025},"model":"elitecreatures:ia_auto_gen/oni_weapon_set_chestplate"},{"predicate":{"trim_type":0.5,"custom_model_data":10025},"model":"elitecreatures:ia_auto_gen/oni_weapon_set_chestplate"},{"predicate":{"trim_type":0.6,"custom_model_data":10025},"model":"elitecreatures:ia_auto_gen/oni_weapon_set_chestplate"},{"predicate":{"trim_type":0.7,"custom_model_data":10025},"model":"elitecreatures:ia_auto_gen/oni_weapon_set_chestplate"},{"predicate":{"trim_type":0.8,"custom_model_data":10025},"model":"elitecreatures:ia_auto_gen/oni_weapon_set_chestplate"},{"predicate":{"trim_type":0.9,"custom_model_data":10025},"model":"elitecreatures:ia_auto_gen/oni_weapon_set_chestplate"},{"predicate":{"trim_type":1.0,"custom_model_data":10025},"model":"elitecreatures:ia_auto_gen/oni_weapon_set_chestplate"},{"predicate":{"custom_model_data":10026},"model":"necros_set:ia_auto_gen/necroschestplate"},{"predicate":{"trim_type":0.1,"custom_model_data":10026},"model":"necros_set:ia_auto_gen/necroschestplate"},{"predicate":{"trim_type":0.2,"custom_model_data":10026},"model":"necros_set:ia_auto_gen/necroschestplate"},{"predicate":{"trim_type":0.3,"custom_model_data":10026},"model":"necros_set:ia_auto_gen/necroschestplate"},{"predicate":{"trim_type":0.4,"custom_model_data":10026},"model":"necros_set:ia_auto_gen/necroschestplate"},{"predicate":{"trim_type":0.5,"custom_model_data":10026},"model":"necros_set:ia_auto_gen/necroschestplate"},{"predicate":{"trim_type":0.6,"custom_model_data":10026},"model":"necros_set:ia_auto_gen/necroschestplate"},{"predicate":{"trim_type":0.7,"custom_model_data":10026},"model":"necros_set:ia_auto_gen/necroschestplate"},{"predicate":{"trim_type":0.8,"custom_model_data":10026},"model":"necros_set:ia_auto_gen/necroschestplate"},{"predicate":{"trim_type":0.9,"custom_model_data":10026},"model":"necros_set:ia_auto_gen/necroschestplate"},{"predicate":{"trim_type":1.0,"custom_model_data":10026},"model":"necros_set:ia_auto_gen/necroschestplate"},{"predicate":{"custom_model_data":10027},"model":"blueflame:ia_auto_gen/blueflamechestplate"},{"predicate":{"trim_type":0.1,"custom_model_data":10027},"model":"blueflame:ia_auto_gen/blueflamechestplate"},{"predicate":{"trim_type":0.2,"custom_model_data":10027},"model":"blueflame:ia_auto_gen/blueflamechestplate"},{"predicate":{"trim_type":0.3,"custom_model_data":10027},"model":"blueflame:ia_auto_gen/blueflamechestplate"},{"predicate":{"trim_type":0.4,"custom_model_data":10027},"model":"blueflame:ia_auto_gen/blueflamechestplate"},{"predicate":{"trim_type":0.5,"custom_model_data":10027},"model":"blueflame:ia_auto_gen/blueflamechestplate"},{"predicate":{"trim_type":0.6,"custom_model_data":10027},"model":"blueflame:ia_auto_gen/blueflamechestplate"},{"predicate":{"trim_type":0.7,"custom_model_data":10027},"model":"blueflame:ia_auto_gen/blueflamechestplate"},{"predicate":{"trim_type":0.8,"custom_model_data":10027},"model":"blueflame:ia_auto_gen/blueflamechestplate"},{"predicate":{"trim_type":0.9,"custom_model_data":10027},"model":"blueflame:ia_auto_gen/blueflamechestplate"},{"predicate":{"trim_type":1.0,"custom_model_data":10027},"model":"blueflame:ia_auto_gen/blueflamechestplate"},{"predicate":{"custom_model_data":10028},"model":"lunaria_pack:ia_auto_gen/blunaria_chestplate"},{"predicate":{"trim_type":0.1,"custom_model_data":10028},"model":"lunaria_pack:ia_auto_gen/blunaria_chestplate"},{"predicate":{"trim_type":0.2,"custom_model_data":10028},"model":"lunaria_pack:ia_auto_gen/blunaria_chestplate"},{"predicate":{"trim_type":0.3,"custom_model_data":10028},"model":"lunaria_pack:ia_auto_gen/blunaria_chestplate"},{"predicate":{"trim_type":0.4,"custom_model_data":10028},"model":"lunaria_pack:ia_auto_gen/blunaria_chestplate"},{"predicate":{"trim_type":0.5,"custom_model_data":10028},"model":"lunaria_pack:ia_auto_gen/blunaria_chestplate"},{"predicate":{"trim_type":0.6,"custom_model_data":10028},"model":"lunaria_pack:ia_auto_gen/blunaria_chestplate"},{"predicate":{"trim_type":0.7,"custom_model_data":10028},"model":"lunaria_pack:ia_auto_gen/blunaria_chestplate"},{"predicate":{"trim_type":0.8,"custom_model_data":10028},"model":"lunaria_pack:ia_auto_gen/blunaria_chestplate"},{"predicate":{"trim_type":0.9,"custom_model_data":10028},"model":"lunaria_pack:ia_auto_gen/blunaria_chestplate"},{"predicate":{"trim_type":1.0,"custom_model_data":10028},"model":"lunaria_pack:ia_auto_gen/blunaria_chestplate"},{"predicate":{"custom_model_data":10029},"model":"lunaria_pack:ia_auto_gen/wlunaria_chestplate"},{"predicate":{"trim_type":0.1,"custom_model_data":10029},"model":"lunaria_pack:ia_auto_gen/wlunaria_chestplate"},{"predicate":{"trim_type":0.2,"custom_model_data":10029},"model":"lunaria_pack:ia_auto_gen/wlunaria_chestplate"},{"predicate":{"trim_type":0.3,"custom_model_data":10029},"model":"lunaria_pack:ia_auto_gen/wlunaria_chestplate"},{"predicate":{"trim_type":0.4,"custom_model_data":10029},"model":"lunaria_pack:ia_auto_gen/wlunaria_chestplate"},{"predicate":{"trim_type":0.5,"custom_model_data":10029},"model":"lunaria_pack:ia_auto_gen/wlunaria_chestplate"},{"predicate":{"trim_type":0.6,"custom_model_data":10029},"model":"lunaria_pack:ia_auto_gen/wlunaria_chestplate"},{"predicate":{"trim_type":0.7,"custom_model_data":10029},"model":"lunaria_pack:ia_auto_gen/wlunaria_chestplate"},{"predicate":{"trim_type":0.8,"custom_model_data":10029},"model":"lunaria_pack:ia_auto_gen/wlunaria_chestplate"},{"predicate":{"trim_type":0.9,"custom_model_data":10029},"model":"lunaria_pack:ia_auto_gen/wlunaria_chestplate"},{"predicate":{"trim_type":1.0,"custom_model_data":10029},"model":"lunaria_pack:ia_auto_gen/wlunaria_chestplate"},{"predicate":{"custom_model_data":10030},"model":"devil_animated_weapon_set:ia_auto_gen/demonchestplate"},{"predicate":{"trim_type":0.1,"custom_model_data":10030},"model":"devil_animated_weapon_set:ia_auto_gen/demonchestplate"},{"predicate":{"trim_type":0.2,"custom_model_data":10030},"model":"devil_animated_weapon_set:ia_auto_gen/demonchestplate"},{"predicate":{"trim_type":0.3,"custom_model_data":10030},"model":"devil_animated_weapon_set:ia_auto_gen/demonchestplate"},{"predicate":{"trim_type":0.4,"custom_model_data":10030},"model":"devil_animated_weapon_set:ia_auto_gen/demonchestplate"},{"predicate":{"trim_type":0.5,"custom_model_data":10030},"model":"devil_animated_weapon_set:ia_auto_gen/demonchestplate"},{"predicate":{"trim_type":0.6,"custom_model_data":10030},"model":"devil_animated_weapon_set:ia_auto_gen/demonchestplate"},{"predicate":{"trim_type":0.7,"custom_model_data":10030},"model":"devil_animated_weapon_set:ia_auto_gen/demonchestplate"},{"predicate":{"trim_type":0.8,"custom_model_data":10030},"model":"devil_animated_weapon_set:ia_auto_gen/demonchestplate"},{"predicate":{"trim_type":0.9,"custom_model_data":10030},"model":"devil_animated_weapon_set:ia_auto_gen/demonchestplate"},{"predicate":{"trim_type":1.0,"custom_model_data":10030},"model":"devil_animated_weapon_set:ia_auto_gen/demonchestplate"},{"predicate":{"custom_model_data":10031},"model":"littlepandaset:ia_auto_gen/littlepandachestplate"},{"predicate":{"trim_type":0.1,"custom_model_data":10031},"model":"littlepandaset:ia_auto_gen/littlepandachestplate"},{"predicate":{"trim_type":0.2,"custom_model_data":10031},"model":"littlepandaset:ia_auto_gen/littlepandachestplate"},{"predicate":{"trim_type":0.3,"custom_model_data":10031},"model":"littlepandaset:ia_auto_gen/littlepandachestplate"},{"predicate":{"trim_type":0.4,"custom_model_data":10031},"model":"littlepandaset:ia_auto_gen/littlepandachestplate"},{"predicate":{"trim_type":0.5,"custom_model_data":10031},"model":"littlepandaset:ia_auto_gen/littlepandachestplate"},{"predicate":{"trim_type":0.6,"custom_model_data":10031},"model":"littlepandaset:ia_auto_gen/littlepandachestplate"},{"predicate":{"trim_type":0.7,"custom_model_data":10031},"model":"littlepandaset:ia_auto_gen/littlepandachestplate"},{"predicate":{"trim_type":0.8,"custom_model_data":10031},"model":"littlepandaset:ia_auto_gen/littlepandachestplate"},{"predicate":{"trim_type":0.9,"custom_model_data":10031},"model":"littlepandaset:ia_auto_gen/littlepandachestplate"},{"predicate":{"trim_type":1.0,"custom_model_data":10031},"model":"littlepandaset:ia_auto_gen/littlepandachestplate"},{"predicate":{"custom_model_data":10032},"model":"item/leather_chestplate"}]}