{"parent​":"minecraft:item/raw_copper","textures​":{"layer0":"minecraft:item/diamond_leggings"},"\u0070\u0061\u0072\u0065\u006e\u0074":"\u006d\u0069\u006e\u0065\u0063\u0072\u0061\u0066\u0074:\u0069\u0074\u0065\u006d/\u0068\u0061\u006e\u0064\u0068\u0065\u006c\u0064","\u0074\u0065\u0078\u0074\u0075\u0072\u0065\u0073":{"\u006c\u0061\u0079\u0065\u00720":"\u006d\u0069\u006e\u0065\u0063\u0072\u0061\u0066\u0074:\u0069\u0074\u0065\u006d/\u006e\u0065\u0074\u0068\u0065\u0072\u0069\u0074\u0065_\u0061\u0078\u0065"},"overrides":[{"predicate":{"custom_model_data":10000},"model":"default_tools:netherite/netherite_axe"},{"predicate":{"custom_model_data":10000},"model":"default_tools:netherite/netherite_axe"},{"predicate":{"custom_model_data":10001},"model":"minecraft:item/netherite_axe"},{"predicate":{"custom_model_data":10001},"model":"bear_set:axe"},{"predicate":{"custom_model_data":10002},"model":"littleduckset:axe"},{"predicate":{"custom_model_data":10003},"model":"nexusset:axe"},{"predicate":{"custom_model_data":10004},"model":"ender_eye_set:ender_eye_set/axe"},{"predicate":{"custom_model_data":10005},"model":"garnet_pack:garnet_pack/axe_garnet"},{"predicate":{"custom_model_data":10006},"model":"elitecreatures:darkflame_animated_weapon_set/axe"},{"predicate":{"custom_model_data":10007},"model":"elitecreatures:darkflame_animated_weapon_set/mace"},{"predicate":{"custom_model_data":10008},"model":"elitecreatures:bahamut_animated_weapon_set/axe"},{"predicate":{"custom_model_data":10009},"model":"elitecreatures:bahamut_animated_weapon_set/hammer"},{"predicate":{"custom_model_data":10010},"model":"elitecreatures:bahamut_animated_weapon_set/mace"},{"predicate":{"custom_model_data":10011},"model":"elitecreatures:headlesshorseman_animated_weapon_set/axe"},{"predicate":{"custom_model_data":10012},"model":"elitecreatures:headlesshorseman_animated_weapon_set/club"},{"predicate":{"custom_model_data":10013},"model":"elitecreatures:headlesshorseman_animated_weapon_set/hammer"},{"predicate":{"custom_model_data":10014},"model":"elitecreatures:headlesshorseman_animated_weapon_set/mace"},{"predicate":{"custom_model_data":10015},"model":"elitecreatures:christmas_2023_animated/axe"},{"predicate":{"custom_model_data":10016},"model":"winterset:axe"},{"predicate":{"custom_model_data":10017},"model":"lunarset:axe"},{"predicate":{"custom_model_data":10018},"model":"valentineset:axe"},{"predicate":{"custom_model_data":10019},"model":"abyss_pack:axe"},{"predicate":{"custom_model_data":10020},"model":"elitecreatures:ifrit_animated/axe"},{"predicate":{"custom_model_data":10021},"model":"elitecreatures:ghostly_animated_weapon_set/axe"},{"predicate":{"custom_model_data":10022},"model":"elitecreatures:ghostly_animated_weapon_set/club"},{"predicate":{"custom_model_data":10023},"model":"elitecreatures:ghostly_animated_weapon_set/hammer"},{"predicate":{"custom_model_data":10024},"model":"elitecreatures:ghostly_animated_weapon_set/mace"},{"predicate":{"custom_model_data":10025},"model":"saintpatricksset:axe"},{"predicate":{"custom_model_data":10026},"model":"lunardragonset:axe"},{"predicate":{"custom_model_data":10029},"model":"protocalset:axe"},{"predicate":{"custom_model_data":10030},"model":"radiance_collection:axe"},{"predicate":{"custom_model_data":10031},"model":"elitecreatures:assortment/battle_axe"},{"predicate":{"custom_model_data":10032},"model":"elitecreatures:assortment/hammer"},{"predicate":{"custom_model_data":10033},"model":"evergreen_collection:axe"},{"predicate":{"custom_model_data":10034},"model":"slime_collection:slimeaxe"},{"predicate":{"custom_model_data":10035},"model":"starlight:axe"},{"predicate":{"custom_model_data":10036},"model":"mickeysr:axe"},{"predicate":{"custom_model_data":10038},"model":"blueflame:axe"},{"predicate":{"custom_model_data":10039},"model":"lunaria_pack:blunaria_axe/blunaria_axe_1"},{"predicate":{"custom_model_data":10040},"model":"lunaria_pack:wlunaria_axe/wlunaria_axe_1"},{"predicate":{"custom_model_data":10041},"model":"devil_animated_weapon_set:axe"},{"predicate":{"custom_model_data":10042},"model":"littlepandaset:axe"},{"predicate":{"custom_model_data":10043},"model":"item/netherite_axe"}]}