{"parent​":"minecraft:item/fermented_spider_eye","textures​":{"\u006c\u0061\u0079\u0065\u00720":"\u006d\u0069\u006e\u0065\u0063\u0072\u0061\u0066\u0074:\u0062\u006c\u006f\u0063\u006b/\u0074\u0072\u0069\u0070\u0077\u0069\u0072\u0065_\u0068\u006f\u006f\u006b"},"\u0070\u0061\u0072\u0065\u006e\u0074":"\u006d\u0069\u006e\u0065\u0063\u0072\u0061\u0066\u0074:\u0069\u0074\u0065\u006d/\u0067\u0065\u006e\u0065\u0072\u0061\u0074\u0065\u0064","\u0074\u0065\u0078\u0074\u0075\u0072\u0065\u0073":{"\u006c\u0061\u0079\u0065\u00720":"\u006d\u0069\u006e\u0065\u0063\u0072\u0061\u0066\u0074:\u0062\u006c\u006f\u0063\u006b/\u0074\u0072\u0069\u0070\u0077\u0069\u0072\u0065_\u0068\u006f\u006f\u006b"},"overrides":[{"predicate":{"custom_model_data":10000},"model":"purpledragon:purpledragon/purple_dragon_key"},{"predicate":{"custom_model_data":10000},"model":"purpledragon:purpledragon/purple_dragon_key"},{"predicate":{"custom_model_data":10001},"model":"minecraft:item/tripwire_hook"},{"predicate":{"custom_model_data":10001},"model":"peacekeeper:peacekeeper/peacekeeper_key"},{"predicate":{"custom_model_data":10003},"model":"littleduckset:key"},{"predicate":{"custom_model_data":10004},"model":"nexusset:key"},{"predicate":{"custom_model_data":10005},"model":"ender_eye_set:ender_eye_set/key"},{"predicate":{"custom_model_data":10006},"model":"elitecreatures:darkflame_animated_weapon_set/key"},{"predicate":{"custom_model_data":10007},"model":"elitecreatures:bahamut_animated_weapon_set/key"},{"predicate":{"custom_model_data":10008},"model":"elitecreatures:valentines_animated_weapon_and_tool_set_v1/key"},{"predicate":{"custom_model_data":10009},"model":"item/tripwire_hook"}]}