{"textures​":{"layer0":"minecraft:item/potted_red_tulip"},"credit":"Made with Blockbench","texture_size":[64,64],"\u0074\u0065\u0078\u0074\u0075\u0072\u0065\u0073":{"0":"\u0070\u0068\u0065\u006f\u006e\u0069\u0078\u0073\u0065\u0074:\u0070\u0068\u0065\u006f\u006e\u0069\u0078\u0073\u0065\u0074/\u0070\u0068\u0065\u006f\u006e\u0069\u0078_\u0077\u0069\u006e\u0067\u0073","4":"\u0070\u0068\u0065\u006f\u006e\u0069\u0078\u0073\u0065\u0074:\u0070\u0068\u0065\u006f\u006e\u0069\u0078\u0073\u0065\u0074/\u0070\u0068\u0065\u006f\u006e\u0069\u0078_\u0073\u0070\u0065\u0061\u0072","5":"\u0070\u0068\u0065\u006f\u006e\u0069\u0078\u0073\u0065\u0074:\u0070\u0068\u0065\u006f\u006e\u0069\u0078\u0073\u0065\u0074/\u0070\u0068\u0065\u006f\u006e\u0069\u0078_\u0065\u0066\u0066_03","\u0070\u0061\u0072\u0074\u0069\u0063\u006c\u0065":"\u0070\u0068\u0065\u006f\u006e\u0069\u0078\u0073\u0065\u0074:\u0070\u0068\u0065\u006f\u006e\u0069\u0078\u0073\u0065\u0074/\u0070\u0068\u0065\u006f\u006e\u0069\u0078_\u0077\u0069\u006e\u0067\u0073"},"elements":[{"from":[7.7,-10.25,7.6],"to":[8.3,1.75,8.4],"rotation":{"angle":0,"axis":"y","origin":[8,-3.12185,8]},"faces":{"north":{"uv":[0.5,5.75,0.625,8.75],"texture":"#4"},"east":{"uv":[0,5.75,0.1875,8.75],"texture":"#4"},"south":{"uv":[0.75,5.75,0.875,8.75],"texture":"#4"},"west":{"uv":[0.25,5.75,0.4375,8.75],"texture":"#4"},"up":{"uv":[2.125,7.4375,2,7.25],"texture":"#4"},"down":{"uv":[2.375,7.25,2.25,7.4375],"texture":"#4"}}},{"from":[7.5,8.75,7.4],"to":[8.5,9.25,8.6],"rotation":{"angle":0,"axis":"y","origin":[8,11.87815,8]},"faces":{"north":{"uv":[4.75,7,5,7.125],"texture":"#4"},"east":{"uv":[6.5,5.75,6.8125,5.875],"texture":"#4"},"south":{"uv":[5,7,5.25,7.125],"texture":"#4"},"west":{"uv":[6.5,6,6.8125,6.125],"texture":"#4"},"up":{"uv":[6.25,6.0625,6,5.75],"texture":"#4"},"down":{"uv":[1.25,6.25,1,6.5625],"texture":"#4"}}},{"from":[7.5,-9.75,7.4],"to":[8.5,-9.25,8.6],"rotation":{"angle":0,"axis":"y","origin":[8,-6.62185,8]},"faces":{"north":{"uv":[5.25,7,5.5,7.125],"texture":"#4"},"east":{"uv":[6.25,6.5,6.5625,6.625],"texture":"#4"},"south":{"uv":[5.5,7,5.75,7.125],"texture":"#4"},"west":{"uv":[6.5,6.25,6.8125,6.375],"texture":"#4"},"up":{"uv":[1.5,6.5625,1.25,6.25],"texture":"#4"},"down":{"uv":[1.75,6.25,1.5,6.5625],"texture":"#4"}}},{"from":[0.25,0.75,8],"to":[15.75,23.75,8],"rotation":{"angle":0,"axis":"y","origin":[8,-5.12185,8]},"faces":{"north":{"uv":[0,0,3.875,5.75],"texture":"#4"},"east":{"uv":[0,0,0,5.75],"texture":"#4"},"south":{"uv":[0,0,3.875,5.75],"texture":"#4"},"west":{"uv":[0,0,0,5.75],"texture":"#4"},"up":{"uv":[3.875,0,0,0],"texture":"#4"},"down":{"uv":[3.875,0,0,0],"texture":"#4"}}},{"from":[3,13.75,7.9],"to":[13,23.75,7.9],"rotation":{"angle":0,"axis":"z","origin":[8,13.75,8]},"faces":{"north":{"uv":[0,0,16,16],"rotation":270,"texture":"#5"},"east":{"uv":[3.875,0,0,0],"rotation":90,"texture":"#5"},"south":{"uv":[16,0,0,16],"rotation":90,"texture":"#5"},"west":{"uv":[3.875,0,0,0],"rotation":90,"texture":"#5"},"up":{"uv":[0,0,0,5.75],"rotation":90,"texture":"#5"},"down":{"uv":[0,0,0,5.75],"rotation":90,"texture":"#5"}}},{"from":[3,13.75,8.1],"to":[13,23.75,8.1],"rotation":{"angle":0,"axis":"z","origin":[8,13.75,8]},"faces":{"north":{"uv":[0,0,16,16],"rotation":270,"texture":"#5"},"east":{"uv":[3.875,0,0,0],"rotation":90,"texture":"#5"},"south":{"uv":[16,0,0,16],"rotation":90,"texture":"#5"},"west":{"uv":[3.875,0,0,0],"rotation":90,"texture":"#5"},"up":{"uv":[0,0,0,5.75],"rotation":90,"texture":"#5"},"down":{"uv":[0,0,0,5.75],"rotation":90,"texture":"#5"}}},{"from":[7.7,1.75,7.6],"to":[8.3,13.75,8.4],"rotation":{"angle":0,"axis":"y","origin":[8,-3.12185,8]},"faces":{"north":{"uv":[0.5,5.75,0.625,8.75],"texture":"#4"},"east":{"uv":[0,5.75,0.1875,8.75],"texture":"#4"},"south":{"uv":[0.75,5.75,0.875,8.75],"texture":"#4"},"west":{"uv":[0.25,5.75,0.4375,8.75],"texture":"#4"},"up":{"uv":[2.125,7.4375,2,7.25],"texture":"#4"},"down":{"uv":[2.375,7.25,2.25,7.4375],"texture":"#4"}}},{"from":[7.45,9.7,7.45],"to":[8.55,10.8,8.55],"rotation":{"angle":0,"axis":"y","origin":[8,-3.02185,8.1]},"faces":{"north":{"uv":[1.75,6.25,2,6.5],"texture":"#4"},"east":{"uv":[2,6.25,2.25,6.5],"texture":"#4"},"south":{"uv":[2.25,6.25,2.5,6.5],"texture":"#4"},"west":{"uv":[2.5,6.25,2.75,6.5],"texture":"#4"},"up":{"uv":[3,6.5,2.75,6.25],"texture":"#4"},"down":{"uv":[3.25,6.25,3,6.5],"texture":"#4"}}},{"from":[7.5,11.25,7.4],"to":[8.5,11.75,8.6],"rotation":{"angle":0,"axis":"y","origin":[8,-6.62185,8]},"faces":{"north":{"uv":[5.25,7,5.5,7.125],"texture":"#4"},"east":{"uv":[6.25,6.5,6.5625,6.625],"texture":"#4"},"south":{"uv":[5.5,7,5.75,7.125],"texture":"#4"},"west":{"uv":[6.5,6.25,6.8125,6.375],"texture":"#4"},"up":{"uv":[1.5,6.5625,1.25,6.25],"texture":"#4"},"down":{"uv":[1.75,6.25,1.5,6.5625],"texture":"#4"}}},{"from":[7.45,-8.8,7.45],"to":[8.55,-7.7,8.55],"rotation":{"angle":0,"axis":"y","origin":[8,-3.02185,8.1]},"faces":{"north":{"uv":[1.75,6.25,2,6.5],"texture":"#4"},"east":{"uv":[2,6.25,2.25,6.5],"texture":"#4"},"south":{"uv":[2.25,6.25,2.5,6.5],"texture":"#4"},"west":{"uv":[2.5,6.25,2.75,6.5],"texture":"#4"},"up":{"uv":[3,6.5,2.75,6.25],"texture":"#4"},"down":{"uv":[3.25,6.25,3,6.5],"texture":"#4"}}},{"from":[7.5,-7.25,7.4],"to":[8.5,-6.75,8.6],"rotation":{"angle":0,"axis":"y","origin":[8,-6.62185,8]},"faces":{"north":{"uv":[5.25,7,5.5,7.125],"texture":"#4"},"east":{"uv":[6.25,6.5,6.5625,6.625],"texture":"#4"},"south":{"uv":[5.5,7,5.75,7.125],"texture":"#4"},"west":{"uv":[6.5,6.25,6.8125,6.375],"texture":"#4"},"up":{"uv":[1.5,6.5625,1.25,6.25],"texture":"#4"},"down":{"uv":[1.75,6.25,1.5,6.5625],"texture":"#4"}}},{"from":[7.90058,14.40535,7.33],"to":[9.74058,16.24535,8.67],"rotation":{"angle":45,"axis":"z","origin":[10.82477,13.33471,7.93727]},"faces":{"north":{"uv":[3.75,9,4.625,9.875],"rotation":270,"texture":"#0"},"east":{"uv":[10.875,0.875,10,0],"rotation":90,"texture":"#0"},"south":{"uv":[9.25,8.5,10.125,9.375],"rotation":90,"texture":"#0"},"west":{"uv":[10.875,1,10,1.875],"rotation":90,"texture":"#0"},"up":{"uv":[9.25,9.5,10.125,10.375],"rotation":90,"texture":"#0"},"down":{"uv":[9.25,7.5,10.125,8.375],"rotation":90,"texture":"#0"}}},{"from":[11.01526,10.8011,7.86797],"to":[11.1065,11.85774,7.95921],"rotation":{"angle":22.5,"axis":"z","origin":[9.77756,12.35475,7.9983]},"faces":{"north":{"uv":[11.75,7.25,12.8125,7.3125],"rotation":270,"texture":"#0"},"east":{"uv":[13.0625,3.0625,12,3],"rotation":90,"texture":"#0"},"south":{"uv":[12,2.75,13.0625,2.8125],"rotation":90,"texture":"#0"},"west":{"uv":[13.0625,3.25,12,3.3125],"rotation":90,"texture":"#0"},"up":{"uv":[8.5,12,8.5625,12.0625],"rotation":90,"texture":"#0"},"down":{"uv":[8.25,12,8.3125,12.0625],"rotation":90,"texture":"#0"}}},{"from":[8.28982,10.9311,7.91732],"to":[12.46204,14.3318,7.91732],"rotation":{"angle":-45,"axis":"z","origin":[9.77756,12.35475,7.9983]},"faces":{"north":{"uv":[0,0,5.4375,4.4375],"texture":"#0"},"east":{"uv":[0,0,0,4.4375],"texture":"#0"},"south":{"uv":[0,4.5,5.4375,8.9375],"texture":"#0"},"west":{"uv":[0,0,0,4.4375],"texture":"#0"},"up":{"uv":[5.4375,0,0,0],"texture":"#0"},"down":{"uv":[5.4375,0,0,0],"texture":"#0"}}},{"from":[9.29643,13.74642,7.77592],"to":[9.58443,14.03442,8.06392],"rotation":{"angle":-22.5,"axis":"z","origin":[9.77756,12.35475,7.9983]},"faces":{"north":{"uv":[3.75,9,4.625,9.875],"rotation":270,"texture":"#0"},"east":{"uv":[10.875,0.875,10,0],"rotation":90,"texture":"#0"},"south":{"uv":[9.25,8.5,10.125,9.375],"rotation":90,"texture":"#0"},"west":{"uv":[10.875,1,10,1.875],"rotation":90,"texture":"#0"},"up":{"uv":[9.25,9.5,10.125,10.375],"rotation":90,"texture":"#0"},"down":{"uv":[9.25,7.5,10.125,8.375],"rotation":90,"texture":"#0"}}},{"from":[8.236,12.60642,7.65592],"to":[8.824,13.19442,7.65592],"rotation":{"angle":-22.5,"axis":"z","origin":[9.77756,12.35475,7.9983]},"color":7,"faces":{"north":{"uv":[0,0,16,16],"rotation":270,"texture":"#missing"},"east":{"uv":[10.875,0.875,10,0],"rotation":90,"texture":"#missing"},"south":{"uv":[0,0,16,16],"rotation":90,"texture":"#missing"},"west":{"uv":[10.875,1,10,1.875],"rotation":90,"texture":"#missing"},"up":{"uv":[9.25,9.5,10.125,10.375],"rotation":90,"texture":"#missing"},"down":{"uv":[9.25,7.5,10.125,8.375],"rotation":90,"texture":"#missing"}}},{"from":[9.85921,12.38998,8.01592],"to":[10.05121,12.58198,8.20792],"rotation":{"angle":22.5,"axis":"z","origin":[9.77756,12.35475,7.9983]},"faces":{"north":{"uv":[3.75,9,4.625,9.875],"rotation":270,"texture":"#0"},"east":{"uv":[10.875,0.875,10,0],"rotation":90,"texture":"#0"},"south":{"uv":[9.25,8.5,10.125,9.375],"rotation":90,"texture":"#0"},"west":{"uv":[10.875,1,10,1.875],"rotation":90,"texture":"#0"},"up":{"uv":[9.25,9.5,10.125,10.375],"rotation":90,"texture":"#0"},"down":{"uv":[9.25,7.5,10.125,8.375],"rotation":90,"texture":"#0"}}},{"from":[8.71581,12.98518,7.722],"to":[9.09901,13.36838,8.1052],"rotation":{"angle":0,"axis":"z","origin":[9.77756,12.35475,7.9983]},"faces":{"north":{"uv":[11.5,2,11.875,2.375],"rotation":270,"texture":"#0"},"east":{"uv":[11.875,4.375,11.5,4],"rotation":90,"texture":"#0"},"south":{"uv":[11.5,3,11.875,3.375],"rotation":90,"texture":"#0"},"west":{"uv":[11.875,4.5,11.5,4.875],"rotation":90,"texture":"#0"},"up":{"uv":[11.5,3.5,11.875,3.875],"rotation":90,"texture":"#0"},"down":{"uv":[11.5,2.5,11.875,2.875],"rotation":90,"texture":"#0"}}},{"from":[8.77361,12.69478,7.76032],"to":[9.92321,13.00134,8.06688],"rotation":{"angle":-22.5,"axis":"z","origin":[9.77756,12.35475,7.9983]},"faces":{"north":{"uv":[4.75,9,5.0625,10.125],"rotation":270,"texture":"#0"},"east":{"uv":[12.3125,1.0625,12,0.75],"rotation":90,"texture":"#0"},"south":{"uv":[10,4,10.3125,5.125],"rotation":90,"texture":"#0"},"west":{"uv":[12.3125,1.25,12,1.5625],"rotation":90,"texture":"#0"},"up":{"uv":[4.25,10,4.5625,11.125],"rotation":90,"texture":"#0"},"down":{"uv":[3.75,10,4.0625,11.125],"rotation":90,"texture":"#0"}}},{"from":[9.76626,12.81962,7.79864],"to":[9.99618,13.45829,8.02856],"rotation":{"angle":-22.5,"axis":"z","origin":[9.77756,12.35475,7.9983]},"faces":{"north":{"uv":[4.25,11.25,4.5,11.875],"texture":"#0"},"east":{"uv":[4.5,11.25,4.75,11.875],"texture":"#0"},"south":{"uv":[11.25,5,11.5,5.625],"texture":"#0"},"west":{"uv":[11.25,5.75,11.5,6.375],"texture":"#0"},"up":{"uv":[12.25,5,12,4.75],"texture":"#0"},"down":{"uv":[5.25,12,5,12.25],"texture":"#0"}}},{"from":[10.52316,12.96528,7.82418],"to":[10.70199,13.76342,8.003],"rotation":{"angle":22.5,"axis":"z","origin":[9.77756,12.35475,7.9983]},"faces":{"north":{"uv":[11,1.25,11.875,1.4375],"rotation":270,"texture":"#0"},"east":{"uv":[11.875,1.9375,11,1.75],"rotation":90,"texture":"#0"},"south":{"uv":[11,1.5,11.875,1.6875],"rotation":90,"texture":"#0"},"west":{"uv":[12.125,0,11.25,0.1875],"rotation":90,"texture":"#0"},"up":{"uv":[12,6,12.1875,6.1875],"rotation":90,"texture":"#0"},"down":{"uv":[6,12,6.1875,12.1875],"rotation":90,"texture":"#0"}}},{"from":[8.84962,13.58587,7.83696],"to":[10.0607,13.73915,7.99024],"rotation":{"angle":-45,"axis":"z","origin":[9.77756,12.35475,7.9983]},"faces":{"north":{"uv":[11.25,6.625,12.5,6.5],"texture":"#0"},"east":{"uv":[7,12,7.125,12.125],"texture":"#0"},"south":{"uv":[11.25,6.875,12.5,6.75],"texture":"#0"},"west":{"uv":[7.25,12,7.375,12.125],"texture":"#0"},"up":{"uv":[12.5,7.125,11.25,7],"texture":"#0"},"down":{"uv":[12.5,8.25,11.25,8.375],"texture":"#0"}}},{"from":[10.99386,11.73056,7.84972],"to":[11.1216,12.6247,7.97746],"rotation":{"angle":22.5,"axis":"z","origin":[9.77756,12.35475,7.9983]},"faces":{"north":{"uv":[11.5,10.5,12.375,10.625],"rotation":270,"texture":"#0"},"east":{"uv":[12.375,11.125,11.5,11],"rotation":90,"texture":"#0"},"south":{"uv":[11.5,10.75,12.375,10.875],"rotation":90,"texture":"#0"},"west":{"uv":[12.375,11.25,11.5,11.375],"rotation":90,"texture":"#0"},"up":{"uv":[12,7.5,12.125,7.625],"rotation":90,"texture":"#0"},"down":{"uv":[7.5,12,7.625,12.125],"rotation":90,"texture":"#0"}}},{"from":[8.12018,9.8361,8.11724],"to":[10.84074,13.17387,8.11724],"rotation":{"angle":22.5,"axis":"z","origin":[9.75343,11.63083,8.08654]},"faces":{"north":{"uv":[5.5,7.5,9.0625,11.875],"texture":"#0"},"east":{"uv":[0,0,0,4.375],"texture":"#0"},"south":{"uv":[0,9,3.5625,13.375],"texture":"#0"},"west":{"uv":[0,0,0,4.375],"texture":"#0"},"up":{"uv":[3.5625,0,0,0],"texture":"#0"},"down":{"uv":[3.5625,0,0,0],"texture":"#0"}}},{"from":[8.31565,12.03366,7.9707],"to":[8.60595,12.32396,8.261],"rotation":{"angle":-22.5,"axis":"z","origin":[9.75343,11.63083,8.08654]},"faces":{"north":{"uv":[11.5,2,11.875,2.375],"rotation":270,"texture":"#0"},"east":{"uv":[11.875,4.375,11.5,4],"rotation":90,"texture":"#0"},"south":{"uv":[11.5,3,11.875,3.375],"rotation":90,"texture":"#0"},"west":{"uv":[11.875,4.5,11.5,4.875],"rotation":90,"texture":"#0"},"up":{"uv":[11.5,3.5,11.875,3.875],"rotation":90,"texture":"#0"},"down":{"uv":[11.5,2.5,11.875,2.875],"rotation":90,"texture":"#0"}}},{"from":[9.69954,12.07709,7.99973],"to":[9.93178,12.948,8.23197],"rotation":{"angle":45,"axis":"z","origin":[9.75343,11.63083,8.08654]},"faces":{"north":{"uv":[4.75,9,5.0625,10.125],"rotation":180,"texture":"#0"},"east":{"uv":[4.25,10,4.5625,11.125],"rotation":180,"texture":"#0"},"south":{"uv":[10,4,10.3125,5.125],"rotation":180,"texture":"#0"},"west":{"uv":[3.75,10,4.0625,11.125],"rotation":180,"texture":"#0"},"up":{"uv":[12.3125,1.25,12,1.5625],"rotation":180,"texture":"#0"},"down":{"uv":[12.3125,1.0625,12,0.75],"rotation":180,"texture":"#0"}}},{"from":[9.61749,12.02638,8.02876],"to":[10.10133,12.20055,8.20295],"rotation":{"angle":22.5,"axis":"z","origin":[9.75343,11.63083,8.08654]},"faces":{"north":{"uv":[4.25,11.25,4.5,11.875],"rotation":270,"texture":"#0"},"east":{"uv":[12.25,5,12,4.75],"rotation":90,"texture":"#0"},"south":{"uv":[11.25,5,11.5,5.625],"rotation":90,"texture":"#0"},"west":{"uv":[5.25,12,5,12.25],"rotation":90,"texture":"#0"},"up":{"uv":[11.25,5.75,11.5,6.375],"rotation":90,"texture":"#0"},"down":{"uv":[4.5,11.25,4.75,11.875],"rotation":90,"texture":"#0"}}},{"from":[9.58129,12.13077,8.04812],"to":[9.71676,12.80814,8.18359],"rotation":{"angle":-22.5,"axis":"z","origin":[9.75343,11.63083,8.08654]},"faces":{"north":{"uv":[11,1.25,11.875,1.4375],"rotation":270,"texture":"#0"},"east":{"uv":[11.875,1.9375,11,1.75],"rotation":90,"texture":"#0"},"south":{"uv":[11,1.5,11.875,1.6875],"rotation":90,"texture":"#0"},"west":{"uv":[12.125,0,11.25,0.1875],"rotation":90,"texture":"#0"},"up":{"uv":[12,6,12.1875,6.1875],"rotation":90,"texture":"#0"},"down":{"uv":[6,12,6.1875,12.1875],"rotation":90,"texture":"#0"}}},{"from":[10.0143,11.75425,8.0578],"to":[10.13042,12.7081,8.17392],"rotation":{"angle":0,"axis":"z","origin":[9.75343,11.63083,8.08654]},"faces":{"north":{"uv":[11.25,6.625,12.5,6.5],"rotation":270,"texture":"#0"},"east":{"uv":[12.5,7.125,11.25,7],"rotation":90,"texture":"#0"},"south":{"uv":[11.25,6.875,12.5,6.75],"rotation":90,"texture":"#0"},"west":{"uv":[12.5,8.25,11.25,8.375],"rotation":90,"texture":"#0"},"up":{"uv":[7.25,12,7.375,12.125],"rotation":90,"texture":"#0"},"down":{"uv":[7,12,7.125,12.125],"rotation":90,"texture":"#0"}}},{"from":[9.9367,11.22095,8.06747],"to":[10.03346,11.89833,8.16424],"rotation":{"angle":-22.5,"axis":"z","origin":[9.75343,11.63083,8.08654]},"faces":{"north":{"uv":[11.5,10.5,12.375,10.625],"rotation":270,"texture":"#0"},"east":{"uv":[12.375,11.125,11.5,11],"rotation":90,"texture":"#0"},"south":{"uv":[11.5,10.75,12.375,10.875],"rotation":90,"texture":"#0"},"west":{"uv":[12.375,11.25,11.5,11.375],"rotation":90,"texture":"#0"},"up":{"uv":[12,7.5,12.125,7.625],"rotation":90,"texture":"#0"},"down":{"uv":[7.5,12,7.625,12.125],"rotation":90,"texture":"#0"}}},{"from":[8.67676,11.22976,8.08129],"to":[9.47724,11.29888,8.15041],"rotation":{"angle":45,"axis":"z","origin":[9.75343,11.63083,8.08654]},"faces":{"north":{"uv":[11.75,7.25,12.8125,7.3125],"rotation":180,"texture":"#0"},"east":{"uv":[8.5,12,8.5625,12.0625],"rotation":180,"texture":"#0"},"south":{"uv":[12,2.75,13.0625,2.8125],"rotation":180,"texture":"#0"},"west":{"uv":[8.25,12,8.3125,12.0625],"rotation":180,"texture":"#0"},"up":{"uv":[13.0625,3.25,12,3.3125],"rotation":180,"texture":"#0"},"down":{"uv":[13.0625,3.0625,12,3],"rotation":180,"texture":"#0"}}},{"from":[4.8935,10.8011,7.86797],"to":[4.98474,11.85774,7.95921],"rotation":{"angle":-22.5,"axis":"z","origin":[6.22244,12.35475,7.9983]},"faces":{"north":{"uv":[11.75,7.3125,12.8125,7.25],"rotation":270,"texture":"#0"},"east":{"uv":[13.0625,3.3125,12,3.25],"rotation":90,"texture":"#0"},"south":{"uv":[12,2.8125,13.0625,2.75],"rotation":90,"texture":"#0"},"west":{"uv":[13.0625,3,12,3.0625],"rotation":90,"texture":"#0"},"up":{"uv":[8.5,12.0625,8.5625,12],"rotation":90,"texture":"#0"},"down":{"uv":[8.25,12.0625,8.3125,12],"rotation":90,"texture":"#0"}}},{"from":[3.53796,10.9311,7.91732],"to":[7.71018,14.3318,7.91732],"rotation":{"angle":45,"axis":"z","origin":[6.22244,12.35475,7.9983]},"faces":{"north":{"uv":[5.4375,0,0,4.4375],"texture":"#0"},"east":{"uv":[0,0,0,4.4375],"texture":"#0"},"south":{"uv":[5.4375,4.5,0,8.9375],"texture":"#0"},"west":{"uv":[0,0,0,4.4375],"texture":"#0"},"up":{"uv":[0,0,5.4375,0],"texture":"#0"},"down":{"uv":[0,0,5.4375,0],"texture":"#0"}}},{"from":[6.41557,13.74642,7.77592],"to":[6.70357,14.03442,8.06392],"rotation":{"angle":22.5,"axis":"z","origin":[6.22244,12.35475,7.9983]},"faces":{"north":{"uv":[3.75,9.875,4.625,9],"rotation":270,"texture":"#0"},"east":{"uv":[10.875,1.875,10,1],"rotation":90,"texture":"#0"},"south":{"uv":[9.25,9.375,10.125,8.5],"rotation":90,"texture":"#0"},"west":{"uv":[10.875,0,10,0.875],"rotation":90,"texture":"#0"},"up":{"uv":[9.25,10.375,10.125,9.5],"rotation":90,"texture":"#0"},"down":{"uv":[9.25,8.375,10.125,7.5],"rotation":90,"texture":"#0"}}},{"from":[7.176,12.60642,7.65592],"to":[7.764,13.19442,7.65592],"rotation":{"angle":22.5,"axis":"z","origin":[6.22244,12.35475,7.9983]},"color":7,"faces":{"north":{"uv":[0,16,16,0],"rotation":270,"texture":"#missing"},"east":{"uv":[10.875,1.875,10,1],"rotation":90,"texture":"#missing"},"south":{"uv":[0,16,16,0],"rotation":90,"texture":"#missing"},"west":{"uv":[10.875,0,10,0.875],"rotation":90,"texture":"#missing"},"up":{"uv":[9.25,10.375,10.125,9.5],"rotation":90,"texture":"#missing"},"down":{"uv":[9.25,8.375,10.125,7.5],"rotation":90,"texture":"#missing"}}},{"from":[5.94879,12.38998,8.01592],"to":[6.14079,12.58198,8.20792],"rotation":{"angle":-22.5,"axis":"z","origin":[6.22244,12.35475,7.9983]},"faces":{"north":{"uv":[3.75,9.875,4.625,9],"rotation":270,"texture":"#0"},"east":{"uv":[10.875,1.875,10,1],"rotation":90,"texture":"#0"},"south":{"uv":[9.25,9.375,10.125,8.5],"rotation":90,"texture":"#0"},"west":{"uv":[10.875,0,10,0.875],"rotation":90,"texture":"#0"},"up":{"uv":[9.25,10.375,10.125,9.5],"rotation":90,"texture":"#0"},"down":{"uv":[9.25,8.375,10.125,7.5],"rotation":90,"texture":"#0"}}},{"from":[6.90099,12.98518,7.722],"to":[7.28419,13.36838,8.1052],"rotation":{"angle":0,"axis":"z","origin":[6.22244,12.35475,7.9983]},"faces":{"north":{"uv":[11.5,2.375,11.875,2],"rotation":270,"texture":"#0"},"east":{"uv":[11.875,4.875,11.5,4.5],"rotation":90,"texture":"#0"},"south":{"uv":[11.5,3.375,11.875,3],"rotation":90,"texture":"#0"},"west":{"uv":[11.875,4,11.5,4.375],"rotation":90,"texture":"#0"},"up":{"uv":[11.5,3.875,11.875,3.5],"rotation":90,"texture":"#0"},"down":{"uv":[11.5,2.875,11.875,2.5],"rotation":90,"texture":"#0"}}},{"from":[6.07679,12.69478,7.76032],"to":[7.22639,13.00134,8.06688],"rotation":{"angle":22.5,"axis":"z","origin":[6.22244,12.35475,7.9983]},"faces":{"north":{"uv":[4.75,10.125,5.0625,9],"rotation":270,"texture":"#0"},"east":{"uv":[12.3125,1.5625,12,1.25],"rotation":90,"texture":"#0"},"south":{"uv":[10,5.125,10.3125,4],"rotation":90,"texture":"#0"},"west":{"uv":[12.3125,0.75,12,1.0625],"rotation":90,"texture":"#0"},"up":{"uv":[4.25,11.125,4.5625,10],"rotation":90,"texture":"#0"},"down":{"uv":[3.75,11.125,4.0625,10],"rotation":90,"texture":"#0"}}},{"from":[6.00382,12.81962,7.79864],"to":[6.23374,13.45829,8.02856],"rotation":{"angle":22.5,"axis":"z","origin":[6.22244,12.35475,7.9983]},"faces":{"north":{"uv":[4.5,11.25,4.25,11.875],"texture":"#0"},"east":{"uv":[11.5,5.75,11.25,6.375],"texture":"#0"},"south":{"uv":[11.5,5,11.25,5.625],"texture":"#0"},"west":{"uv":[4.75,11.25,4.5,11.875],"texture":"#0"},"up":{"uv":[12,5,12.25,4.75],"texture":"#0"},"down":{"uv":[5,12,5.25,12.25],"texture":"#0"}}},{"from":[5.29801,12.96528,7.82418],"to":[5.47684,13.76342,8.003],"rotation":{"angle":-22.5,"axis":"z","origin":[6.22244,12.35475,7.9983]},"faces":{"north":{"uv":[11,1.4375,11.875,1.25],"rotation":270,"texture":"#0"},"east":{"uv":[12.125,0.1875,11.25,0],"rotation":90,"texture":"#0"},"south":{"uv":[11,1.6875,11.875,1.5],"rotation":90,"texture":"#0"},"west":{"uv":[11.875,1.75,11,1.9375],"rotation":90,"texture":"#0"},"up":{"uv":[12,6.1875,12.1875,6],"rotation":90,"texture":"#0"},"down":{"uv":[6,12.1875,6.1875,12],"rotation":90,"texture":"#0"}}},{"from":[5.9393,13.58587,7.83696],"to":[7.15038,13.73915,7.99024],"rotation":{"angle":45,"axis":"z","origin":[6.22244,12.35475,7.9983]},"faces":{"north":{"uv":[12.5,6.625,11.25,6.5],"texture":"#0"},"east":{"uv":[7.375,12,7.25,12.125],"texture":"#0"},"south":{"uv":[12.5,6.875,11.25,6.75],"texture":"#0"},"west":{"uv":[7.125,12,7,12.125],"texture":"#0"},"up":{"uv":[11.25,7.125,12.5,7],"texture":"#0"},"down":{"uv":[11.25,8.25,12.5,8.375],"texture":"#0"}}},{"from":[4.8784,11.73056,7.84972],"to":[5.00614,12.6247,7.97746],"rotation":{"angle":-22.5,"axis":"z","origin":[6.22244,12.35475,7.9983]},"faces":{"north":{"uv":[11.5,10.625,12.375,10.5],"rotation":270,"texture":"#0"},"east":{"uv":[12.375,11.375,11.5,11.25],"rotation":90,"texture":"#0"},"south":{"uv":[11.5,10.875,12.375,10.75],"rotation":90,"texture":"#0"},"west":{"uv":[12.375,11,11.5,11.125],"rotation":90,"texture":"#0"},"up":{"uv":[12,7.625,12.125,7.5],"rotation":90,"texture":"#0"},"down":{"uv":[7.5,12.125,7.625,12],"rotation":90,"texture":"#0"}}},{"from":[5.15926,9.8361,8.11724],"to":[7.87982,13.17387,8.11724],"rotation":{"angle":-22.5,"axis":"z","origin":[6.24657,11.63083,8.08654]},"faces":{"north":{"uv":[9.0625,7.5,5.5,11.875],"texture":"#0"},"east":{"uv":[0,0,0,4.375],"texture":"#0"},"south":{"uv":[3.5625,9,0,13.375],"texture":"#0"},"west":{"uv":[0,0,0,4.375],"texture":"#0"},"up":{"uv":[0,0,3.5625,0],"texture":"#0"},"down":{"uv":[0,0,3.5625,0],"texture":"#0"}}},{"from":[7.39405,12.03366,7.9707],"to":[7.68435,12.32396,8.261],"rotation":{"angle":22.5,"axis":"z","origin":[6.24657,11.63083,8.08654]},"faces":{"north":{"uv":[11.5,2.375,11.875,2],"rotation":270,"texture":"#0"},"east":{"uv":[11.875,4.875,11.5,4.5],"rotation":90,"texture":"#0"},"south":{"uv":[11.5,3.375,11.875,3],"rotation":90,"texture":"#0"},"west":{"uv":[11.875,4,11.5,4.375],"rotation":90,"texture":"#0"},"up":{"uv":[11.5,3.875,11.875,3.5],"rotation":90,"texture":"#0"},"down":{"uv":[11.5,2.875,11.875,2.5],"rotation":90,"texture":"#0"}}},{"from":[6.06822,12.07709,7.99973],"to":[6.30046,12.948,8.23197],"rotation":{"angle":-45,"axis":"z","origin":[6.24657,11.63083,8.08654]},"faces":{"north":{"uv":[5.0625,9,4.75,10.125],"rotation":180,"texture":"#0"},"east":{"uv":[4.0625,10,3.75,11.125],"rotation":180,"texture":"#0"},"south":{"uv":[10.3125,4,10,5.125],"rotation":180,"texture":"#0"},"west":{"uv":[4.5625,10,4.25,11.125],"rotation":180,"texture":"#0"},"up":{"uv":[12,1.25,12.3125,1.5625],"rotation":180,"texture":"#0"},"down":{"uv":[12,1.0625,12.3125,0.75],"rotation":180,"texture":"#0"}}},{"from":[5.89867,12.02638,8.02876],"to":[6.38251,12.20055,8.20295],"rotation":{"angle":-22.5,"axis":"z","origin":[6.24657,11.63083,8.08654]},"faces":{"north":{"uv":[4.25,11.875,4.5,11.25],"rotation":270,"texture":"#0"},"east":{"uv":[5.25,12.25,5,12],"rotation":90,"texture":"#0"},"south":{"uv":[11.25,5.625,11.5,5],"rotation":90,"texture":"#0"},"west":{"uv":[12.25,4.75,12,5],"rotation":90,"texture":"#0"},"up":{"uv":[11.25,6.375,11.5,5.75],"rotation":90,"texture":"#0"},"down":{"uv":[4.5,11.875,4.75,11.25],"rotation":90,"texture":"#0"}}},{"from":[6.28324,12.13077,8.04812],"to":[6.41871,12.80814,8.18359],"rotation":{"angle":22.5,"axis":"z","origin":[6.24657,11.63083,8.08654]},"faces":{"north":{"uv":[11,1.4375,11.875,1.25],"rotation":270,"texture":"#0"},"east":{"uv":[12.125,0.1875,11.25,0],"rotation":90,"texture":"#0"},"south":{"uv":[11,1.6875,11.875,1.5],"rotation":90,"texture":"#0"},"west":{"uv":[11.875,1.75,11,1.9375],"rotation":90,"texture":"#0"},"up":{"uv":[12,6.1875,12.1875,6],"rotation":90,"texture":"#0"},"down":{"uv":[6,12.1875,6.1875,12],"rotation":90,"texture":"#0"}}},{"from":[5.86958,11.75425,8.0578],"to":[5.9857,12.7081,8.17392],"rotation":{"angle":0,"axis":"z","origin":[6.24657,11.63083,8.08654]},"faces":{"north":{"uv":[11.25,6.5,12.5,6.625],"rotation":270,"texture":"#0"},"east":{"uv":[12.5,8.375,11.25,8.25],"rotation":90,"texture":"#0"},"south":{"uv":[11.25,6.75,12.5,6.875],"rotation":90,"texture":"#0"},"west":{"uv":[12.5,7,11.25,7.125],"rotation":90,"texture":"#0"},"up":{"uv":[7.25,12.125,7.375,12],"rotation":90,"texture":"#0"},"down":{"uv":[7,12.125,7.125,12],"rotation":90,"texture":"#0"}}},{"from":[5.96654,11.22095,8.06747],"to":[6.0633,11.89833,8.16424],"rotation":{"angle":22.5,"axis":"z","origin":[6.24657,11.63083,8.08654]},"faces":{"north":{"uv":[11.5,10.625,12.375,10.5],"rotation":270,"texture":"#0"},"east":{"uv":[12.375,11.375,11.5,11.25],"rotation":90,"texture":"#0"},"south":{"uv":[11.5,10.875,12.375,10.75],"rotation":90,"texture":"#0"},"west":{"uv":[12.375,11,11.5,11.125],"rotation":90,"texture":"#0"},"up":{"uv":[12,7.625,12.125,7.5],"rotation":90,"texture":"#0"},"down":{"uv":[7.5,12.125,7.625,12],"rotation":90,"texture":"#0"}}},{"from":[6.52276,11.22976,8.08129],"to":[7.32324,11.29888,8.15041],"rotation":{"angle":-45,"axis":"z","origin":[6.24657,11.63083,8.08654]},"faces":{"north":{"uv":[12.8125,7.25,11.75,7.3125],"rotation":180,"texture":"#0"},"east":{"uv":[8.3125,12,8.25,12.0625],"rotation":180,"texture":"#0"},"south":{"uv":[13.0625,2.75,12,2.8125],"rotation":180,"texture":"#0"},"west":{"uv":[8.5625,12,8.5,12.0625],"rotation":180,"texture":"#0"},"up":{"uv":[12,3.25,13.0625,3.3125],"rotation":180,"texture":"#0"},"down":{"uv":[12,3.0625,13.0625,3],"rotation":180,"texture":"#0"}}},{"from":[6.54616,-11.54308,7.86901],"to":[6.8144,-10.53717,8.13725],"rotation":{"angle":-22.5,"axis":"z","origin":[6.69025,-11.88906,8]},"faces":{"north":{"uv":[5.0625,9,4.75,10.125],"rotation":180,"texture":"#0"},"east":{"uv":[4.0625,10,3.75,11.125],"rotation":180,"texture":"#0"},"south":{"uv":[10.3125,4,10,5.125],"rotation":180,"texture":"#0"},"west":{"uv":[4.5625,10,4.25,11.125],"rotation":180,"texture":"#0"},"up":{"uv":[12,1.25,12.3125,1.5625],"rotation":180,"texture":"#0"},"down":{"uv":[12,1.0625,12.3125,0.75],"rotation":180,"texture":"#0"}}},{"from":[5.53108,-13.96195,8.0064],"to":[8.50669,-10.31126,8.0064],"rotation":{"angle":0,"axis":"z","origin":[6.69025,-11.88906,8]},"faces":{"north":{"uv":[0,4.4375,5.4375,0],"rotation":270,"texture":"#0"},"east":{"uv":[5.4375,0,0,0],"rotation":90,"texture":"#0"},"south":{"uv":[0,8.9375,5.4375,4.5],"rotation":90,"texture":"#0"},"west":{"uv":[5.4375,0,0,0],"rotation":90,"texture":"#0"},"up":{"uv":[0,4.4375,0,0],"rotation":90,"texture":"#0"},"down":{"uv":[0,4.4375,0,0],"rotation":90,"texture":"#0"}}},{"from":[5.6422,-11.24665,7.88267],"to":[5.8942,-10.99465,8.13467],"rotation":{"angle":-22.5,"axis":"z","origin":[6.69025,-11.88906,8]},"faces":{"north":{"uv":[4.625,9,3.75,9.875],"rotation":180,"texture":"#0"},"east":{"uv":[10.125,7.5,9.25,8.375],"rotation":180,"texture":"#0"},"south":{"uv":[10.125,8.5,9.25,9.375],"rotation":180,"texture":"#0"},"west":{"uv":[10.125,9.5,9.25,10.375],"rotation":180,"texture":"#0"},"up":{"uv":[10,1,10.875,1.875],"rotation":180,"texture":"#0"},"down":{"uv":[10,0.875,10.875,0],"rotation":180,"texture":"#0"}}},{"from":[6.04964,-11.86079,7.93607],"to":[6.18377,-10.80108,8.07019],"rotation":{"angle":0,"axis":"z","origin":[6.69025,-11.88906,8]},"faces":{"north":{"uv":[11.25,6.5,12.5,6.625],"rotation":270,"texture":"#0"},"east":{"uv":[12.5,8.375,11.25,8.25],"rotation":90,"texture":"#0"},"south":{"uv":[11.25,6.75,12.5,6.875],"rotation":90,"texture":"#0"},"west":{"uv":[12.5,7,11.25,7.125],"rotation":90,"texture":"#0"},"up":{"uv":[7.25,12.125,7.375,12],"rotation":90,"texture":"#0"},"down":{"uv":[7,12.125,7.125,12],"rotation":90,"texture":"#0"}}},{"from":[6.14714,-12.39862,7.94725],"to":[6.25891,-11.61625,8.05902],"rotation":{"angle":22.5,"axis":"z","origin":[6.69025,-11.88906,8]},"faces":{"north":{"uv":[11.5,10.625,12.375,10.5],"rotation":270,"texture":"#0"},"east":{"uv":[12.375,11.375,11.5,11.25],"rotation":90,"texture":"#0"},"south":{"uv":[11.5,10.875,12.375,10.75],"rotation":90,"texture":"#0"},"west":{"uv":[12.375,11,11.5,11.125],"rotation":90,"texture":"#0"},"up":{"uv":[12,7.625,12.125,7.5],"rotation":90,"texture":"#0"},"down":{"uv":[7.5,12.125,7.625,12],"rotation":90,"texture":"#0"}}},{"from":[6.16035,-13.2119,7.96322],"to":[6.24019,-12.28734,8.04305],"rotation":{"angle":22.5,"axis":"z","origin":[6.69025,-11.88906,8]},"faces":{"north":{"uv":[11.75,7.3125,12.8125,7.25],"rotation":270,"texture":"#0"},"east":{"uv":[13.0625,3.3125,12,3.25],"rotation":90,"texture":"#0"},"south":{"uv":[12,2.8125,13.0625,2.75],"rotation":90,"texture":"#0"},"west":{"uv":[13.0625,3,12,3.0625],"rotation":90,"texture":"#0"},"up":{"uv":[8.5,12.0625,8.5625,12],"rotation":90,"texture":"#0"},"down":{"uv":[8.25,12.0625,8.3125,12],"rotation":90,"texture":"#0"}}},{"from":[6.5143,-11.31825,7.9249],"to":[6.67077,-10.61988,8.08137],"rotation":{"angle":22.5,"axis":"z","origin":[6.69025,-11.88906,8]},"faces":{"north":{"uv":[11,1.4375,11.875,1.25],"rotation":270,"texture":"#0"},"east":{"uv":[12.125,0.1875,11.25,0],"rotation":90,"texture":"#0"},"south":{"uv":[11,1.6875,11.875,1.5],"rotation":90,"texture":"#0"},"west":{"uv":[11.875,1.75,11,1.9375],"rotation":90,"texture":"#0"},"up":{"uv":[12,6.1875,12.1875,6],"rotation":90,"texture":"#0"},"down":{"uv":[6,12.1875,6.1875,12],"rotation":90,"texture":"#0"}}},{"from":[6.14632,-11.60692,7.90254],"to":[6.70516,-11.40574,8.10372],"rotation":{"angle":-22.5,"axis":"z","origin":[6.69025,-11.88906,8]},"faces":{"north":{"uv":[4.25,11.875,4.5,11.25],"rotation":270,"texture":"#0"},"east":{"uv":[5.25,12.25,5,12],"rotation":90,"texture":"#0"},"south":{"uv":[11.25,5.625,11.5,5],"rotation":90,"texture":"#0"},"west":{"uv":[12.25,4.75,12,5],"rotation":90,"texture":"#0"},"up":{"uv":[11.25,6.375,11.5,5.75],"rotation":90,"texture":"#0"},"down":{"uv":[4.5,11.875,4.75,11.25],"rotation":90,"texture":"#0"}}},{"from":[7.46551,-11.23351,7.456],"to":[8.55351,-10.14551,8.544],"rotation":{"angle":-45,"axis":"z","origin":[8.00951,-10.68951,8]},"faces":{"north":{"uv":[3.75,9,4.625,9.875],"rotation":180,"texture":"#0"},"east":{"uv":[9.25,9.5,10.125,10.375],"rotation":180,"texture":"#0"},"south":{"uv":[9.25,8.5,10.125,9.375],"rotation":180,"texture":"#0"},"west":{"uv":[9.25,7.5,10.125,8.375],"rotation":180,"texture":"#0"},"up":{"uv":[10.875,1,10,1.875],"rotation":180,"texture":"#0"},"down":{"uv":[10.875,0.875,10,0],"rotation":180,"texture":"#0"}}},{"from":[6.01171,-10.69657,7.83548],"to":[6.34702,-10.36127,8.17078],"rotation":{"angle":-45,"axis":"z","origin":[6.69025,-11.88906,8]},"faces":{"north":{"uv":[11.875,2,11.5,2.375],"rotation":180,"texture":"#0"},"east":{"uv":[11.875,2.5,11.5,2.875],"rotation":180,"texture":"#0"},"south":{"uv":[11.875,3,11.5,3.375],"rotation":180,"texture":"#0"},"west":{"uv":[11.875,3.5,11.5,3.875],"rotation":180,"texture":"#0"},"up":{"uv":[11.5,4.5,11.875,4.875],"rotation":180,"texture":"#0"},"down":{"uv":[11.5,4.375,11.875,4],"rotation":180,"texture":"#0"}}},{"from":[9.1856,-11.54308,7.86901],"to":[9.45384,-10.53717,8.13725],"rotation":{"angle":22.5,"axis":"z","origin":[9.30975,-11.88906,8]},"faces":{"north":{"uv":[4.75,9,5.0625,10.125],"rotation":180,"texture":"#0"},"east":{"uv":[4.25,10,4.5625,11.125],"rotation":180,"texture":"#0"},"south":{"uv":[10,4,10.3125,5.125],"rotation":180,"texture":"#0"},"west":{"uv":[3.75,10,4.0625,11.125],"rotation":180,"texture":"#0"},"up":{"uv":[12.3125,1.25,12,1.5625],"rotation":180,"texture":"#0"},"down":{"uv":[12.3125,1.0625,12,0.75],"rotation":180,"texture":"#0"}}},{"from":[7.49331,-13.96195,8.0064],"to":[10.46892,-10.31126,8.0064],"rotation":{"angle":0,"axis":"z","origin":[9.30975,-11.88906,8]},"faces":{"north":{"uv":[0,0,5.4375,4.4375],"rotation":270,"texture":"#0"},"east":{"uv":[5.4375,0,0,0],"rotation":90,"texture":"#0"},"south":{"uv":[0,4.5,5.4375,8.9375],"rotation":90,"texture":"#0"},"west":{"uv":[5.4375,0,0,0],"rotation":90,"texture":"#0"},"up":{"uv":[0,0,0,4.4375],"rotation":90,"texture":"#0"},"down":{"uv":[0,0,0,4.4375],"rotation":90,"texture":"#0"}}},{"from":[10.1058,-11.24665,7.88267],"to":[10.3578,-10.99465,8.13467],"rotation":{"angle":22.5,"axis":"z","origin":[9.30975,-11.88906,8]},"faces":{"north":{"uv":[3.75,9,4.625,9.875],"rotation":180,"texture":"#0"},"east":{"uv":[9.25,9.5,10.125,10.375],"rotation":180,"texture":"#0"},"south":{"uv":[9.25,8.5,10.125,9.375],"rotation":180,"texture":"#0"},"west":{"uv":[9.25,7.5,10.125,8.375],"rotation":180,"texture":"#0"},"up":{"uv":[10.875,1,10,1.875],"rotation":180,"texture":"#0"},"down":{"uv":[10.875,0.875,10,0],"rotation":180,"texture":"#0"}}},{"from":[9.81623,-11.86079,7.93607],"to":[9.95036,-10.80108,8.07019],"rotation":{"angle":0,"axis":"z","origin":[9.30975,-11.88906,8]},"faces":{"north":{"uv":[11.25,6.625,12.5,6.5],"rotation":270,"texture":"#0"},"east":{"uv":[12.5,7.125,11.25,7],"rotation":90,"texture":"#0"},"south":{"uv":[11.25,6.875,12.5,6.75],"rotation":90,"texture":"#0"},"west":{"uv":[12.5,8.25,11.25,8.375],"rotation":90,"texture":"#0"},"up":{"uv":[7.25,12,7.375,12.125],"rotation":90,"texture":"#0"},"down":{"uv":[7,12,7.125,12.125],"rotation":90,"texture":"#0"}}},{"from":[9.74109,-12.39862,7.94725],"to":[9.85286,-11.61625,8.05902],"rotation":{"angle":-22.5,"axis":"z","origin":[9.30975,-11.88906,8]},"faces":{"north":{"uv":[11.5,10.5,12.375,10.625],"rotation":270,"texture":"#0"},"east":{"uv":[12.375,11.125,11.5,11],"rotation":90,"texture":"#0"},"south":{"uv":[11.5,10.75,12.375,10.875],"rotation":90,"texture":"#0"},"west":{"uv":[12.375,11.25,11.5,11.375],"rotation":90,"texture":"#0"},"up":{"uv":[12,7.5,12.125,7.625],"rotation":90,"texture":"#0"},"down":{"uv":[7.5,12,7.625,12.125],"rotation":90,"texture":"#0"}}},{"from":[9.75981,-13.2119,7.96322],"to":[9.83965,-12.28734,8.04305],"rotation":{"angle":-22.5,"axis":"z","origin":[9.30975,-11.88906,8]},"faces":{"north":{"uv":[11.75,7.25,12.8125,7.3125],"rotation":270,"texture":"#0"},"east":{"uv":[13.0625,3.0625,12,3],"rotation":90,"texture":"#0"},"south":{"uv":[12,2.75,13.0625,2.8125],"rotation":90,"texture":"#0"},"west":{"uv":[13.0625,3.25,12,3.3125],"rotation":90,"texture":"#0"},"up":{"uv":[8.5,12,8.5625,12.0625],"rotation":90,"texture":"#0"},"down":{"uv":[8.25,12,8.3125,12.0625],"rotation":90,"texture":"#0"}}},{"from":[9.32923,-11.31825,7.9249],"to":[9.4857,-10.61988,8.08137],"rotation":{"angle":-22.5,"axis":"z","origin":[9.30975,-11.88906,8]},"faces":{"north":{"uv":[11,1.25,11.875,1.4375],"rotation":270,"texture":"#0"},"east":{"uv":[11.875,1.9375,11,1.75],"rotation":90,"texture":"#0"},"south":{"uv":[11,1.5,11.875,1.6875],"rotation":90,"texture":"#0"},"west":{"uv":[12.125,0,11.25,0.1875],"rotation":90,"texture":"#0"},"up":{"uv":[12,6,12.1875,6.1875],"rotation":90,"texture":"#0"},"down":{"uv":[6,12,6.1875,12.1875],"rotation":90,"texture":"#0"}}},{"from":[9.29484,-11.60692,7.90254],"to":[9.85368,-11.40574,8.10372],"rotation":{"angle":22.5,"axis":"z","origin":[9.30975,-11.88906,8]},"faces":{"north":{"uv":[4.25,11.25,4.5,11.875],"rotation":270,"texture":"#0"},"east":{"uv":[12.25,5,12,4.75],"rotation":90,"texture":"#0"},"south":{"uv":[11.25,5,11.5,5.625],"rotation":90,"texture":"#0"},"west":{"uv":[5.25,12,5,12.25],"rotation":90,"texture":"#0"},"up":{"uv":[11.25,5.75,11.5,6.375],"rotation":90,"texture":"#0"},"down":{"uv":[4.5,11.25,4.75,11.875],"rotation":90,"texture":"#0"}}},{"from":[9.65298,-10.69657,7.83548],"to":[9.98829,-10.36127,8.17078],"rotation":{"angle":45,"axis":"z","origin":[9.30975,-11.88906,8]},"faces":{"north":{"uv":[11.5,2,11.875,2.375],"rotation":180,"texture":"#0"},"east":{"uv":[11.5,3.5,11.875,3.875],"rotation":180,"texture":"#0"},"south":{"uv":[11.5,3,11.875,3.375],"rotation":180,"texture":"#0"},"west":{"uv":[11.5,2.5,11.875,2.875],"rotation":180,"texture":"#0"},"up":{"uv":[11.875,4.5,11.5,4.875],"rotation":180,"texture":"#0"},"down":{"uv":[11.875,4.375,11.5,4],"rotation":180,"texture":"#0"}}}],"gui_light":"front","display":{"thirdperson_righthand":{"rotation":[0,90,0],"translation":[0,4.75,2.25]},"thirdperson_lefthand":{"rotation":[0,90,0],"translation":[0,4.75,2.25]},"firstperson_righthand":{"rotation":[-16.25,90,0],"translation":[9,-0.25,-6.5],"scale":[1.46875,1.46875,1.46875]},"firstperson_lefthand":{"rotation":[-16.25,90,0],"translation":[9,-0.25,-6.5],"scale":[1.46875,1.46875,1.46875]},"ground":{"rotation":[-63,0,45],"translation":[-0.75,0.25,-1],"scale":[0.5,0.5,0.5]},"gui":{"rotation":[0,0,45.5],"translation":[-1.25,1,0],"scale":[0.58203,0.58203,0.58203]},"head":{"scale":[0,0,0]},"fixed":{"rotation":[0,0,-38.5],"translation":[4,8.75,-2],"scale":[1.9375,1.9375,1.9375]}}}