{"textures​":{"layer0":"minecraft:item/torchflower_seeds"},"credit":"Made with Blockbench","ambientocclusion":false,"texture_size":[64,64],"\u0074\u0065\u0078\u0074\u0075\u0072\u0065\u0073":{"0":"\u0063\u0075\u0073\u0074\u006f\u006d\u0068\u0061\u0074\u0073:\u0068\u0061\u0074\u0073/\u0070\u006f\u006b\u0065\u006d\u006f\u006e_\u0068\u0061\u0074_\u0074\u0065\u0078\u0074\u0075\u0072\u0065","\u0070\u0061\u0072\u0074\u0069\u0063\u006c\u0065":"\u0063\u0075\u0073\u0074\u006f\u006d\u0068\u0061\u0074\u0073:\u0068\u0061\u0074\u0073/\u0070\u006f\u006b\u0065\u006d\u006f\u006e_\u0068\u0061\u0074_\u0074\u0065\u0078\u0074\u0075\u0072\u0065"},"elements":[{"from":[10,3.9,1],"to":[10.55,5.35,3],"rotation":{"angle":0,"axis":"y","origin":[10.875,2,2]},"faces":{"north":{"uv":[10.25,9.75,10.5,10],"texture":"#0"},"east":{"uv":[7.5,6,8,6.25],"texture":"#0"},"south":{"uv":[10.25,10.25,10.5,10.5],"texture":"#0"},"west":{"uv":[7.5,6.25,8,6.5],"texture":"#0"},"up":{"uv":[6,10.5,5.75,10],"texture":"#0"},"down":{"uv":[7.5,10,7.25,10.5],"texture":"#0"}}},{"from":[6,3.9,0.6],"to":[10,5.35,1.05],"rotation":{"angle":0,"axis":"y","origin":[5,4.45,1]},"faces":{"north":{"uv":[8.75,13.5,10.75,14.25],"texture":"#0"},"east":{"uv":[0,10.5,0.25,10.75],"texture":"#0"},"south":{"uv":[2.5,9.5,3.5,9.75],"texture":"#0"},"west":{"uv":[0.25,10.5,0.5,10.75],"texture":"#0"},"up":{"uv":[10.5,2.75,9.5,2.5],"texture":"#0"},"down":{"uv":[9.75,13,7.75,13.5],"texture":"#0"}}},{"from":[6.05,3.35,0.65],"to":[9.95,3.9,1.55],"rotation":{"angle":0,"axis":"y","origin":[9,1.475,0.675]},"faces":{"north":{"uv":[4.75,12.5,6.75,13],"texture":"#0"},"east":{"uv":[0.5,10.5,0.75,10.75],"texture":"#0"},"south":{"uv":[7.25,9.5,8.25,9.75],"texture":"#0"},"west":{"uv":[0.75,10.5,1,10.75],"texture":"#0"},"up":{"uv":[9.25,9.75,8.25,9.5],"texture":"#0"},"down":{"uv":[10.25,9.5,9.25,9.75],"texture":"#0"}}},{"from":[9.95,3.35,1.05],"to":[10.5,3.9,3],"rotation":{"angle":0,"axis":"y","origin":[10.875,1.475,2]},"faces":{"north":{"uv":[1,10.5,1.25,10.75],"texture":"#0"},"east":{"uv":[5.5,9.5,6,9.75],"texture":"#0"},"south":{"uv":[10.5,1,10.75,1.25],"texture":"#0"},"west":{"uv":[7.5,10,8,10.25],"texture":"#0"},"up":{"uv":[8.25,10.5,8,10],"texture":"#0"},"down":{"uv":[8.5,10,8.25,10.5],"texture":"#0"}}},{"from":[10,1.9,1],"to":[10.55,3.35,3],"rotation":{"angle":0,"axis":"y","origin":[10.875,0,2]},"faces":{"north":{"uv":[1.25,10.5,1.5,10.75],"texture":"#0"},"east":{"uv":[8.5,10,9,10.25],"texture":"#0"},"south":{"uv":[10.5,1.25,10.75,1.5],"texture":"#0"},"west":{"uv":[9,10,9.5,10.25],"texture":"#0"},"up":{"uv":[9.75,10.5,9.5,10],"texture":"#0"},"down":{"uv":[10,10,9.75,10.5],"texture":"#0"}}},{"from":[6,1.9,0.6],"to":[10,3.35,1.05],"rotation":{"angle":0,"axis":"y","origin":[5,2.45,1]},"faces":{"north":{"uv":[4.5,13.5,6.5,14.25],"texture":"#0"},"east":{"uv":[10.5,1.5,10.75,1.75],"texture":"#0"},"south":{"uv":[1,9.75,2,10],"texture":"#0"},"west":{"uv":[10.5,1.75,10.75,2],"texture":"#0"},"up":{"uv":[6,12.5,4,12],"texture":"#0"},"down":{"uv":[4,9.75,3,10],"texture":"#0"}}},{"from":[6,1.35,1],"to":[10,1.9,3],"rotation":{"angle":0,"axis":"y","origin":[5,1,2]},"faces":{"north":{"uv":[4,9.75,5,10],"texture":"#0"},"east":{"uv":[10,10,10.5,10.25],"texture":"#0"},"south":{"uv":[5,9.75,6,10],"texture":"#0"},"west":{"uv":[0,10.25,0.5,10.5],"texture":"#0"},"up":{"uv":[7.5,6.5,6.5,6],"texture":"#0"},"down":{"uv":[10.5,1,9.5,1.5],"texture":"#0"}}},{"from":[5.5,3.35,1.05],"to":[6.05,3.9,3],"rotation":{"angle":0,"axis":"y","origin":[5.125,1.475,2]},"faces":{"north":{"uv":[2,10.5,2.25,10.75],"texture":"#0"},"east":{"uv":[0.5,10.25,1,10.5],"texture":"#0"},"south":{"uv":[10.5,2,10.75,2.25],"texture":"#0"},"west":{"uv":[1,10.25,1.5,10.5],"texture":"#0"},"up":{"uv":[1.75,10.75,1.5,10.25],"texture":"#0"},"down":{"uv":[2,10.25,1.75,10.75],"texture":"#0"}}},{"from":[5.45,3.9,1],"to":[6,5.35,3],"rotation":{"angle":0,"axis":"y","origin":[6.325,2,2]},"faces":{"north":{"uv":[2.25,10.5,2.5,10.75],"texture":"#0"},"east":{"uv":[2,10.25,2.5,10.5],"texture":"#0"},"south":{"uv":[10.5,2.25,10.75,2.5],"texture":"#0"},"west":{"uv":[2.5,10.25,3,10.5],"texture":"#0"},"up":{"uv":[3.5,10.75,3.25,10.25],"texture":"#0"},"down":{"uv":[3.75,10.25,3.5,10.75],"texture":"#0"}}},{"from":[5.45,1.9,1],"to":[6,3.35,3],"rotation":{"angle":0,"axis":"y","origin":[6.325,0,2]},"faces":{"north":{"uv":[2.5,10.5,2.75,10.75],"texture":"#0"},"east":{"uv":[3.75,10.25,4.25,10.5],"texture":"#0"},"south":{"uv":[10.5,2.5,10.75,2.75],"texture":"#0"},"west":{"uv":[4.25,10.25,4.75,10.5],"texture":"#0"},"up":{"uv":[5,10.75,4.75,10.25],"texture":"#0"},"down":{"uv":[5.25,10.25,5,10.75],"texture":"#0"}}},{"from":[6,5.35,1],"to":[10,5.9,3],"rotation":{"angle":0,"axis":"y","origin":[5,5,2]},"faces":{"north":{"uv":[7.25,9.75,8.25,10],"texture":"#0"},"east":{"uv":[7.5,10.25,8,10.5],"texture":"#0"},"south":{"uv":[8.25,9.75,9.25,10],"texture":"#0"},"west":{"uv":[8.5,10.25,9,10.5],"texture":"#0"},"up":{"uv":[10.5,2,9.5,1.5],"texture":"#0"},"down":{"uv":[10.5,2,9.5,2.5],"texture":"#0"}}},{"from":[1,0,2],"to":[15,1,15],"faces":{"north":{"uv":[8.5,8,12,8.25],"texture":"#0"},"east":{"uv":[9,5,12.25,5.25],"texture":"#0"},"south":{"uv":[9,4.75,12.5,5],"texture":"#0"},"west":{"uv":[9,5.25,12.25,5.5],"texture":"#0"},"up":{"uv":[3.5,3.25,0,0],"texture":"#0"},"down":{"uv":[3.5,3.25,0,6.5],"texture":"#0"}}},{"from":[2,0,15],"to":[14,1,16],"faces":{"north":{"uv":[9,5.5,12,5.75],"texture":"#0"},"east":{"uv":[2.75,10.5,3,10.75],"texture":"#0"},"south":{"uv":[9,5.75,12,6],"texture":"#0"},"west":{"uv":[3.75,10.5,4,10.75],"texture":"#0"},"up":{"uv":[3,9.5,0,9.25],"texture":"#0"},"down":{"uv":[10.25,9.25,7.25,9.5],"texture":"#0"}}},{"from":[2,1,2.025],"to":[14,3,14.975],"faces":{"north":{"uv":[9,3.75,12,4.25],"texture":"#0"},"east":{"uv":[8.25,8.25,11.5,8.75],"texture":"#0"},"south":{"uv":[9,4.25,12,4.75],"texture":"#0"},"west":{"uv":[8.5,7.5,11.75,8],"texture":"#0"},"up":{"uv":[6.5,3.25,3.5,0],"texture":"#0"},"down":{"uv":[6.5,3.25,3.5,6.5],"texture":"#0"}}},{"from":[2,3,3.025],"to":[14,6,14],"faces":{"north":{"uv":[5.5,7.5,8.5,8.25],"texture":"#0"},"east":{"uv":[8,6.75,10.75,7.5],"texture":"#0"},"south":{"uv":[8,6,11,6.75],"texture":"#0"},"west":{"uv":[5.5,8.25,8.25,9],"texture":"#0"},"up":{"uv":[3,9.25,0,6.5],"texture":"#0"},"down":{"uv":[9.5,0,6.5,2.75],"texture":"#0"}}},{"from":[3,6,4.025],"to":[13,7,13],"faces":{"north":{"uv":[3,8.75,5.5,9],"texture":"#0"},"east":{"uv":[9.5,0.5,11.75,0.75],"texture":"#0"},"south":{"uv":[0,9.5,2.5,9.75],"texture":"#0"},"west":{"uv":[9.5,0.75,11.75,1],"texture":"#0"},"up":{"uv":[9,5,6.5,2.75],"texture":"#0"},"down":{"uv":[5.5,6.5,3,8.75],"texture":"#0"}}},{"from":[13.84295,6.51046,2.025],"to":[14.84295,8.66046,14.975],"rotation":{"angle":-22.5,"axis":"z","origin":[-0.30705,5.43546,0]},"faces":{"north":{"uv":[9,10.25,9.25,10.75],"texture":"#0"},"east":{"uv":[8.25,8.75,11.5,9.25],"texture":"#0"},"south":{"uv":[9.25,10.25,9.5,10.75],"texture":"#0"},"west":{"uv":[9,2.75,12.25,3.25],"texture":"#0"},"up":{"uv":[6.5,12.25,6.25,9],"texture":"#0"},"down":{"uv":[6.75,9,6.5,12.25],"texture":"#0"}}},{"from":[1.15705,6.51046,2.025],"to":[2.15705,8.66046,14.975],"rotation":{"angle":22.5,"axis":"z","origin":[16.30705,5.43546,0]},"faces":{"north":{"uv":[10.25,9.25,10.5,9.75],"texture":"#0"},"east":{"uv":[3,9,6.25,9.5],"texture":"#0"},"south":{"uv":[10,10.25,10.25,10.75],"texture":"#0"},"west":{"uv":[9,3.25,12.25,3.75],"texture":"#0"},"up":{"uv":[7,12.25,6.75,9],"texture":"#0"},"down":{"uv":[7.25,9,7,12.25],"texture":"#0"}}},{"from":[3,0.325,-2],"to":[13,1.325,2],"rotation":{"angle":0,"axis":"y","origin":[0,0.325,0]},"faces":{"north":{"uv":[9.5,0,12,0.25],"texture":"#0"},"east":{"uv":[9.25,9.75,10.25,10],"texture":"#0"},"south":{"uv":[9.5,0.25,12,0.5],"texture":"#0"},"west":{"uv":[0,10,1,10.25],"texture":"#0"},"up":{"uv":[9,6,6.5,5],"texture":"#0"},"down":{"uv":[8,6.5,5.5,7.5],"texture":"#0"}}},{"from":[12.84568,1.54917,-2],"to":[13.84568,2.54917,2],"rotation":{"angle":-22.5,"axis":"z","origin":[9.84568,1.54917,0]},"faces":{"north":{"uv":[4,10.5,4.25,10.75],"texture":"#0"},"east":{"uv":[1,10,2,10.25],"texture":"#0"},"south":{"uv":[4.25,10.5,4.5,10.75],"texture":"#0"},"west":{"uv":[2,10,3,10.25],"texture":"#0"},"up":{"uv":[6.25,10.5,6,9.5],"texture":"#0"},"down":{"uv":[3.25,10,3,11],"texture":"#0"}}},{"from":[2.15432,1.54917,-2],"to":[3.15432,2.54917,2],"rotation":{"angle":22.5,"axis":"z","origin":[6.15432,1.54917,0]},"faces":{"north":{"uv":[4.5,10.5,4.75,10.75],"texture":"#0"},"east":{"uv":[3.25,10,4.25,10.25],"texture":"#0"},"south":{"uv":[5.75,10.5,6,10.75],"texture":"#0"},"west":{"uv":[4.25,10,5.25,10.25],"texture":"#0"},"up":{"uv":[5.5,11,5.25,10],"texture":"#0"},"down":{"uv":[5.75,10,5.5,11],"texture":"#0"}}}],"display":{"thirdperson_righthand":{"rotation":[35,180,0],"translation":[0,5.75,-2.25],"scale":[0.64,0.64,0.64]},"thirdperson_lefthand":{"rotation":[35,180,0],"translation":[0,5.75,-2.25],"scale":[0.64,0.64,0.64]},"firstperson_righthand":{"rotation":[31,180,0],"translation":[-0.25,8,0],"scale":[0.72,0.72,0.72]},"firstperson_lefthand":{"rotation":[31,180,0],"translation":[-0.25,8,0],"scale":[0.72,0.72,0.72]},"ground":{"translation":[0,7,0],"scale":[0.87,0.87,0.87]},"gui":{"rotation":[24,157,0],"translation":[0.25,4.25,0],"scale":[0.93,0.93,0.93]},"head":{"translation":[0,11,-1.25],"scale":[1.3,1.3,1.3]},"fixed":{"rotation":[-90,0,0],"translation":[0,0,-9.75],"scale":[1.47,1.47,1.47]}}}