{"textures​":{"layer0":"minecraft:item/small_dripleaf"},"credit":"Made with Blockbench","\u0074\u0065\u0078\u0074\u0075\u0072\u0065\u0073":{"1":"\u0063\u0075\u0074\u0069\u0065\u0063\u0061\u0074\u0070\u0061\u0063\u006b:\u0063\u0075\u0074\u0069\u0065\u0063\u0061\u0074\u0070\u0061\u0063\u006b/\u0063\u0061\u0074\u0066\u0069\u0073\u0068\u0069\u006e\u0067_\u0072\u006f\u0064_\u0063\u0061\u0073\u0074","\u0070\u0061\u0072\u0074\u0069\u0063\u006c\u0065":"#1"},"elements":[{"from":[7.5,2.00329,7.5],"to":[8.5,3.00329,8.5],"rotation":{"angle":-45,"axis":"x","origin":[8,2.50329,8]},"faces":{"north":{"uv":[9,7,10,8],"texture":"#1"},"east":{"uv":[10,7,11,8],"texture":"#1"},"south":{"uv":[8,10,9,11],"texture":"#1"},"west":{"uv":[10,8,11,9],"texture":"#1"},"up":{"uv":[10,11,9,10],"texture":"#1"},"down":{"uv":[11,9,10,10],"texture":"#1"}}},{"from":[7.5,5.40329,7.5],"to":[8.5,6.40329,8.5],"rotation":{"angle":-45,"axis":"x","origin":[8,5.90329,8]},"faces":{"north":{"uv":[10,10,11,11],"texture":"#1"},"east":{"uv":[0,11,1,12],"texture":"#1"},"south":{"uv":[11,0,12,1],"texture":"#1"},"west":{"uv":[1,11,2,12],"texture":"#1"},"up":{"uv":[12,2,11,1],"texture":"#1"},"down":{"uv":[3,11,2,12],"texture":"#1"}}},{"from":[7.475,5.50329,7.5],"to":[8.525,7.50329,9.5],"rotation":{"angle":-45,"axis":"x","origin":[8,6.00329,8]},"faces":{"north":{"uv":[0,9,1,11],"texture":"#1"},"east":{"uv":[6,0,8,2],"texture":"#1"},"south":{"uv":[9,0,10,2],"texture":"#1"},"west":{"uv":[6,2,8,4],"texture":"#1"},"up":{"uv":[2,11,1,9],"texture":"#1"},"down":{"uv":[3,9,2,11],"texture":"#1"}}},{"from":[7.6,2.80329,7.6],"to":[8.4,3.80329,8.4],"rotation":{"angle":0,"axis":"x","origin":[8,3.30329,8]},"faces":{"north":{"uv":[11,2,12,3],"texture":"#1"},"east":{"uv":[11,3,12,4],"texture":"#1"},"south":{"uv":[11,4,12,5],"texture":"#1"},"west":{"uv":[5,11,6,12],"texture":"#1"},"up":{"uv":[12,6,11,5],"texture":"#1"},"down":{"uv":[12,6,11,7],"texture":"#1"}}},{"from":[7.6,4.80329,7.6],"to":[8.4,5.60329,8.4],"rotation":{"angle":0,"axis":"x","origin":[8,5.30329,8]},"faces":{"north":{"uv":[11,7,12,8],"texture":"#1"},"east":{"uv":[8,11,9,12],"texture":"#1"},"south":{"uv":[11,8,12,9],"texture":"#1"},"west":{"uv":[9,11,10,12],"texture":"#1"},"up":{"uv":[12,10,11,9],"texture":"#1"},"down":{"uv":[11,11,10,12],"texture":"#1"}}},{"from":[7.7,3.80329,7.7],"to":[8.3,4.80329,8.3],"rotation":{"angle":0,"axis":"x","origin":[8,4.30329,8]},"faces":{"north":{"uv":[9,12,9.5,13],"texture":"#1"},"east":{"uv":[12,9,12.5,10],"texture":"#1"},"south":{"uv":[10,12,10.5,13],"texture":"#1"},"west":{"uv":[12,10,12.5,11],"texture":"#1"},"up":{"uv":[13.5,0.5,13,0],"texture":"#1"},"down":{"uv":[1.5,13,1,13.5],"texture":"#1"}}},{"from":[7.7,6.1718,8.95287],"to":[8.3,6.7718,9.95287],"rotation":{"angle":22.5,"axis":"x","origin":[8,6.6718,9.65287]},"faces":{"north":{"uv":[13,1,13.5,1.5],"texture":"#1"},"east":{"uv":[11,12,12,12.5],"texture":"#1"},"south":{"uv":[2,13,2.5,13.5],"texture":"#1"},"west":{"uv":[12,11,13,11.5],"texture":"#1"},"up":{"uv":[12.5,13,12,12],"texture":"#1"},"down":{"uv":[0.5,13,0,14],"texture":"#1"}}},{"from":[7.5,5.88088,9.51543],"to":[8.5,6.88088,11.51543],"rotation":{"angle":-22.5,"axis":"x","origin":[8,6.18088,10.31543]},"faces":{"north":{"uv":[11,10,12,11],"texture":"#1"},"east":{"uv":[9,2,11,3],"texture":"#1"},"south":{"uv":[11,11,12,12],"texture":"#1"},"west":{"uv":[3,9,5,10],"texture":"#1"},"up":{"uv":[10,5,9,3],"texture":"#1"},"down":{"uv":[6,9,5,11],"texture":"#1"}}},{"from":[7.5,7.2,7.5],"to":[8.5,11.2,8.5],"rotation":{"angle":0,"axis":"y","origin":[8,6.2,8]},"faces":{"north":{"uv":[6,4,7,8],"texture":"#1"},"east":{"uv":[7,4,8,8],"texture":"#1"},"south":{"uv":[8,0,9,4],"texture":"#1"},"west":{"uv":[8,4,9,8],"texture":"#1"},"up":{"uv":[1,13,0,12],"texture":"#1"},"down":{"uv":[13,0,12,1],"texture":"#1"}}},{"from":[7.6,11.2,7.6],"to":[8.4,12.2,8.4],"rotation":{"angle":0,"axis":"y","origin":[8,10.2,8]},"faces":{"north":{"uv":[1,12,2,13],"texture":"#1"},"east":{"uv":[12,1,13,2],"texture":"#1"},"south":{"uv":[2,12,3,13],"texture":"#1"},"west":{"uv":[12,2,13,3],"texture":"#1"},"up":{"uv":[4,13,3,12],"texture":"#1"},"down":{"uv":[13,3,12,4],"texture":"#1"}}},{"from":[7.5,12.05,7.075],"to":[8.5,14.05,8.075],"rotation":{"angle":-22.5,"axis":"x","origin":[8,13.05,8]},"faces":{"north":{"uv":[9,5,10,7],"texture":"#1"},"east":{"uv":[10,0,11,2],"texture":"#1"},"south":{"uv":[3,10,4,12],"texture":"#1"},"west":{"uv":[10,3,11,5],"texture":"#1"},"up":{"uv":[5,13,4,12],"texture":"#1"},"down":{"uv":[13,4,12,5],"texture":"#1"}}},{"from":[7.6,13.975,7.675],"to":[8.4,15.975,8.475],"rotation":{"angle":-45,"axis":"x","origin":[8,12.975,8.075]},"faces":{"north":{"uv":[4,10,5,12],"texture":"#1"},"east":{"uv":[10,5,11,7],"texture":"#1"},"south":{"uv":[6,10,7,12],"texture":"#1"},"west":{"uv":[7,10,8,12],"texture":"#1"},"up":{"uv":[6,13,5,12],"texture":"#1"},"down":{"uv":[13,5,12,6],"texture":"#1"}}},{"from":[7.26,9.275,6.21],"to":[8.74,9.275,7.69],"rotation":{"angle":0,"axis":"y","origin":[7.26,9,6.26]},"faces":{"north":{"uv":[0,0,1.5,0],"texture":"#1"},"east":{"uv":[0,0,1.5,0],"texture":"#1"},"south":{"uv":[0,0,1.5,0],"texture":"#1"},"west":{"uv":[0,0,1.5,0],"texture":"#1"},"up":{"uv":[7.5,9.5,6,8],"texture":"#1"},"down":{"uv":[7.5,8,6,9.5],"texture":"#1"}}},{"from":[7.26,10.675,6.21],"to":[8.74,10.675,7.69],"rotation":{"angle":0,"axis":"y","origin":[7.26,9,6.26]},"faces":{"north":{"uv":[0,0,1.5,0],"texture":"#1"},"east":{"uv":[0,0,1.5,0],"texture":"#1"},"south":{"uv":[0,0,1.5,0],"texture":"#1"},"west":{"uv":[0,0,1.5,0],"texture":"#1"},"up":{"uv":[7.5,9.5,6,8],"texture":"#1"},"down":{"uv":[7.5,8,6,9.5],"texture":"#1"}}},{"from":[7.26,12.7,5.91],"to":[8.74,12.7,7.39],"rotation":{"angle":-22.5,"axis":"x","origin":[8,12.575,6.65]},"faces":{"north":{"uv":[0,0,1.5,0],"texture":"#1"},"east":{"uv":[0,0,1.5,0],"texture":"#1"},"south":{"uv":[0,0,1.5,0],"texture":"#1"},"west":{"uv":[0,0,1.5,0],"texture":"#1"},"up":{"uv":[7.5,9.5,6,8],"texture":"#1"},"down":{"uv":[7.5,8,6,9.5],"texture":"#1"}}},{"from":[7.26,13.82065,5.00902],"to":[8.74,13.82065,6.48902],"rotation":{"angle":-45,"axis":"x","origin":[8,13.94565,5.97402]},"faces":{"north":{"uv":[0,0,1.5,0],"texture":"#1"},"east":{"uv":[0,0,1.5,0],"texture":"#1"},"south":{"uv":[0,0,1.5,0],"texture":"#1"},"west":{"uv":[0,0,1.5,0],"texture":"#1"},"up":{"uv":[7.5,9.5,6,8],"texture":"#1"},"down":{"uv":[7.5,8,6,9.5],"texture":"#1"}}},{"from":[8,7,2.2],"to":[8,16,8.2],"rotation":{"angle":0,"axis":"y","origin":[8,7,5.2]},"faces":{"north":{"uv":[0,0,0,9],"texture":"#1"},"east":{"uv":[6,0,0,9],"texture":"#1"},"south":{"uv":[0,0,0,9],"texture":"#1"},"west":{"uv":[0,0,6,9],"texture":"#1"},"up":{"uv":[0,6,0,0],"texture":"#1"},"down":{"uv":[0,0,0,6],"texture":"#1"}}}],"gui_light":"front","display":{"thirdperson_righthand":{"rotation":[16.5,0,0],"translation":[0,2.75,2.5],"scale":[1.5,1.5,1.5]},"thirdperson_lefthand":{"rotation":[16.5,0,0],"translation":[0,4.5,2.5],"scale":[1.28711,1.28711,1.28711]},"firstperson_righthand":{"rotation":[-61.17,8.64,-1.7],"translation":[-2,6,4.5],"scale":[0.77344,0.77344,0.77344]},"firstperson_lefthand":{"rotation":[-61.17,8.64,-1.7],"translation":[-2,6,4.5],"scale":[0.77344,0.77344,0.77344]},"ground":{"rotation":[-26.5,-25.3,55.42],"translation":[0,1.75,0],"scale":[1.24844,1.24844,1.24844]},"gui":{"rotation":[90,-135,90],"translation":[-1.25,-0.75,0],"scale":[1.23438,1.23438,1.23438]},"head":{"scale":[0,0,0]},"fixed":{"rotation":[90,-90,90],"translation":[0,-0.5,-2.25],"scale":[3,3,3]}}}