{"textures​":{"layer0":"minecraft:item/air"},"credit":"Made by PolygonMC","\u0074\u0065\u0078\u0074\u0075\u0072\u0065\u0073":{"2":"\u006c\u0075\u006e\u0061\u0072\u0064\u0072\u0061\u0067\u006f\u006e\u0073\u0065\u0074:\u0061\u006e\u0069\u006d\u0061\u0074\u0069\u006f\u006e\u0073/\u0061\u006e\u0069\u006d\u0061\u0074\u0069\u006f\u006e\u0073_1","3":"\u006c\u0075\u006e\u0061\u0072\u0064\u0072\u0061\u0067\u006f\u006e\u0073\u0065\u0074:\u0066\u0069\u0073\u0068\u0069\u006e\u0067_\u0072\u006f\u0064","4":"\u006c\u0075\u006e\u0061\u0072\u0064\u0072\u0061\u0067\u006f\u006e\u0073\u0065\u0074:\u0061\u006e\u0069\u006d\u0061\u0074\u0069\u006f\u006e\u0073/\u0061\u006e\u0069\u006d\u0061\u0074\u0069\u006f\u006e\u0073_2","\u0070\u0061\u0072\u0074\u0069\u0063\u006c\u0065":"\u006c\u0075\u006e\u0061\u0072\u0064\u0072\u0061\u0067\u006f\u006e\u0073\u0065\u0074:\u0061\u006e\u0069\u006d\u0061\u0074\u0069\u006f\u006e\u0073/\u0061\u006e\u0069\u006d\u0061\u0074\u0069\u006f\u006e\u0073_2"},"elements":[{"from":[7.5,0.25,7.5],"to":[8.5,2,8.5],"rotation":{"angle":45,"axis":"y","origin":[8,2.75,8]},"faces":{"north":{"uv":[2.66667,8,3.33333,9.33333],"texture":"#3"},"east":{"uv":[8,6.66667,8.66667,8],"texture":"#3"},"south":{"uv":[7.33333,8,8,9.33333],"texture":"#3"},"west":{"uv":[8,8,8.66667,9.33333],"texture":"#3"},"up":{"uv":[10,6.66667,9.33333,6],"texture":"#3"},"down":{"uv":[10.66667,0,10,0.66667],"texture":"#3"}}},{"from":[7.6,2,7.6],"to":[8.4,3.5,8.4],"rotation":{"angle":45,"axis":"y","origin":[8,2.75,8]},"faces":{"north":{"uv":[6.66667,8.66667,7.33333,9.66667],"texture":"#3"},"east":{"uv":[8.66667,8.66667,9.33333,9.66667],"texture":"#3"},"south":{"uv":[9.33333,0,10,1],"texture":"#3"},"west":{"uv":[9.33333,1.33333,10,2.33333],"texture":"#3"}}},{"from":[7.4,1.1,7.4],"to":[8.6,1.6,8.6],"rotation":{"angle":45,"axis":"y","origin":[8,2.85,8]},"faces":{"north":{"uv":[5.33333,10.66667,6,11],"texture":"#3"},"east":{"uv":[10.66667,5.33333,11.33333,5.66667],"texture":"#3"},"south":{"uv":[6,10.66667,6.66667,11],"texture":"#3"},"west":{"uv":[10.66667,6,11.33333,6.33333],"texture":"#3"},"up":{"uv":[1.33333,10.66667,0.66667,10],"texture":"#3"},"down":{"uv":[10.66667,0.66667,10,1.33333],"texture":"#3"}}},{"from":[7.5,3.5,7.5],"to":[8.5,5.5,8.5],"rotation":{"angle":45,"axis":"y","origin":[8,2.75,8]},"faces":{"north":{"uv":[8.66667,0,9.33333,1.33333],"texture":"#3"},"east":{"uv":[8.66667,1.33333,9.33333,2.66667],"texture":"#3"},"south":{"uv":[8.66667,2.66667,9.33333,4],"texture":"#3"},"west":{"uv":[3.33333,8.66667,4,10],"texture":"#3"},"up":{"uv":[2,10.66667,1.33333,10],"texture":"#3"},"down":{"uv":[10.66667,1.33333,10,2],"texture":"#3"}}},{"from":[7.4,4,7.4],"to":[8.6,4.5,8.6],"rotation":{"angle":45,"axis":"y","origin":[8,2.75,8]},"faces":{"north":{"uv":[6.66667,10.66667,7.33333,11],"texture":"#3"},"east":{"uv":[10.66667,6.66667,11.33333,7],"texture":"#3"},"south":{"uv":[7.33333,10.66667,8,11],"texture":"#3"},"west":{"uv":[10.66667,7.33333,11.33333,7.66667],"texture":"#3"},"up":{"uv":[2.66667,10.66667,2,10],"texture":"#3"},"down":{"uv":[10.66667,2,10,2.66667],"texture":"#3"}}},{"from":[7.265,-0.62021,8],"to":[8.735,0.54979,9.17],"rotation":{"angle":-45,"axis":"x","origin":[7.415,-0.62021,8]},"faces":{"north":{"uv":[9.33333,2.66667,10.33333,3.33333],"texture":"#3"},"east":{"uv":[3.33333,10,4,10.66667],"texture":"#3"},"south":{"uv":[9.33333,3.33333,10.33333,4],"texture":"#3"},"west":{"uv":[4,10,4.66667,10.66667],"texture":"#3"},"up":{"uv":[5,10,4,9.33333],"texture":"#3"},"down":{"uv":[10.33333,4,9.33333,4.66667],"texture":"#3"}}},{"from":[7,7.45,7],"to":[9,9.45,9],"rotation":{"angle":45,"axis":"x","origin":[8,8.45,8]},"faces":{"north":{"uv":[4,0,5.33333,1.33333],"texture":"#3"},"east":{"uv":[4,1.33333,5.33333,2.66667],"texture":"#3"},"south":{"uv":[2,4,3.33333,5.33333],"texture":"#3"},"west":{"uv":[4,2.66667,5.33333,4],"texture":"#3"},"up":{"uv":[4.66667,5.33333,3.33333,4],"texture":"#3"},"down":{"uv":[6,4,4.66667,5.33333],"texture":"#3"}}},{"from":[6.75,7.7,7.25],"to":[9.25,9.2,8.75],"rotation":{"angle":45,"axis":"x","origin":[8,8.45,8]},"faces":{"north":{"uv":[6.66667,0,8.33333,1],"texture":"#3"},"east":{"uv":[8,4,9,5],"texture":"#3"},"south":{"uv":[1.33333,6.66667,3,7.66667],"texture":"#3"},"west":{"uv":[8,5.33333,9,6.33333],"texture":"#3"},"up":{"uv":[8.33333,2.33333,6.66667,1.33333],"texture":"#3"},"down":{"uv":[8.33333,2.66667,6.66667,3.66667],"texture":"#3"}}},{"from":[7.08934,9,8.15],"to":[8.28934,11.5,9.35],"rotation":{"angle":45,"axis":"y","origin":[6.93934,5,8]},"faces":{"north":{"uv":[6,6.66667,6.66667,8.33333],"texture":"#3"},"east":{"uv":[6.66667,6.66667,7.33333,8.33333],"texture":"#3"},"south":{"uv":[7.33333,4,8,5.66667],"texture":"#3"},"west":{"uv":[7.33333,6,8,7.66667],"texture":"#3"},"up":{"uv":[11.33333,2,10.66667,1.33333],"texture":"#3"},"down":{"uv":[2.66667,10.66667,2,11.33333],"texture":"#3"}}},{"from":[7.08934,13,8.15],"to":[8.28934,15.5,9.35],"rotation":{"angle":45,"axis":"y","origin":[6.93934,13,8]},"faces":{"north":{"uv":[3.33333,6.66667,4,8.33333],"texture":"#3"},"east":{"uv":[4,6.66667,4.66667,8.33333],"texture":"#3"},"south":{"uv":[4.66667,6.66667,5.33333,8.33333],"texture":"#3"},"west":{"uv":[5.33333,6.66667,6,8.33333],"texture":"#3"},"up":{"uv":[5.33333,10.66667,4.66667,10],"texture":"#3"},"down":{"uv":[10.66667,4.66667,10,5.33333],"texture":"#3"}}},{"from":[7.08934,5.5,8.15],"to":[8.28934,8,9.35],"rotation":{"angle":45,"axis":"y","origin":[6.93934,5.5,8]},"faces":{"north":{"uv":[0,8,0.66667,9.66667],"texture":"#3"},"east":{"uv":[0.66667,8,1.33333,9.66667],"texture":"#3"},"south":{"uv":[1.33333,8,2,9.66667],"texture":"#3"},"west":{"uv":[2,8,2.66667,9.66667],"texture":"#3"},"up":{"uv":[11.33333,2.66667,10.66667,2],"texture":"#3"},"down":{"uv":[3.33333,10.66667,2.66667,11.33333],"texture":"#3"}}},{"from":[7.5,11.5,7.5],"to":[8.5,13,8.5],"rotation":{"angle":45,"axis":"y","origin":[8,8.75,8]},"faces":{"north":{"uv":[2.66667,9.33333,3.33333,10.33333],"texture":"#3"},"east":{"uv":[9.33333,4.66667,10,5.66667],"texture":"#3"},"south":{"uv":[5.33333,9.33333,6,10.33333],"texture":"#3"},"west":{"uv":[6,9.33333,6.66667,10.33333],"texture":"#3"}}},{"from":[7.5,15.5,7.5],"to":[8.5,17,8.5],"rotation":{"angle":45,"axis":"y","origin":[8,12.75,8]},"faces":{"north":{"uv":[7.33333,9.33333,8,10.33333],"texture":"#3"},"east":{"uv":[8,9.33333,8.66667,10.33333],"texture":"#3"},"south":{"uv":[9.33333,8.66667,10,9.66667],"texture":"#3"},"west":{"uv":[0,10,0.66667,11],"texture":"#3"},"up":{"uv":[11.33333,3.33333,10.66667,2.66667],"texture":"#3"}}},{"from":[7.985,-2.75,8.75],"to":[8.015,-0.5,11],"rotation":{"angle":-45,"axis":"x","origin":[7.985,-3.5,8]},"faces":{"east":{"uv":[2,0,3.66667,1.66667],"texture":"#3"},"west":{"uv":[2,2,3.66667,3.66667],"texture":"#3"}}},{"from":[7.99625,7.74289,10.91421],"to":[8.99625,8.74289,11.91421],"rotation":{"angle":45,"axis":"z","origin":[7.99625,7.74289,11.91421]},"faces":{"north":{"uv":[7.33333,10,6.66667,10.66667],"texture":"#3"},"east":{"uv":[10.66667,6,10,6.66667],"texture":"#3"},"south":{"uv":[10.66667,5.33333,10,6],"texture":"#3"},"west":{"uv":[10.66667,6.66667,10,7.33333],"texture":"#3"},"up":{"uv":[10.66667,7.33333,10,8],"texture":"#3"},"down":{"uv":[9.33333,10.66667,8.66667,10],"texture":"#3"}}},{"from":[8.17125,7.91789,8.91421],"to":[8.82125,8.56789,10.91421],"rotation":{"angle":45,"axis":"z","origin":[7.99625,7.74289,9.91421]},"faces":{"east":{"uv":[11.33333,8.66667,10,9],"texture":"#3"},"west":{"uv":[10.66667,10,9.33333,10.33333],"texture":"#3"},"up":{"uv":[11,0,10.66667,1.33333],"texture":"#3"},"down":{"uv":[1,12,0.66667,10.66667],"texture":"#3"}}},{"from":[6.99625,5.325,10.4],"to":[8.99625,6.325,12.4],"rotation":{"angle":-45,"axis":"y","origin":[7.99625,5.825,11.4]},"faces":{"north":{"uv":[10,6.66667,8.66667,7.33333],"texture":"#3"},"east":{"uv":[6.66667,8.66667,5.33333,9.33333],"texture":"#3"},"south":{"uv":[5.33333,8.66667,4,9.33333],"texture":"#3"},"west":{"uv":[10,7.33333,8.66667,8],"texture":"#3"},"up":{"uv":[6.66667,0,5.33333,1.33333],"texture":"#3"},"down":{"uv":[6.66667,2.66667,5.33333,1.33333],"texture":"#3"}}},{"from":[7.49625,6.325,10.9],"to":[8.49625,6.825,11.9],"rotation":{"angle":-45,"axis":"y","origin":[7.99625,5.825,11.4]},"faces":{"north":{"uv":[10,10.66667,9.33333,11],"texture":"#3"},"east":{"uv":[9.33333,10.66667,8.66667,11],"texture":"#3"},"south":{"uv":[8.66667,10.66667,8,11],"texture":"#3"},"west":{"uv":[11.33333,9.33333,10.66667,9.66667],"texture":"#3"},"up":{"uv":[10.66667,9.33333,10,10],"texture":"#3"}}},{"from":[7.49625,4.825,10.9],"to":[8.49625,5.325,11.9],"rotation":{"angle":-45,"axis":"y","origin":[7.99625,5.075,11.4]},"faces":{"north":{"uv":[11.33333,10.66667,10.66667,11],"texture":"#3"},"east":{"uv":[11.33333,10,10.66667,10.33333],"texture":"#3"},"south":{"uv":[10.66667,10.66667,10,11],"texture":"#3"},"west":{"uv":[0.66667,11.33333,0,11.66667],"texture":"#3"},"down":{"uv":[2,11.33333,1.33333,10.66667],"texture":"#3"}}},{"from":[7.99375,3.01789,10.6625],"to":[8.01375,7.76789,12.1625],"rotation":{"angle":0,"axis":"y","origin":[8.00875,5.39289,3.0875]},"faces":{"east":{"uv":[3,0,0,10],"texture":"#2"},"west":{"uv":[0,0,3,10],"texture":"#2"}}},{"from":[7,16.25,7.5],"to":[9,18.25,9.5],"rotation":{"angle":-45,"axis":"x","origin":[7.5,16.75,8]},"faces":{"north":{"uv":[2,5.33333,3.33333,6.66667],"texture":"#3"},"east":{"uv":[5.33333,2.66667,6.66667,4],"texture":"#3"},"south":{"uv":[3.33333,5.33333,4.66667,6.66667],"texture":"#3"},"west":{"uv":[4.66667,5.33333,6,6.66667],"texture":"#3"},"up":{"uv":[7.33333,5.33333,6,4],"texture":"#3"},"down":{"uv":[7.33333,5.33333,6,6.66667],"texture":"#3"}}},{"from":[7.985,7.8,5.08579],"to":[8.015,17.3,7.58579],"rotation":{"angle":0,"axis":"y","origin":[6.985,6.3,2.58579]},"faces":{"east":{"uv":[1.66667,0,0,6.33333],"texture":"#3"},"west":{"uv":[0,0,1.66667,6.33333],"texture":"#3"}}},{"from":[6.5,4.4,4],"to":[6.5,12.4,12],"faces":{"west":{"uv":[0,0,16,16],"texture":"#4"}}},{"from":[9.5,4.4,4],"to":[9.5,12.4,12],"rotation":{"angle":0,"axis":"y","origin":[16,0,0]},"faces":{"east":{"uv":[16,0,0,16],"texture":"#4"}}}],"gui_light":"front","display":{"thirdperson_righthand":{"rotation":[18.75,0,0],"translation":[0,1.75,1.5]},"thirdperson_lefthand":{"rotation":[18.75,0,0],"translation":[0,1.75,1.5]},"firstperson_righthand":{"rotation":[-61.7,8.58,-28.09],"translation":[-3.5,5,4.5]},"firstperson_lefthand":{"rotation":[-61.7,8.58,-28.09],"translation":[-3.5,5,4.5]},"ground":{"rotation":[-45,0,0],"translation":[0,5,0],"scale":[0.7,0.7,0.7]},"gui":{"rotation":[-90,45,90],"translation":[0.25,-0.25,0],"scale":[0.9,0.9,0.9]},"head":{"rotation":[0,-90,0]},"fixed":{"rotation":[0,-90,0],"translation":[0,0,-1.75],"scale":[2,2,2]}}}