{"textures​":{"layer0":"minecraft:item/golden_helmet"},"credit":"Made by PolygonMC","texture_size":[24,24],"\u0074\u0065\u0078\u0074\u0075\u0072\u0065\u0073":{"0":"\u006c\u0075\u006e\u0061\u0072\u0064\u0072\u0061\u0067\u006f\u006e\u0073\u0065\u0074:\u0077\u0069\u006e\u0067\u0073","1":"\u006c\u0075\u006e\u0061\u0072\u0064\u0072\u0061\u0067\u006f\u006e\u0073\u0065\u0074:\u0061\u006e\u0069\u006d\u0061\u0074\u0069\u006f\u006e\u0073/\u0061\u006e\u0069\u006d\u0061\u0074\u0069\u006f\u006e\u0073_3","\u0070\u0061\u0072\u0074\u0069\u0063\u006c\u0065":"\u006c\u0075\u006e\u0061\u0072\u0064\u0072\u0061\u0067\u006f\u006e\u0073\u0065\u0074:\u0077\u0069\u006e\u0067\u0073"},"elements":[{"from":[7.21184,0.5,7.05732],"to":[24.21184,15.5,7.08732],"rotation":{"angle":-22.5,"axis":"y","origin":[8,8,10.26667]},"faces":{"north":{"uv":[0,0,11.33333,10],"texture":"#0","tintindex":0},"south":{"uv":[11.33333,0,0,10],"texture":"#0","tintindex":0}}},{"from":[-8.21184,0.5,7.05732],"to":[8.78816,15.5,7.08732],"rotation":{"angle":22.5,"axis":"y","origin":[8,8,10.26667]},"faces":{"north":{"uv":[11.33333,0,0,10],"texture":"#0","tintindex":0},"south":{"uv":[0,0,11.33333,10],"texture":"#0","tintindex":0}}},{"from":[8.69969,5.5,9.77341],"to":[24.69969,11.5,9.77341],"rotation":{"angle":-22.5,"axis":"y","origin":[15.69969,-1.5,10.52341]},"faces":{"north":{"uv":[0,16,6,0],"rotation":270,"texture":"#1","tintindex":0},"east":{"uv":[0,6,0,0],"rotation":180,"texture":"#1","tintindex":0},"west":{"uv":[0,0,0,6],"texture":"#1","tintindex":0},"up":{"uv":[0,0,0,16],"rotation":90,"texture":"#1","tintindex":0},"down":{"uv":[0,0,0,16],"rotation":90,"texture":"#1","tintindex":0}}},{"from":[8.69969,5.5,10.52341],"to":[24.69969,11.5,10.52341],"rotation":{"angle":-22.5,"axis":"y","origin":[15.69969,-1.5,10.52341]},"faces":{"south":{"uv":[0,0,6,16],"rotation":270,"texture":"#1","tintindex":0}}},{"from":[-8.69969,5.5,10.52341],"to":[7.30031,11.5,10.52341],"rotation":{"angle":22.5,"axis":"y","origin":[0.30031,-1.5,10.52341]},"faces":{"south":{"uv":[0,16,6,0],"rotation":270,"texture":"#1","tintindex":0}}},{"from":[-8.69969,5.5,9.77341],"to":[7.30031,11.5,9.77341],"rotation":{"angle":22.5,"axis":"y","origin":[0.30031,-1.5,10.52341]},"faces":{"north":{"uv":[0,0,6,16],"rotation":270,"texture":"#1","tintindex":0},"east":{"uv":[0,0,0,6],"texture":"#1","tintindex":0},"west":{"uv":[0,6,0,0],"rotation":180,"texture":"#1","tintindex":0},"up":{"uv":[0,16,0,0],"rotation":90,"texture":"#1","tintindex":0},"down":{"uv":[0,16,0,0],"rotation":90,"texture":"#1","tintindex":0}}}],"gui_light":"front","display":{"thirdperson_righthand":{"rotation":[-131.75,0,-180],"translation":[0,0.5,-0.25],"scale":[0.5,0.5,0.5]},"thirdperson_lefthand":{"rotation":[65.5,0,0],"translation":[-5.5,-6.5,10],"scale":[1.5,1.5,1.5]},"firstperson_righthand":{"rotation":[160,0,180],"translation":[0,1.5,1.25],"scale":[0.70313,0.70313,0.70313]},"firstperson_lefthand":{"rotation":[160,0,180],"translation":[0,1.5,1.25],"scale":[0,0,0]},"ground":{"rotation":[-45,0,0],"translation":[0,5,0],"scale":[0.7,0.7,0.7]},"gui":{"rotation":[0,180,0],"scale":[0.6,0.6,0.6]},"head":{"translation":[0,-45.75,5.5],"scale":[2.51563,2.51563,2.51563]},"fixed":{"rotation":[0,180,0],"translation":[0,0,-1.75],"scale":[2,2,2]}}}