{"textures​":{"0":"\u0064\u0065\u0076\u0069\u006c_\u0061\u006e\u0069\u006d\u0061\u0074\u0065\u0064_\u0077\u0065\u0061\u0070\u006f\u006e_\u0073\u0065\u0074:\u0064\u0072\u0061\u0067\u0067\u0065\u0072\u0074\u0065\u0078","1":"\u0064\u0065\u0076\u0069\u006c_\u0061\u006e\u0069\u006d\u0061\u0074\u0065\u0064_\u0077\u0065\u0061\u0070\u006f\u006e_\u0073\u0065\u0074:\u0062\u006c\u006f\u006f\u0064\u0072\u0061\u0069\u006e2","2":"\u0064\u0065\u0076\u0069\u006c_\u0061\u006e\u0069\u006d\u0061\u0074\u0065\u0064_\u0077\u0065\u0061\u0070\u006f\u006e_\u0073\u0065\u0074:\u0062\u006c\u006f\u006f\u0064\u0072\u0061\u0069\u006e1","\u0070\u0061\u0072\u0074\u0069\u0063\u006c\u0065":"\u0064\u0065\u0076\u0069\u006c_\u0061\u006e\u0069\u006d\u0061\u0074\u0065\u0064_\u0077\u0065\u0061\u0070\u006f\u006e_\u0073\u0065\u0074:\u0064\u0072\u0061\u0067\u0067\u0065\u0072\u0074\u0065\u0078"},"credit":"MadewithBlockbench","texture_size":[32,32],"\u0074\u0065\u0078\u0074\u0075\u0072\u0065\u0073":{"0":"\u0064\u0065\u0076\u0069\u006c_\u0061\u006e\u0069\u006d\u0061\u0074\u0065\u0064_\u0077\u0065\u0061\u0070\u006f\u006e_\u0073\u0065\u0074:\u0064\u0072\u0061\u0067\u0067\u0065\u0072\u0074\u0065\u0078","1":"\u0064\u0065\u0076\u0069\u006c_\u0061\u006e\u0069\u006d\u0061\u0074\u0065\u0064_\u0077\u0065\u0061\u0070\u006f\u006e_\u0073\u0065\u0074:\u0062\u006c\u006f\u006f\u0064\u0072\u0061\u0069\u006e2","2":"\u0064\u0065\u0076\u0069\u006c_\u0061\u006e\u0069\u006d\u0061\u0074\u0065\u0064_\u0077\u0065\u0061\u0070\u006f\u006e_\u0073\u0065\u0074:\u0062\u006c\u006f\u006f\u0064\u0072\u0061\u0069\u006e1","\u0070\u0061\u0072\u0074\u0069\u0063\u006c\u0065":"\u0064\u0065\u0076\u0069\u006c_\u0061\u006e\u0069\u006d\u0061\u0074\u0065\u0064_\u0077\u0065\u0061\u0070\u006f\u006e_\u0073\u0065\u0074:\u0064\u0072\u0061\u0067\u0067\u0065\u0072\u0074\u0065\u0078"},"elements":[{"from":[7.5,-7,7.5],"to":[8.5,1,8.5],"rotation":{"angle":0,"axis":"y","origin":[8,-2.5,8]},"faces":{"north":{"uv":[1,6.25,1.5,10.25],"texture":"#0"},"east":{"uv":[1,10.25,1.5,14.25],"texture":"#0"},"south":{"uv":[1,6.25,1.5,10.25],"texture":"#0"},"west":{"uv":[1,10.25,1.5,14.25],"texture":"#0"},"up":{"uv":[2,12.875,1.5,12.375],"texture":"#0"},"down":{"uv":[2,12.875,1.5,12.375],"texture":"#0"}}},{"from":[7.4,-9.5,7.4],"to":[8.6,-7,8.6],"rotation":{"angle":0,"axis":"y","origin":[8,-2.5,8]},"faces":{"north":{"uv":[7.25,2,7.75,3.25],"texture":"#0"},"east":{"uv":[7.75,2,8.25,3.25],"texture":"#0"},"south":{"uv":[7.25,2,7.75,3.25],"texture":"#0"},"west":{"uv":[7.75,2,8.25,3.25],"texture":"#0"},"up":{"uv":[7.75,3.75,7.25,3.25],"texture":"#0"},"down":{"uv":[7.75,3.75,7.25,3.25],"texture":"#0"}}},{"from":[1.3,1.8,7.4],"to":[3.3,3.8,8.6],"rotation":{"angle":22.5,"axis":"z","origin":[-4.7,2.8,0]},"faces":{"north":{"uv":[1.75,14.25,2.75,15.25],"texture":"#0"},"east":{"uv":[0.75,14.25,1.25,15.25],"texture":"#0"},"south":{"uv":[2.75,14.25,1.75,15.25],"texture":"#0"},"west":{"uv":[1.25,14.25,1.75,15.25],"texture":"#0"},"up":{"uv":[2,15.25,1,15.75],"texture":"#0"},"down":{"uv":[1,15.25,0,15.75],"texture":"#0"}}},{"from":[2.3,4.8,7.3],"to":[4.3,7.3,8.7],"rotation":{"angle":0,"axis":"y","origin":[-4.7,2.8,0]},"faces":{"north":{"uv":[0,11.25,1,12.5],"texture":"#0"},"east":{"uv":[1.5,12.85,2.25,14.1],"texture":"#0"},"south":{"uv":[1,11.25,0,12.5],"texture":"#0"},"west":{"uv":[0,14,0.75,15.25],"texture":"#0"},"up":{"uv":[1,13.25,0,12.5],"texture":"#0"},"down":{"uv":[1,13.25,0,14],"texture":"#0"}}},{"from":[1.9,8.1,7],"to":[3.9,10.6,9],"rotation":{"angle":-22.5,"axis":"z","origin":[-4.7,2.8,0]},"faces":{"north":{"uv":[1.5,8.625,2.5,9.875],"texture":"#0"},"east":{"uv":[1.5,11.125,2.5,12.375],"texture":"#0"},"south":{"uv":[2.5,8.625,1.5,9.875],"texture":"#0"},"west":{"uv":[1.5,9.875,2.5,11.125],"texture":"#0"},"up":{"uv":[1,11.25,0,10.25],"texture":"#0"},"down":{"uv":[1,10.25,0,9.25],"texture":"#0"}}},{"from":[0.2,10.9,6.9],"to":[2.2,13.9,9.1],"rotation":{"angle":-45,"axis":"z","origin":[-4.7,2.8,0]},"faces":{"north":{"uv":[0,6.25,1,7.75],"texture":"#0"},"east":{"uv":[0,7.75,1,9.25],"texture":"#0"},"south":{"uv":[1,6.25,0,7.75],"texture":"#0"},"west":{"uv":[1.5,7.125,2.5,8.625],"texture":"#0"},"up":{"uv":[2.5,5.125,1.5,6.125],"texture":"#0"},"down":{"uv":[2.5,6.125,1.5,7.125],"texture":"#0"}}},{"from":[5.4,-1.3,6.8],"to":[8.4,0.7,9.2],"rotation":{"angle":22.5,"axis":"z","origin":[-4.7,2.8,0]},"faces":{"north":{"uv":[0,5.125,1.5,6.125],"texture":"#0"},"east":{"uv":[1.5,4,2.75,5],"texture":"#0"},"south":{"uv":[1.5,5.125,0,6.125],"texture":"#0"},"west":{"uv":[1.5,3,2.75,4],"texture":"#0"},"up":{"uv":[1.5,5.125,0,3.875],"texture":"#0"},"down":{"uv":[1.5,5.125,0,3.875],"texture":"#0"}}},{"from":[6.2,2.5,6.7],"to":[9.2,4,9.3],"rotation":{"angle":0,"axis":"y","origin":[-4.7,2.8,0]},"faces":{"north":{"uv":[0,3,1.5,3.75],"texture":"#0"},"east":{"uv":[3,2.5,4.25,3.25],"texture":"#0"},"south":{"uv":[1.5,3,0,3.75],"texture":"#0"},"west":{"uv":[3,1.75,4.25,2.5],"texture":"#0"},"up":{"uv":[3,3,1.5,1.75],"texture":"#0"},"down":{"uv":[1.5,1.75,0,3],"texture":"#0"}}},{"from":[6,2,6.6],"to":[9.5,2.5,9.4],"rotation":{"angle":0,"axis":"y","origin":[-4.7,2.8,0]},"faces":{"north":{"uv":[6.25,5.25,8,5.5],"texture":"#0"},"east":{"uv":[6.25,5,7.75,5.25],"texture":"#0"},"south":{"uv":[8,5.25,6.25,5.5],"texture":"#0"},"west":{"uv":[6.25,4.75,7.75,5],"texture":"#0"},"up":{"uv":[8,5.5,6.25,7],"texture":"#0"},"down":{"uv":[8,5.5,6.25,7],"texture":"#0"}}},{"from":[3.3,-3.2,6.6],"to":[6.8,-2.7,9.4],"rotation":{"angle":45,"axis":"z","origin":[-4.7,2.8,0]},"faces":{"north":{"uv":[6.25,5.25,8,5.5],"texture":"#0"},"east":{"uv":[6.25,5,7.75,5.25],"texture":"#0"},"south":{"uv":[8,5.25,6.25,5.5],"texture":"#0"},"west":{"uv":[6.25,4.75,7.75,5],"texture":"#0"},"up":{"uv":[8,5.5,6.25,7],"texture":"#0"},"down":{"uv":[8,5.5,6.25,7],"texture":"#0"}}},{"from":[5.1,-1,6.6],"to":[8.6,-0.5,9.4],"rotation":{"angle":22.5,"axis":"z","origin":[-4.7,2.8,0]},"faces":{"north":{"uv":[6.25,5.25,8,5.5],"texture":"#0"},"east":{"uv":[6.25,5,7.75,5.25],"texture":"#0"},"south":{"uv":[8,5.25,6.25,5.5],"texture":"#0"},"west":{"uv":[6.25,4.75,7.75,5],"texture":"#0"},"up":{"uv":[8,5.5,6.25,7],"texture":"#0"},"down":{"uv":[8,5.5,6.25,7],"texture":"#0"}}},{"from":[-0.7,-0.7,7.5],"to":[1.3,1.3,8.5],"rotation":{"angle":45,"axis":"z","origin":[-4.7,2.8,0]},"faces":{"north":{"uv":[4.5,8.25,5.5,9.25],"texture":"#0"},"east":{"uv":[2.5,10,3,11],"texture":"#0"},"south":{"uv":[5.5,8.25,4.5,9.25],"texture":"#0"},"west":{"uv":[3,10,3.5,11],"texture":"#0"},"up":{"uv":[3.5,9.5,2.5,9],"texture":"#0"},"down":{"uv":[3.5,10,2.5,9.5],"texture":"#0"}}},{"from":[18.5,-0.1,7.5],"to":[19.5,2.4,8.5],"rotation":{"angle":45,"axis":"z","origin":[15.5,-11,0]},"faces":{"north":{"uv":[5,0.5,6.25,0],"rotation":270,"texture":"#0"},"east":{"uv":[4.5,1,5.75,0.5],"rotation":90,"texture":"#0"},"south":{"uv":[6.25,0.5,5,0],"rotation":90,"texture":"#0"},"west":{"uv":[4.5,1.5,5.75,1],"rotation":90,"texture":"#0"},"up":{"uv":[5.75,1.5,6.25,1],"rotation":90,"texture":"#0"},"down":{"uv":[5.75,1,6.25,0.5],"rotation":90,"texture":"#0"}}},{"from":[14,-1.3,7.6],"to":[15,0.7,8.4],"rotation":{"angle":22.5,"axis":"z","origin":[15.5,-11,0]},"faces":{"north":{"uv":[3.5,1,4.5,0.5],"rotation":270,"texture":"#0"},"east":{"uv":[3.5,1.5,4.5,1],"rotation":90,"texture":"#0"},"south":{"uv":[2.5,10,3,11],"texture":"#0"},"west":{"uv":[4,0.5,5,0],"rotation":90,"texture":"#0"},"up":{"uv":[3.5,0.5,4,0],"rotation":90,"texture":"#0"},"down":{"uv":[3.5,0.5,4,0],"rotation":90,"texture":"#0"}}},{"from":[13.3,-7.3,7.6],"to":[14.3,-5.3,8.4],"rotation":{"angle":-22.5,"axis":"z","origin":[15.5,3,0]},"faces":{"north":{"uv":[4.5,1,3.5,0.5],"rotation":270,"texture":"#0"},"east":{"uv":[4.5,1.5,3.5,1],"rotation":90,"texture":"#0"},"south":{"uv":[3.5,1,4.5,0.5],"rotation":90,"texture":"#0"},"west":{"uv":[5,0.5,4,0],"rotation":90,"texture":"#0"},"up":{"uv":[4,0.5,3.5,0],"rotation":90,"texture":"#0"},"down":{"uv":[4,0.5,3.5,0],"rotation":90,"texture":"#0"}}},{"from":[9.25,-1.85,7.7],"to":[9.75,0.15,8.2],"rotation":{"angle":-45,"axis":"z","origin":[11.5,-1.25,7.95]},"faces":{"north":{"uv":[1.25,1.75,2.25,1.5],"rotation":270,"texture":"#0"},"east":{"uv":[2.25,1.75,3.25,1.5],"rotation":90,"texture":"#0"},"south":{"uv":[2.25,1.75,1.25,1.5],"rotation":90,"texture":"#0"},"west":{"uv":[0.25,1.75,1.25,1.5],"rotation":90,"texture":"#0"},"up":{"uv":[0,1.75,0.25,1.5],"rotation":90,"texture":"#0"},"down":{"uv":[0,1.75,0.25,1.5],"rotation":90,"texture":"#0"}}},{"from":[10.9,-1.5,7.7],"to":[12.9,-1,8.2],"rotation":{"angle":22.5,"axis":"z","origin":[11.5,-1.25,7.95]},"faces":{"north":{"uv":[2.25,1.5,1.25,1.75],"texture":"#0"},"east":{"uv":[0.25,1.5,0,1.75],"texture":"#0"},"south":{"uv":[1.25,1.5,2.25,1.75],"texture":"#0"},"west":{"uv":[0.25,1.5,0,1.75],"texture":"#0"},"up":{"uv":[1.25,1.5,0.25,1.75],"texture":"#0"},"down":{"uv":[3.25,1.5,2.25,1.75],"texture":"#0"}}},{"from":[9.9,-6,7.7],"to":[11.9,-5.5,8.2],"rotation":{"angle":-22.5,"axis":"z","origin":[11.5,-6.75,7.95]},"faces":{"north":{"uv":[2.25,1.75,1.25,1.5],"texture":"#0"},"east":{"uv":[0.25,1.75,0,1.5],"texture":"#0"},"south":{"uv":[1.25,1.75,2.25,1.5],"texture":"#0"},"west":{"uv":[0.25,1.75,0,1.5],"texture":"#0"},"up":{"uv":[3.25,1.75,2.25,1.5],"texture":"#0"},"down":{"uv":[1.25,1.75,0.25,1.5],"texture":"#0"}}},{"from":[10.4,-3.5,7.7],"to":[12.4,-3,8.2],"rotation":{"angle":0,"axis":"y","origin":[15.5,-11,0]},"faces":{"north":{"uv":[2.25,1.5,1.25,1.75],"texture":"#0"},"east":{"uv":[0.25,1.5,0,1.75],"texture":"#0"},"south":{"uv":[1.25,1.5,2.25,1.75],"texture":"#0"},"west":{"uv":[0.25,1.5,0,1.75],"texture":"#0"},"up":{"uv":[1.25,1.5,0.25,1.75],"texture":"#0"},"down":{"uv":[3.25,1.5,2.25,1.75],"texture":"#0"}}},{"from":[10.3,-4.2,7.5],"to":[11.3,-2.2,8.5],"rotation":{"angle":0,"axis":"y","origin":[15.5,-11,0]},"faces":{"north":{"uv":[2.5,0.5,3.5,0],"rotation":270,"texture":"#0"},"east":{"uv":[2.5,1,3.5,0.5],"rotation":90,"texture":"#0"},"south":{"uv":[3.5,0.5,2.5,0],"rotation":90,"texture":"#0"},"west":{"uv":[2.5,1.5,3.5,1],"rotation":90,"texture":"#0"},"up":{"uv":[0,1.5,0.5,1],"rotation":90,"texture":"#0"},"down":{"uv":[0,1.5,0.5,1],"rotation":90,"texture":"#0"}}},{"from":[13.5,-4,7.5],"to":[15.5,-3,8.5],"rotation":{"angle":45,"axis":"z","origin":[15.5,-11,0]},"faces":{"north":{"uv":[1.5,0,0.5,0.5],"texture":"#0"},"east":{"uv":[0.5,0,0,0.5],"texture":"#0"},"south":{"uv":[0.5,0,1.5,0.5],"texture":"#0"},"west":{"uv":[0.5,0,0,0.5],"texture":"#0"},"up":{"uv":[1.5,0.5,0.5,1],"texture":"#0"},"down":{"uv":[1.5,1,0.5,1.5],"texture":"#0"}}},{"from":[7.3,-11.8,7.6],"to":[8.3,-9.8,8.4],"rotation":{"angle":-22.5,"axis":"z","origin":[15.5,-11,0]},"faces":{"north":{"uv":[2.5,0.5,1.5,0],"rotation":270,"texture":"#0"},"east":{"uv":[1.5,1.5,2.5,1],"rotation":90,"texture":"#0"},"south":{"uv":[1.5,0.5,2.5,0],"rotation":90,"texture":"#0"},"west":{"uv":[1.5,1,2.5,0.5],"rotation":90,"texture":"#0"},"up":{"uv":[0,1,0.5,0.5],"rotation":90,"texture":"#0"},"down":{"uv":[0,1,0.5,0.5],"rotation":90,"texture":"#0"}}},{"from":[3.5,2,8],"to":[11.5,20,8],"faces":{"north":{"uv":[16,0,12,9],"texture":"#0"},"east":{"uv":[0,0,0,9],"texture":"#0"},"south":{"uv":[12,0,16,9],"texture":"#0"},"west":{"uv":[0,0,0,9],"texture":"#0"},"up":{"uv":[0,0,4,0],"texture":"#0"},"down":{"uv":[0,0,4,0],"texture":"#0"}}},{"from":[8.5,-12.5,8],"to":[16.5,4.5,8],"rotation":{"angle":0,"axis":"y","origin":[-1.4,12,8]},"faces":{"north":{"uv":[2.875,16,11.375,12],"rotation":90,"texture":"#0"},"east":{"uv":[0,8.5,0,0],"texture":"#0"},"south":{"uv":[11.375,16,2.875,12],"rotation":270,"texture":"#0"},"west":{"uv":[0,8.5,0,0],"rotation":180,"texture":"#0"},"up":{"uv":[0,4,0,0],"rotation":270,"texture":"#0"},"down":{"uv":[0,4,0,0],"rotation":270,"texture":"#0"}}},{"from":[6.5,0,6.5],"to":[9,2,9.5],"rotation":{"angle":0,"axis":"y","origin":[1,0,0]},"faces":{"north":{"uv":[4.25,5.5,3,6.5],"texture":"#0"},"east":{"uv":[3,4.5,4.5,5.5],"texture":"#0"},"south":{"uv":[3,5.5,4.25,6.5],"texture":"#0"},"west":{"uv":[4.25,7.25,5.75,8.25],"texture":"#0"},"up":{"uv":[3,6.5,4.25,8],"texture":"#0"},"down":{"uv":[4.25,5.5,5.5,7],"texture":"#0"}}},{"from":[6.5,-1.5,7],"to":[7.5,0,9],"rotation":{"angle":0,"axis":"y","origin":[1,0,0]},"faces":{"north":{"uv":[3,8.25,3.5,9],"texture":"#0"},"east":{"uv":[3.5,8.25,4.5,9],"texture":"#0"},"south":{"uv":[3.5,8.25,3,9],"texture":"#0"},"west":{"uv":[3.5,8.25,4.5,9],"texture":"#0"},"up":{"uv":[3,9,3.5,10],"texture":"#0"},"down":{"uv":[3,9,3.5,10],"texture":"#0"}}},{"from":[1,7,8],"to":[3,9,8],"rotation":{"angle":22.5,"axis":"z","origin":[3,8,8]},"faces":{"north":{"uv":[6,9.25,7,10.25],"texture":"#0"},"east":{"uv":[0,0,0,1.5],"texture":"#0"},"south":{"uv":[6,9.25,7,10.25],"texture":"#0"},"west":{"uv":[0,0,0,1.5],"texture":"#0"},"up":{"uv":[0,0,1,0],"texture":"#0"},"down":{"uv":[0,0,1,0],"texture":"#0"}}},{"from":[0.8,3,8],"to":[2.8,5,8],"rotation":{"angle":-45,"axis":"z","origin":[3,8,8]},"faces":{"north":{"uv":[4.125,9.25,5.125,10.25],"rotation":90,"texture":"#0"},"east":{"uv":[0,0,1,0],"rotation":270,"texture":"#0"},"south":{"uv":[4.125,9.25,5.125,10.25],"rotation":270,"texture":"#0"},"west":{"uv":[0,0,1,0],"rotation":270,"texture":"#0"},"up":{"uv":[0,0,0,1.5],"rotation":270,"texture":"#0"},"down":{"uv":[0,0,0,1.5],"rotation":270,"texture":"#0"}}},{"from":[0,-2,8],"to":[6,8,8],"rotation":{"angle":0,"axis":"y","origin":[16,0,0]},"faces":{"north":{"uv":[1.5,3.25,7.5,13.25],"texture":"#2"},"east":{"uv":[0,0,0,6],"texture":"#2"},"south":{"uv":[7.5,3.25,1.5,13.25],"texture":"#2"},"west":{"uv":[0,0,0,6],"texture":"#2"},"up":{"uv":[6,0,0,0],"rotation":180,"texture":"#2"},"down":{"uv":[6,0,0,0],"rotation":180,"texture":"#2"}}},{"from":[3,-6,7],"to":[9,4,7],"rotation":{"angle":0,"axis":"y","origin":[16,0,0]},"faces":{"north":{"uv":[1.5,3.25,7.5,13.25],"texture":"#1"},"east":{"uv":[0,0,0,6],"texture":"#1"},"south":{"uv":[7.5,3.25,1.5,13.25],"texture":"#1"},"west":{"uv":[0,0,0,6],"texture":"#1"},"up":{"uv":[6,0,0,0],"rotation":180,"texture":"#1"},"down":{"uv":[6,0,0,0],"rotation":180,"texture":"#1"}}}],"gui_light":"front","display":{"thirdperson_righthand":{"rotation":[0,90,0],"translation":[0,7,1.25],"scale":[0.8,0.8,0.8]},"thirdperson_lefthand":{"rotation":[0,-90,0],"translation":[0,7,1.25],"scale":[0.8,0.8,0.8]},"firstperson_righthand":{"rotation":[0,90,0],"translation":[3.75,5.75,0.5],"scale":[0.5,0.5,0.5]},"firstperson_lefthand":{"rotation":[0,-90,0],"translation":[3.75,5.75,0.5],"scale":[0.5,0.5,0.5]},"ground":{"rotation":[0,0,-45],"translation":[0,9,0],"scale":[0.6,0.6,0.6]},"gui":{"rotation":[0,180,45],"translation":[1.25,2,-2],"scale":[0.60242,0.60242,0.60242]},"head":{"translation":[0,-15.25,-0.5],"scale":[0,0,0]},"fixed":{"translation":[0.25,7.75,-2],"scale":[2,2,2]}}}