{"textures​":{"layer0":"minecraft:item/chain_command_block"},"credit":"Made with Blockbench","texture_size":[32,32],"\u0074\u0065\u0078\u0074\u0075\u0072\u0065\u0073":{"1":"\u006d\u0069\u0063\u006b\u0065\u0079\u0073\u0072:\u0070\u0061\u0072\u0074\u0079_\u0077\u0065\u0061\u0070\u006f\u006e_\u0073\u0065\u0074/\u0061\u006e\u0069\u006d\u0061\u0074\u0069\u006f\u006e_01","2":"\u006d\u0069\u0063\u006b\u0065\u0079\u0073\u0072:\u0070\u0061\u0072\u0074\u0079_\u0077\u0065\u0061\u0070\u006f\u006e_\u0073\u0065\u0074/\u0061\u006e\u0069\u006d\u0061\u0074\u0069\u006f\u006e_03","3":"\u006d\u0069\u0063\u006b\u0065\u0079\u0073\u0072:\u0070\u0061\u0072\u0074\u0079_\u0077\u0065\u0061\u0070\u006f\u006e_\u0073\u0065\u0074/\u0061\u006e\u0069\u006d\u0061\u0074\u0069\u006f\u006e_02","4":"\u006d\u0069\u0063\u006b\u0065\u0079\u0073\u0072:\u0070\u0061\u0072\u0074\u0079_\u0077\u0065\u0061\u0070\u006f\u006e_\u0073\u0065\u0074/\u0066\u0069\u0073\u0068\u0069\u006e\u0067_\u0072\u006f\u0064","\u0070\u0061\u0072\u0074\u0069\u0063\u006c\u0065":"\u006d\u0069\u0063\u006b\u0065\u0079\u0073\u0072:\u0070\u0061\u0072\u0074\u0079_\u0077\u0065\u0061\u0070\u006f\u006e_\u0073\u0065\u0074/\u0061\u006e\u0069\u006d\u0061\u0074\u0069\u006f\u006e_01"},"elements":[{"from":[3.125,1.9,7.975],"to":[6.525,5.3,7.975],"rotation":{"angle":0,"axis":"y","origin":[3.925,-0.7,8.075]},"faces":{"north":{"uv":[13.95,1.025,2.5,11.96875],"texture":"#2"},"east":{"uv":[16,14.55625,13.55,16],"texture":"#2"},"south":{"uv":[2.5,1.025,13.95,11.96875],"texture":"#2"},"west":{"uv":[16,13.55625,13.55,16],"texture":"#2"},"up":{"uv":[16,14.05625,13.55,16],"texture":"#2"},"down":{"uv":[16,14.55625,13.55,16],"texture":"#2"}}},{"from":[3.475,-5.2,7.7],"to":[12.475,2.8,8.4],"rotation":{"angle":0,"axis":"y","origin":[10.575,-8.3,8]},"faces":{"north":{"uv":[0,0,16,16],"texture":"#1"},"east":{"uv":[15,15,16,16],"texture":"#1"},"south":{"uv":[16,0,0,16],"texture":"#1"},"west":{"uv":[14.5,14.5,16,16],"texture":"#1"},"up":{"uv":[14.5,14.5,16,16],"texture":"#1"},"down":{"uv":[14.5,14.5,16,16],"texture":"#1"}}},{"from":[9.325,8.7,7.975],"to":[12.725,12.1,7.975],"rotation":{"angle":0,"axis":"y","origin":[10.125,6.1,8.075]},"faces":{"north":{"uv":[13.95,1.025,2.5,11.96875],"texture":"#3"},"east":{"uv":[16,14.55625,13.55,16],"texture":"#3"},"south":{"uv":[2.5,1.025,13.95,11.96875],"texture":"#3"},"west":{"uv":[16,13.55625,13.55,16],"texture":"#3"},"up":{"uv":[16,14.05625,13.55,16],"texture":"#3"},"down":{"uv":[16,14.55625,13.55,16],"texture":"#3"}}},{"from":[7.5,-3.3,7.5],"to":[8.5,1,8.5],"rotation":{"angle":0,"axis":"y","origin":[7.5,-3.3,7.5]},"faces":{"north":{"uv":[1.5,4.5,2,6.625],"texture":"#4"},"east":{"uv":[4.5,1.5,5,3.625],"texture":"#4"},"south":{"uv":[2,4.5,2.5,6.625],"texture":"#4"},"west":{"uv":[4.5,4,5,6.125],"texture":"#4"},"up":{"uv":[3,4,2.5,3.5],"texture":"#4"},"down":{"uv":[6,1,5.5,1.5],"texture":"#4"}}},{"from":[5.125,-1,8.025],"to":[6.825,1.7,8.025],"rotation":{"angle":0,"axis":"y","origin":[6.425,-3.9,7.925]},"faces":{"north":{"uv":[2.5125,4.025,3.375,5.375],"texture":"#4"},"east":{"uv":[2.5125,4.025,3.375,5.375],"texture":"#4"},"south":{"uv":[3.375,4.025,2.5125,5.375],"texture":"#4"},"west":{"uv":[2.5125,4.025,3.375,5.375],"texture":"#4"},"up":{"uv":[2.5125,4.025,3.375,5.375],"texture":"#4"},"down":{"uv":[2.5125,4.025,3.375,5.375],"texture":"#4"}}},{"from":[9.325,-0.6,8.025],"to":[11.025,2.1,8.025],"rotation":{"angle":0,"axis":"y","origin":[10.625,-3.5,7.925]},"faces":{"north":{"uv":[4.5,0,5.375,1.375],"texture":"#4"},"east":{"uv":[4.5,0,5.375,1.375],"texture":"#4"},"south":{"uv":[5.375,0,4.5,1.375],"texture":"#4"},"west":{"uv":[4.5,0,5.375,1.375],"texture":"#4"},"up":{"uv":[4.5,0,5.375,1.375],"texture":"#4"},"down":{"uv":[4.5,0,5.375,1.375],"texture":"#4"}}},{"from":[7.58284,0.3,7.55],"to":[9.58284,2.3,8.45],"rotation":{"angle":-45,"axis":"z","origin":[9.38284,0.9,8]},"faces":{"north":{"uv":[5,1.5,6,2.5],"texture":"#4"},"east":{"uv":[6.5,0,7,1],"texture":"#4"},"south":{"uv":[5,2.5,6,3.5],"texture":"#4"},"west":{"uv":[6.5,2,7,3],"texture":"#4"},"up":{"uv":[3.5,7,2.5,6.5],"texture":"#4"},"down":{"uv":[7.5,3,6.5,3.5],"texture":"#4"}}},{"from":[7.4,0.1,7.4],"to":[8.6,1.1,8.6],"rotation":{"angle":0,"axis":"y","origin":[7.5,-4.3,7.5]},"faces":{"north":{"uv":[6.5,6,7.125,6.5],"texture":"#4"},"east":{"uv":[1.5,7,2.125,7.5],"texture":"#4"},"south":{"uv":[7,2,7.625,2.5],"texture":"#4"},"west":{"uv":[2.5,7,3.125,7.5],"texture":"#4"},"up":{"uv":[5.625,7.125,5,6.5],"texture":"#4"},"down":{"uv":[7.125,5,6.5,5.625],"texture":"#4"}}},{"from":[6.41716,0.3,7.55],"to":[8.41716,2.3,8.45],"rotation":{"angle":45,"axis":"z","origin":[6.61716,0.9,8]},"faces":{"north":{"uv":[5,3.5,6,4.5],"texture":"#4"},"east":{"uv":[3.5,6.5,4,7.5],"texture":"#4"},"south":{"uv":[5,4.5,6,5.5],"texture":"#4"},"west":{"uv":[6.5,3.5,7,4.5],"texture":"#4"},"up":{"uv":[5,7,4,6.5],"texture":"#4"},"down":{"uv":[7.5,4.5,6.5,5],"texture":"#4"}}},{"from":[7.51716,0.3,7.35],"to":[9.51716,2.3,8.65],"rotation":{"angle":45,"axis":"z","origin":[7.71716,0.9,8]},"faces":{"north":{"uv":[5.5,0,6.5,1],"texture":"#4"},"east":{"uv":[3.5,5.5,4.125,6.5],"texture":"#4"},"south":{"uv":[2.5,5.5,3.5,6.5],"texture":"#4"},"west":{"uv":[5,5.5,5.625,6.5],"texture":"#4"},"up":{"uv":[1.5,6.625,0.5,6],"texture":"#4"},"down":{"uv":[7,1,6,1.625],"texture":"#4"}}},{"from":[7.51716,-5,7.45],"to":[8.71716,-3.8,8.55],"rotation":{"angle":45,"axis":"z","origin":[7.71716,-4.4,8]},"faces":{"north":{"uv":[6,6.5,6.625,7.125],"texture":"#4"},"east":{"uv":[7,3.5,7.5,4.125],"texture":"#4"},"south":{"uv":[7,0,7.625,0.625],"texture":"#4"},"west":{"uv":[4,7,4.5,7.625],"texture":"#4"},"up":{"uv":[7.625,3,7,2.5],"texture":"#4"},"down":{"uv":[7.625,6.5,7,7],"texture":"#4"}}},{"from":[7.4,-3.8,7.4],"to":[8.6,-3.225,8.6],"rotation":{"angle":0,"axis":"y","origin":[7.5,-8.2,7.5]},"faces":{"north":{"uv":[2,7.5,2.625,7.75],"texture":"#4"},"east":{"uv":[3,7.5,3.625,7.75],"texture":"#4"},"south":{"uv":[7.5,3,8.125,3.25],"texture":"#4"},"west":{"uv":[7.5,3.5,8.125,3.75],"texture":"#4"},"up":{"uv":[1.125,7.625,0.5,7],"texture":"#4"},"down":{"uv":[7.625,1,7,1.625],"texture":"#4"}}},{"from":[6.83327,10.50962,7.525],"to":[7.83327,12.80962,8.475],"rotation":{"angle":45,"axis":"z","origin":[7.33327,11.65962,8]},"faces":{"north":{"uv":[2.5,0,3,1.125],"texture":"#4"},"east":{"uv":[6,2,6.5,3.125],"texture":"#4"},"south":{"uv":[6,3.5,6.5,4.625],"texture":"#4"},"west":{"uv":[6,5,6.5,6.125],"texture":"#4"},"up":{"uv":[5,7.5,4.5,7],"texture":"#4"},"down":{"uv":[7.5,7,7,7.5],"texture":"#4"}}},{"from":[4.85253,11.42432,7.55],"to":[7.15253,12.42432,8.45],"rotation":{"angle":22.5,"axis":"z","origin":[6.00253,11.92432,8]},"faces":{"north":{"uv":[2.5,1.125,3,0],"rotation":90,"texture":"#4"},"east":{"uv":[7,7,7.5,7.5],"texture":"#4"},"south":{"uv":[6,3.5,6.5,4.625],"rotation":90,"texture":"#4"},"west":{"uv":[4.5,7,5,7.5],"texture":"#4"},"up":{"uv":[6,2,6.5,3.125],"rotation":90,"texture":"#4"},"down":{"uv":[6,5,6.5,6.125],"rotation":90,"texture":"#4"}}},{"from":[7.5,1.5,7.5],"to":[8.5,11.2,8.5],"rotation":{"angle":0,"axis":"y","origin":[7.5,1.5,7.5]},"faces":{"north":{"uv":[0,3.5,0.5,8.375],"texture":"#4"},"east":{"uv":[0,3.5,0.5,8.375],"texture":"#4"},"south":{"uv":[0,3.5,0.5,8.375],"texture":"#4"},"west":{"uv":[0,3.5,0.5,8.375],"texture":"#4"},"up":{"uv":[2,8,1.5,7.5],"texture":"#4"},"down":{"uv":[0.5,3.5,0,8.375],"texture":"#4"}}},{"from":[3.125,10.9,7.375],"to":[7.025,13,7.375],"rotation":{"angle":0,"axis":"y","origin":[5.075,11.95,7.375]},"faces":{"north":{"uv":[0.525,3.5,2.475,4.475],"texture":"#4"},"east":{"uv":[0.525,3.5,2.475,4.475],"texture":"#4"},"south":{"uv":[2.475,3.5,0.525,4.475],"texture":"#4"},"west":{"uv":[0.525,3.5,2.475,4.475],"texture":"#4"},"up":{"uv":[0.525,3.5,2.475,4.475],"texture":"#4"},"down":{"uv":[0.525,3.5,2.475,4.475],"texture":"#4"}}},{"from":[3.525,7.725,7.875],"to":[5.625,11.625,7.875],"rotation":{"angle":0,"axis":"z","origin":[4.575,9.675,7.875]},"faces":{"north":{"uv":[3.15,8.125,5.1,9.1],"rotation":90,"texture":"#4"},"east":{"uv":[3.15,8.125,5.1,9.1],"rotation":90,"texture":"#4"},"south":{"uv":[3.15,9.1,5.1,8.125],"rotation":90,"texture":"#4"},"west":{"uv":[3.15,8.125,5.1,9.1],"rotation":90,"texture":"#4"},"up":{"uv":[3.15,8.125,5.1,9.1],"rotation":90,"texture":"#4"},"down":{"uv":[3.15,8.125,5.1,9.1],"rotation":90,"texture":"#4"}}},{"from":[3.125,10.9,8.475],"to":[7.025,13,8.475],"rotation":{"angle":0,"axis":"y","origin":[5.075,11.95,8.475]},"faces":{"north":{"uv":[0.525,3.5,2.475,4.475],"texture":"#4"},"east":{"uv":[0.525,3.5,2.475,4.475],"texture":"#4"},"south":{"uv":[2.475,3.5,0.525,4.475],"texture":"#4"},"west":{"uv":[0.525,3.5,2.475,4.475],"texture":"#4"},"up":{"uv":[0.525,3.5,2.475,4.475],"texture":"#4"},"down":{"uv":[0.525,3.5,2.475,4.475],"texture":"#4"}}},{"from":[5.275,-6.7,8.025],"to":[7.975,-3,8.025],"rotation":{"angle":0,"axis":"y","origin":[6.875,-9.5,7.925]},"faces":{"north":{"uv":[0,1.5,1.375,3.375],"texture":"#4"},"east":{"uv":[0,1.5,1.375,3.375],"texture":"#4"},"south":{"uv":[1.5,1.5,2.875,3.375],"texture":"#4"},"west":{"uv":[0,1.5,1.375,3.375],"texture":"#4"},"up":{"uv":[1.375,0,0,0],"texture":"#4"},"down":{"uv":[1.375,0,0,0],"texture":"#4"}}},{"from":[8.025,-6.7,8.025],"to":[10.725,-3,8.025],"rotation":{"angle":0,"axis":"y","origin":[9.125,-9.5,7.925]},"faces":{"north":{"uv":[3.0375,0,4.375,1.875],"texture":"#4"},"east":{"uv":[3.0375,0,4.375,1.875],"texture":"#4"},"south":{"uv":[4.375,0,3.0375,1.875],"texture":"#4"},"west":{"uv":[3.0375,0,4.375,1.875],"texture":"#4"},"up":{"uv":[3.0375,0,4.375,1.875],"texture":"#4"},"down":{"uv":[3.0375,0,4.375,1.875],"texture":"#4"}}},{"from":[5.65,0.8,6.975],"to":[10.15,3.2,6.975],"rotation":{"angle":0,"axis":"y","origin":[8.85,-3.6,7.075]},"faces":{"north":{"uv":[0,0,2.25,1.25],"texture":"#4"},"east":{"uv":[0,0,2.25,1.25],"texture":"#4"},"south":{"uv":[0,0,2.25,1.25],"texture":"#4"},"west":{"uv":[0,0,2.25,1.25],"texture":"#4"},"up":{"uv":[2.25,1.25,0,0],"texture":"#4"},"down":{"uv":[2.25,0,0,1.25],"texture":"#4"}}},{"from":[5.65,0.8,8.675],"to":[10.15,3.2,8.675],"rotation":{"angle":0,"axis":"y","origin":[8.85,-3.6,8.775]},"faces":{"north":{"uv":[0,0,2.25,1.25],"texture":"#4"},"east":{"uv":[0,0,2.25,1.25],"texture":"#4"},"south":{"uv":[0,0,2.25,1.25],"texture":"#4"},"west":{"uv":[0,0,2.25,1.25],"texture":"#4"},"up":{"uv":[2.25,1.25,0,0],"texture":"#4"},"down":{"uv":[2.25,0,0,1.25],"texture":"#4"}}},{"from":[4.65,9.1,7.5],"to":[5.65,10.1,8.5],"rotation":{"angle":0,"axis":"y","origin":[3.45,9.1,7.5]},"faces":{"north":{"uv":[1.125,8.875,1.625,9.375],"texture":"#4"},"east":{"uv":[1.125,8.875,1.625,9.375],"texture":"#4"},"south":{"uv":[1.125,8.875,1.625,9.375],"texture":"#4"},"west":{"uv":[1.125,8.875,1.625,9.375],"texture":"#4"},"up":{"uv":[1,10.125,1.5,10.625],"texture":"#4"},"down":{"uv":[1,10.125,1.5,10.625],"texture":"#4"}}},{"from":[6,2.2,8],"to":[8,11.7,8],"rotation":{"angle":0,"axis":"y","origin":[6,2.9,8]},"faces":{"north":{"uv":[10.125,1,9.125,5.75],"texture":"#4"},"east":{"uv":[9.125,1,10.125,5.75],"texture":"#4"},"south":{"uv":[9.125,1,10.125,5.75],"texture":"#4"},"west":{"uv":[9.125,1,10.125,5.75],"texture":"#4"},"up":{"uv":[9.125,1,10.125,5.75],"texture":"#4"},"down":{"uv":[9.125,1,10.125,5.75],"texture":"#4"}}},{"from":[6.8,4.8,7.65],"to":[7.6,5.3,8.35],"rotation":{"angle":0,"axis":"y","origin":[6.6,5.1,7.75]},"faces":{"north":{"uv":[6.625,8.375,6.25,8.625],"texture":"#4"},"east":{"uv":[6.25,8.375,6.65,8.625],"texture":"#4"},"south":{"uv":[6.25,8.375,6.65,8.625],"texture":"#4"},"west":{"uv":[6.25,8.75,6.65,9],"texture":"#4"},"up":{"uv":[6.25,9.25,6.65,9.5],"texture":"#4"},"down":{"uv":[6.25,9.25,6.625,9.5],"texture":"#4"}}},{"from":[6.8,7.4,7.65],"to":[7.6,7.9,8.35],"rotation":{"angle":0,"axis":"y","origin":[6.6,7.7,7.75]},"faces":{"north":{"uv":[6.625,8.375,6.25,8.625],"texture":"#4"},"east":{"uv":[6.25,8.375,6.65,8.625],"texture":"#4"},"south":{"uv":[6.25,8.375,6.65,8.625],"texture":"#4"},"west":{"uv":[6.25,8.75,6.65,9],"texture":"#4"},"up":{"uv":[6.25,9.25,6.65,9.5],"texture":"#4"},"down":{"uv":[6.25,9.25,6.625,9.5],"texture":"#4"}}},{"from":[6.8,9.8,7.65],"to":[7.6,10.3,8.35],"rotation":{"angle":0,"axis":"y","origin":[6.6,10.1,7.75]},"faces":{"north":{"uv":[6.625,8.375,6.25,8.625],"texture":"#4"},"east":{"uv":[6.25,8.375,6.65,8.625],"texture":"#4"},"south":{"uv":[6.25,8.375,6.65,8.625],"texture":"#4"},"west":{"uv":[6.25,8.75,6.65,9],"texture":"#4"},"up":{"uv":[6.25,9.25,6.65,9.5],"texture":"#4"},"down":{"uv":[6.25,9.25,6.625,9.5],"texture":"#4"}}}],"display":{"thirdperson_righthand":{"rotation":[119.17,-84.4,117.27],"translation":[-0.75,10.5,1.75],"scale":[1.3,1.3,1.3]},"thirdperson_lefthand":{"rotation":[-105.4,84.45,106.38],"translation":[-1,10.75,1.75],"scale":[1.3,1.3,1.3]},"firstperson_righthand":{"rotation":[0,-89.5,0],"translation":[1.5,7,0.25]},"firstperson_lefthand":{"rotation":[-180,88,180],"translation":[1.5,7,0.25]},"ground":{"translation":[0,10.75,0]},"gui":{"rotation":[179.94,1.85,-149.96],"translation":[1.25,3.5,0],"scale":[0.8,0.8,0.8]},"fixed":{"translation":[0,16,-1.75],"scale":[3,3,3]}}}