{"parent​":"minecraft:item/crimson_trapdoor","textures​":{"0":"\u0077\u0061\u0072\u0064\u0065\u006e\u0073\u0063\u0079\u0074\u0068\u0065:\u0077\u0061\u0072\u0064\u0065\u006e\u0073\u0063\u0079\u0074\u0068\u0065/\u0077\u0061\u0072\u0064\u0065\u006e\u0073\u0063\u0079\u0074\u0068\u0065","1":"\u0077\u0061\u0072\u0064\u0065\u006e\u0073\u0063\u0079\u0074\u0068\u0065:\u0077\u0061\u0072\u0064\u0065\u006e\u0073\u0063\u0079\u0074\u0068\u0065/\u0077\u0061\u0072\u0064\u0065\u006e\u0073\u0063\u0079\u0074\u0068\u0065_1","\u0070\u0061\u0072\u0074\u0069\u0063\u006c\u0065":"\u0077\u0061\u0072\u0064\u0065\u006e\u0073\u0063\u0079\u0074\u0068\u0065:\u0077\u0061\u0072\u0064\u0065\u006e\u0073\u0063\u0079\u0074\u0068\u0065/\u0077\u0061\u0072\u0064\u0065\u006e\u0073\u0063\u0079\u0074\u0068\u0065"},"credit":"Made with Blockbench","\u0070\u0061\u0072\u0065\u006e\u0074":"\u0064\u0069\u0061\u006d\u006f\u006e\u0064_\u0073\u0077\u006f\u0072\u0064","\u0074\u0065\u0078\u0074\u0075\u0072\u0065\u0073":{"0":"\u0077\u0061\u0072\u0064\u0065\u006e\u0073\u0063\u0079\u0074\u0068\u0065:\u0077\u0061\u0072\u0064\u0065\u006e\u0073\u0063\u0079\u0074\u0068\u0065/\u0077\u0061\u0072\u0064\u0065\u006e\u0073\u0063\u0079\u0074\u0068\u0065","1":"\u0077\u0061\u0072\u0064\u0065\u006e\u0073\u0063\u0079\u0074\u0068\u0065:\u0077\u0061\u0072\u0064\u0065\u006e\u0073\u0063\u0079\u0074\u0068\u0065/\u0077\u0061\u0072\u0064\u0065\u006e\u0073\u0063\u0079\u0074\u0068\u0065_1","\u0070\u0061\u0072\u0074\u0069\u0063\u006c\u0065":"\u0077\u0061\u0072\u0064\u0065\u006e\u0073\u0063\u0079\u0074\u0068\u0065:\u0077\u0061\u0072\u0064\u0065\u006e\u0073\u0063\u0079\u0074\u0068\u0065/\u0077\u0061\u0072\u0064\u0065\u006e\u0073\u0063\u0079\u0074\u0068\u0065"},"elements":[{"from":[7,27,10],"to":[8,28,11],"faces":{"north":{"uv":[3.5,1.25,3.75,1.5],"texture":"#0"},"east":{"uv":[3.75,5.5,4,5.75],"texture":"#0"},"south":{"uv":[7.75,6.5,8,6.75],"texture":"#0"},"west":{"uv":[8,1,8.25,1.25],"texture":"#0"},"up":{"uv":[2,8.25,1.75,8],"texture":"#0"},"down":{"uv":[2.25,8,2,8.25],"texture":"#0"}}},{"from":[8,28,12],"to":[9,29,13],"faces":{"north":{"uv":[3,8,3.25,8.25],"texture":"#0"},"east":{"uv":[3.25,8,3.5,8.25],"texture":"#0"},"south":{"uv":[3.5,8,3.75,8.25],"texture":"#0"},"west":{"uv":[8,3.5,8.25,3.75],"texture":"#0"},"up":{"uv":[4,8.25,3.75,8],"texture":"#0"},"down":{"uv":[8.25,3.75,8,4],"texture":"#0"}}},{"from":[6,28,12],"to":[7,29,13],"faces":{"north":{"uv":[4,8,4.25,8.25],"texture":"#0"},"east":{"uv":[8,4,8.25,4.25],"texture":"#0"},"south":{"uv":[4.25,8,4.5,8.25],"texture":"#0"},"west":{"uv":[8,4.25,8.25,4.5],"texture":"#0"},"up":{"uv":[8.25,4.75,8,4.5],"texture":"#0"},"down":{"uv":[5,8,4.75,8.25],"texture":"#0"}}},{"from":[7,29,12],"to":[8,30,13],"faces":{"north":{"uv":[8,4.75,8.25,5],"texture":"#0"},"east":{"uv":[5,8,5.25,8.25],"texture":"#0"},"south":{"uv":[8,5,8.25,5.25],"texture":"#0"},"west":{"uv":[5.25,8,5.5,8.25],"texture":"#0"},"up":{"uv":[8.25,5.5,8,5.25],"texture":"#0"},"down":{"uv":[5.75,8,5.5,8.25],"texture":"#0"}}},{"from":[7,27,12],"to":[8,28,13],"faces":{"north":{"uv":[8,5.5,8.25,5.75],"texture":"#0"},"east":{"uv":[5.75,8,6,8.25],"texture":"#0"},"south":{"uv":[8,5.75,8.25,6],"texture":"#0"},"west":{"uv":[6,8,6.25,8.25],"texture":"#0"},"up":{"uv":[8.25,6.25,8,6],"texture":"#0"},"down":{"uv":[8.25,6.25,8,6.5],"texture":"#0"}}},{"from":[6,27,9],"to":[9,28,10],"faces":{"north":{"uv":[5.25,4.5,6,4.75],"texture":"#0"},"east":{"uv":[6.5,8,6.75,8.25],"texture":"#0"},"south":{"uv":[5.5,1,6.25,1.25],"texture":"#0"},"west":{"uv":[8,6.5,8.25,6.75],"texture":"#0"},"up":{"uv":[3.75,5.75,3,5.5],"texture":"#0"},"down":{"uv":[6.25,4.25,5.5,4.5],"texture":"#0"}}},{"from":[6,26,10],"to":[9,27,11],"faces":{"north":{"uv":[5.5,4.75,6.25,5],"texture":"#0"},"east":{"uv":[8,6.75,8.25,7],"texture":"#0"},"south":{"uv":[5.5,5,6.25,5.25],"texture":"#0"},"west":{"uv":[7,8,7.25,8.25],"texture":"#0"},"up":{"uv":[6.25,5.5,5.5,5.25],"texture":"#0"},"down":{"uv":[6.25,5.5,5.5,5.75],"texture":"#0"}}},{"from":[6,27,11],"to":[9,28,12],"faces":{"north":{"uv":[5.75,1.25,6.5,1.5],"texture":"#0"},"east":{"uv":[8,7,8.25,7.25],"texture":"#0"},"south":{"uv":[5.75,1.5,6.5,1.75],"texture":"#0"},"west":{"uv":[7.25,8,7.5,8.25],"texture":"#0"},"up":{"uv":[6.5,2,5.75,1.75],"texture":"#0"},"down":{"uv":[6.5,2,5.75,2.25],"texture":"#0"}}},{"from":[6,28,10],"to":[9,29,11],"faces":{"north":{"uv":[5.75,2.25,6.5,2.5],"texture":"#0"},"east":{"uv":[8,7.25,8.25,7.5],"texture":"#0"},"south":{"uv":[5.75,2.5,6.5,2.75],"texture":"#0"},"west":{"uv":[8,7.5,8.25,7.75],"texture":"#0"},"up":{"uv":[6.5,3,5.75,2.75],"texture":"#0"},"down":{"uv":[3.75,5.75,3,6],"texture":"#0"}}},{"from":[6,29,11],"to":[9,30,12],"faces":{"north":{"uv":[5.75,3,6.5,3.25],"texture":"#0"},"east":{"uv":[7.75,8,8,8.25],"texture":"#0"},"south":{"uv":[5.75,3.25,6.5,3.5],"texture":"#0"},"west":{"uv":[8,7.75,8.25,8],"texture":"#0"},"up":{"uv":[6.5,3.75,5.75,3.5],"texture":"#0"},"down":{"uv":[4.5,5.75,3.75,6],"texture":"#0"}}},{"from":[7,28,11],"to":[8,29,13],"faces":{"north":{"uv":[8,8,8.25,8.25],"texture":"#0"},"east":{"uv":[6.5,4,7,4.25],"texture":"#0"},"south":{"uv":[0,8.25,0.25,8.5],"texture":"#0"},"west":{"uv":[4.25,6.5,4.75,6.75],"texture":"#0"},"up":{"uv":[5,7,4.75,6.5],"texture":"#0"},"down":{"uv":[6.75,4.75,6.5,5.25],"texture":"#0"}}},{"from":[7,28,13],"to":[8,29,15],"faces":{"north":{"uv":[8.25,0,8.5,0.25],"texture":"#0"},"east":{"uv":[5.25,6.5,5.75,6.75],"texture":"#0"},"south":{"uv":[8.25,0.25,8.5,0.5],"texture":"#0"},"west":{"uv":[6.5,5.25,7,5.5],"texture":"#0"},"up":{"uv":[6,7,5.75,6.5],"texture":"#0"},"down":{"uv":[6.25,6.5,6,7],"texture":"#0"}}},{"from":[7,29,14],"to":[8,30,16],"faces":{"north":{"uv":[8.25,0.5,8.5,0.75],"texture":"#0"},"east":{"uv":[6.25,6.5,6.75,6.75],"texture":"#0"},"south":{"uv":[0.75,8.25,1,8.5],"texture":"#0"},"west":{"uv":[6.75,0,7.25,0.25],"texture":"#0"},"up":{"uv":[7,0.75,6.75,0.25],"texture":"#0"},"down":{"uv":[1.75,6.75,1.5,7.25],"texture":"#0"}}},{"from":[7,28,15],"to":[8,29,17],"faces":{"north":{"uv":[8.25,0.75,8.5,1],"texture":"#0"},"east":{"uv":[6.75,0.75,7.25,1],"texture":"#0"},"south":{"uv":[8.25,1,8.5,1.25],"texture":"#0"},"west":{"uv":[1.75,6.75,2.25,7],"texture":"#0"},"up":{"uv":[2.5,7.25,2.25,6.75],"texture":"#0"},"down":{"uv":[2.75,6.75,2.5,7.25],"texture":"#0"}}},{"from":[7,27,17],"to":[8,28,18],"faces":{"north":{"uv":[8.25,1.25,8.5,1.5],"texture":"#0"},"east":{"uv":[3.5,6.75,4,7],"texture":"#0"},"south":{"uv":[1.5,8.25,1.75,8.5],"texture":"#0"},"west":{"uv":[4,6.75,4.5,7],"texture":"#0"},"up":{"uv":[3,7.25,2.75,6.75],"texture":"#0"},"down":{"uv":[4.75,6.75,4.5,7.25],"texture":"#0"}}},{"from":[7,27,15],"to":[8,28,17],"faces":{"north":{"uv":[8.25,1.5,8.5,1.75],"texture":"#0"},"east":{"uv":[6.75,4.5,7.25,4.75],"texture":"#0"},"south":{"uv":[1.75,8.25,2,8.5],"texture":"#0"},"west":{"uv":[6.75,4.75,7.25,5],"texture":"#0"},"up":{"uv":[5.5,7.25,5.25,6.75],"texture":"#0"},"down":{"uv":[5.75,6.75,5.5,7.25],"texture":"#0"}}},{"from":[7,26,18],"to":[8,27,19],"faces":{"north":{"uv":[8.25,1.75,8.5,2],"texture":"#0"},"east":{"uv":[6.75,5,7.25,5.25],"texture":"#0"},"south":{"uv":[2,8.25,2.25,8.5],"texture":"#0"},"west":{"uv":[6.75,5.75,7.25,6],"texture":"#0"},"up":{"uv":[7,6.5,6.75,6],"texture":"#0"},"down":{"uv":[6.5,6.75,6.25,7.25],"texture":"#0"}}},{"from":[7,26,16],"to":[8,27,18],"faces":{"north":{"uv":[8.25,2,8.5,2.25],"texture":"#0"},"east":{"uv":[6.5,6.75,7,7],"texture":"#0"},"south":{"uv":[2.25,8.25,2.5,8.5],"texture":"#0"},"west":{"uv":[6.75,6.5,7.25,6.75],"texture":"#0"},"up":{"uv":[7.25,0.75,7,0.25],"texture":"#0"},"down":{"uv":[2,7,1.75,7.5],"texture":"#0"}}},{"from":[7,25,18],"to":[8,26,20],"faces":{"north":{"uv":[8.25,2.25,8.5,2.5],"texture":"#0"},"east":{"uv":[7,1,7.5,1.25],"texture":"#0"},"south":{"uv":[2.5,8.25,2.75,8.5],"texture":"#0"},"west":{"uv":[3,7,3.5,7.25],"texture":"#0"},"up":{"uv":[2.25,7.5,2,7],"texture":"#0"},"down":{"uv":[3.75,7,3.5,7.5],"texture":"#0"}}},{"from":[7,24,19],"to":[8,25,21],"faces":{"north":{"uv":[8.25,2.5,8.5,2.75],"texture":"#0"},"east":{"uv":[3.75,7,4.25,7.25],"texture":"#0"},"south":{"uv":[2.75,8.25,3,8.5],"texture":"#0"},"west":{"uv":[7,4,7.5,4.25],"texture":"#0"},"up":{"uv":[4.5,7.5,4.25,7],"texture":"#0"},"down":{"uv":[5,7,4.75,7.5],"texture":"#0"}}},{"from":[7,23,20],"to":[8,24,22],"faces":{"north":{"uv":[8.25,2.75,8.5,3],"texture":"#0"},"east":{"uv":[7,4.25,7.5,4.5],"texture":"#0"},"south":{"uv":[3,8.25,3.25,8.5],"texture":"#0"},"west":{"uv":[7,5.25,7.5,5.5],"texture":"#0"},"up":{"uv":[5.25,7.5,5,7],"texture":"#0"},"down":{"uv":[6,7,5.75,7.5],"texture":"#0"}}},{"from":[7,23,22],"to":[8,24,24],"faces":{"north":{"uv":[8.25,3,8.5,3.25],"texture":"#0"},"east":{"uv":[7,5.5,7.5,5.75],"texture":"#0"},"south":{"uv":[3.25,8.25,3.5,8.5],"texture":"#0"},"west":{"uv":[7,6,7.5,6.25],"texture":"#0"},"up":{"uv":[6.25,7.5,6,7],"texture":"#0"},"down":{"uv":[6.75,7,6.5,7.5],"texture":"#0"}}},{"from":[7,22,22],"to":[8,23,23],"faces":{"north":{"uv":[8.25,3.25,8.5,3.5],"texture":"#0"},"east":{"uv":[7,6.25,7.5,6.5],"texture":"#0"},"south":{"uv":[3.5,8.25,3.75,8.5],"texture":"#0"},"west":{"uv":[6.75,7,7.25,7.25],"texture":"#0"},"up":{"uv":[0.25,7.75,0,7.25],"texture":"#0"},"down":{"uv":[7.5,0,7.25,0.5],"texture":"#0"}}},{"from":[7,22,23],"to":[8,23,25],"faces":{"north":{"uv":[8.25,3.5,8.5,3.75],"texture":"#0"},"east":{"uv":[7,6.75,7.5,7],"texture":"#0"},"south":{"uv":[3.75,8.25,4,8.5],"texture":"#0"},"west":{"uv":[0.25,7.25,0.75,7.5],"texture":"#0"},"up":{"uv":[7.5,1,7.25,0.5],"texture":"#0"},"down":{"uv":[1,7.25,0.75,7.75],"texture":"#0"}}},{"from":[7,21,23],"to":[8,22,24],"faces":{"north":{"uv":[8.25,3.75,8.5,4],"texture":"#0"},"east":{"uv":[1,7.25,1.5,7.5],"texture":"#0"},"south":{"uv":[4,8.25,4.25,8.5],"texture":"#0"},"west":{"uv":[7.25,1.25,7.75,1.5],"texture":"#0"},"up":{"uv":[1.75,7.75,1.5,7.25],"texture":"#0"},"down":{"uv":[7.5,1.5,7.25,2],"texture":"#0"}}},{"from":[7,21,24],"to":[8,22,26],"faces":{"north":{"uv":[8.25,4,8.5,4.25],"texture":"#0"},"east":{"uv":[7.25,2,7.75,2.25],"texture":"#0"},"south":{"uv":[4.25,8.25,4.5,8.5],"texture":"#0"},"west":{"uv":[2.25,7.25,2.75,7.5],"texture":"#0"},"up":{"uv":[7.5,2.75,7.25,2.25],"texture":"#0"},"down":{"uv":[3,7.25,2.75,7.75],"texture":"#0"}}},{"from":[7,20,25],"to":[8,21,26],"faces":{"north":{"uv":[8.25,4.25,8.5,4.5],"texture":"#0"},"east":{"uv":[4.5,8.25,4.75,8.5],"texture":"#0"},"south":{"uv":[8.25,4.5,8.5,4.75],"texture":"#0"},"west":{"uv":[4.75,8.25,5,8.5],"texture":"#0"},"up":{"uv":[8.5,5,8.25,4.75],"texture":"#0"},"down":{"uv":[5.25,8.25,5,8.5],"texture":"#0"}}},{"from":[7,25,20],"to":[8,26,22],"faces":{"north":{"uv":[8.25,5,8.5,5.25],"texture":"#0"},"east":{"uv":[7.25,2.75,7.75,3],"texture":"#0"},"south":{"uv":[5.25,8.25,5.5,8.5],"texture":"#0"},"west":{"uv":[3,7.25,3.5,7.5],"texture":"#0"},"up":{"uv":[7.5,3.5,7.25,3],"texture":"#0"},"down":{"uv":[7.5,3.5,7.25,4],"texture":"#0"}}},{"from":[7,24,21],"to":[8,25,23],"faces":{"north":{"uv":[8.25,5.25,8.5,5.5],"texture":"#0"},"east":{"uv":[3.75,7.25,4.25,7.5],"texture":"#0"},"south":{"uv":[5.5,8.25,5.75,8.5],"texture":"#0"},"west":{"uv":[7.25,4.5,7.75,4.75],"texture":"#0"},"up":{"uv":[4.75,7.75,4.5,7.25],"texture":"#0"},"down":{"uv":[7.5,4.75,7.25,5.25],"texture":"#0"}}},{"from":[7,26,19],"to":[8,27,21],"faces":{"north":{"uv":[8.25,5.5,8.5,5.75],"texture":"#0"},"east":{"uv":[5.25,7.25,5.75,7.5],"texture":"#0"},"south":{"uv":[5.75,8.25,6,8.5],"texture":"#0"},"west":{"uv":[7.25,5.75,7.75,6],"texture":"#0"},"up":{"uv":[6.5,7.75,6.25,7.25],"texture":"#0"},"down":{"uv":[7,7.25,6.75,7.75],"texture":"#0"}}},{"from":[7,27,18],"to":[8,28,20],"faces":{"north":{"uv":[8.25,5.75,8.5,6],"texture":"#0"},"east":{"uv":[7.25,6.5,7.75,6.75],"texture":"#0"},"south":{"uv":[6,8.25,6.25,8.5],"texture":"#0"},"west":{"uv":[7,7.25,7.5,7.5],"texture":"#0"},"up":{"uv":[7.75,0.5,7.5,0],"texture":"#0"},"down":{"uv":[0.5,7.5,0.25,8],"texture":"#0"}}},{"from":[7,28,17],"to":[8,29,19],"faces":{"north":{"uv":[8.25,6,8.5,6.25],"texture":"#0"},"east":{"uv":[7.25,7,7.75,7.25],"texture":"#0"},"south":{"uv":[6.25,8.25,6.5,8.5],"texture":"#0"},"west":{"uv":[7.5,0.5,8,0.75],"texture":"#0"},"up":{"uv":[0.75,8,0.5,7.5],"texture":"#0"},"down":{"uv":[7.75,0.75,7.5,1.25],"texture":"#0"}}},{"from":[7,29,16],"to":[8,30,18],"faces":{"north":{"uv":[8.25,6.25,8.5,6.5],"texture":"#0"},"east":{"uv":[1,7.5,1.5,7.75],"texture":"#0"},"south":{"uv":[6.5,8.25,6.75,8.5],"texture":"#0"},"west":{"uv":[7.5,1.5,8,1.75],"texture":"#0"},"up":{"uv":[2,8,1.75,7.5],"texture":"#0"},"down":{"uv":[2.25,7.5,2,8],"texture":"#0"}}},{"from":[7,30,13],"to":[8,31,15],"faces":{"north":{"uv":[8.25,6.5,8.5,6.75],"texture":"#0"},"east":{"uv":[7.5,1.75,8,2],"texture":"#0"},"south":{"uv":[6.75,8.25,7,8.5],"texture":"#0"},"west":{"uv":[2.25,7.5,2.75,7.75],"texture":"#0"},"up":{"uv":[7.75,2.75,7.5,2.25],"texture":"#0"},"down":{"uv":[3.25,7.5,3,8],"texture":"#0"}}},{"from":[7,29,-2],"to":[8,31,-1],"rotation":{"angle":0,"axis":"y","origin":[0,16,0]},"faces":{"north":{"uv":[7.5,3,7.75,3.5],"texture":"#0"},"east":{"uv":[3.25,7.5,3.5,8],"texture":"#0"},"south":{"uv":[3.5,7.5,3.75,8],"texture":"#0"},"west":{"uv":[7.5,3.5,7.75,4],"texture":"#0"},"up":{"uv":[8.5,7,8.25,6.75],"texture":"#0"},"down":{"uv":[7.25,8.25,7,8.5],"texture":"#0"}}},{"from":[6,29,-1],"to":[9,30,0],"rotation":{"angle":0,"axis":"y","origin":[0,16,0]},"faces":{"north":{"uv":[5.75,3.75,6.5,4],"texture":"#0"},"east":{"uv":[8.25,7,8.5,7.25],"texture":"#0"},"south":{"uv":[5.75,4,6.5,4.25],"texture":"#0"},"west":{"uv":[7.25,8.25,7.5,8.5],"texture":"#0"},"up":{"uv":[5.25,6,4.5,5.75],"texture":"#0"},"down":{"uv":[6,5.75,5.25,6],"texture":"#0"}}},{"from":[6,30,-1],"to":[9,31,0],"rotation":{"angle":0,"axis":"y","origin":[0,16,0]},"faces":{"north":{"uv":[6,0,6.75,0.25],"texture":"#0"},"east":{"uv":[8.25,7.25,8.5,7.5],"texture":"#0"},"south":{"uv":[6,0.25,6.75,0.5],"texture":"#0"},"west":{"uv":[7.5,8.25,7.75,8.5],"texture":"#0"},"up":{"uv":[6.75,0.75,6,0.5],"texture":"#0"},"down":{"uv":[6.75,0.75,6,1],"texture":"#0"}}},{"from":[6,27,4],"to":[9,28,5],"rotation":{"angle":0,"axis":"y","origin":[0,16,0]},"faces":{"north":{"uv":[1.5,6,2.25,6.25],"texture":"#0"},"east":{"uv":[8.25,7.5,8.5,7.75],"texture":"#0"},"south":{"uv":[2.25,6,3,6.25],"texture":"#0"},"west":{"uv":[7.75,8.25,8,8.5],"texture":"#0"},"up":{"uv":[3.75,6.25,3,6],"texture":"#0"},"down":{"uv":[4.5,6,3.75,6.25],"texture":"#0"}}},{"from":[6,28,2],"to":[9,30,3],"rotation":{"angle":0,"axis":"y","origin":[0,16,0]},"faces":{"north":{"uv":[3.5,0.75,4.25,1.25],"texture":"#0"},"east":{"uv":[3.75,7.5,4,8],"texture":"#0"},"south":{"uv":[1.5,3.5,2.25,4],"texture":"#0"},"west":{"uv":[4,7.5,4.25,8],"texture":"#0"},"up":{"uv":[5.25,6.25,4.5,6],"texture":"#0"},"down":{"uv":[6.75,4.5,6,4.75],"texture":"#0"}}},{"from":[6,27,3],"to":[9,29,4],"rotation":{"angle":0,"axis":"y","origin":[0,16,0]},"faces":{"north":{"uv":[2.25,3.5,3,4],"texture":"#0"},"east":{"uv":[7.5,4,7.75,4.5],"texture":"#0"},"south":{"uv":[3.75,1.25,4.5,1.75],"texture":"#0"},"west":{"uv":[4.25,7.5,4.5,8],"texture":"#0"},"up":{"uv":[6,6.25,5.25,6],"texture":"#0"},"down":{"uv":[6.75,5.75,6,6],"texture":"#0"}}},{"from":[6,29,1],"to":[9,31,2],"rotation":{"angle":0,"axis":"y","origin":[0,16,0]},"faces":{"north":{"uv":[3.75,1.75,4.5,2.25],"texture":"#0"},"east":{"uv":[4.75,7.5,5,8],"texture":"#0"},"south":{"uv":[3.75,2.25,4.5,2.75],"texture":"#0"},"west":{"uv":[7.5,4.75,7.75,5.25],"texture":"#0"},"up":{"uv":[6.75,6.25,6,6],"texture":"#0"},"down":{"uv":[7,1,6.25,1.25],"texture":"#0"}}},{"from":[5,31,1],"to":[10,32,2],"rotation":{"angle":0,"axis":"y","origin":[0,16,0]},"faces":{"north":{"uv":[4.25,0,5.5,0.25],"texture":"#0"},"east":{"uv":[8.25,7.75,8.5,8],"texture":"#0"},"south":{"uv":[4.25,0.25,5.5,0.5],"texture":"#0"},"west":{"uv":[8,8.25,8.25,8.5],"texture":"#0"},"up":{"uv":[5.5,0.75,4.25,0.5],"texture":"#0"},"down":{"uv":[5.5,0.75,4.25,1],"texture":"#0"}}},{"from":[5,30,0],"to":[10,31,1],"rotation":{"angle":0,"axis":"y","origin":[0,16,0]},"faces":{"north":{"uv":[4.25,1,5.5,1.25],"texture":"#0"},"east":{"uv":[8.25,8,8.5,8.25],"texture":"#0"},"south":{"uv":[3,4.25,4.25,4.5],"texture":"#0"},"west":{"uv":[8.25,8.25,8.5,8.5],"texture":"#0"},"up":{"uv":[5.5,4.5,4.25,4.25],"texture":"#0"},"down":{"uv":[5.75,1.25,4.5,1.5],"texture":"#0"}}},{"from":[5,29,0],"to":[10,30,1],"rotation":{"angle":0,"axis":"y","origin":[0,16,0]},"faces":{"north":{"uv":[1.5,4.5,2.75,4.75],"texture":"#0"},"east":{"uv":[0,8.5,0.25,8.75],"texture":"#0"},"south":{"uv":[4.5,1.5,5.75,1.75],"texture":"#0"},"west":{"uv":[8.5,0,8.75,0.25],"texture":"#0"},"up":{"uv":[5.75,2,4.5,1.75],"texture":"#0"},"down":{"uv":[5.75,2,4.5,2.25],"texture":"#0"}}},{"from":[5,28,1],"to":[6,29,2],"rotation":{"angle":0,"axis":"y","origin":[0,16,0]},"faces":{"north":{"uv":[0.25,8.5,0.5,8.75],"texture":"#0"},"east":{"uv":[8.5,0.25,8.75,0.5],"texture":"#0"},"south":{"uv":[0.5,8.5,0.75,8.75],"texture":"#0"},"west":{"uv":[8.5,0.5,8.75,0.75],"texture":"#0"},"up":{"uv":[1,8.75,0.75,8.5],"texture":"#0"},"down":{"uv":[8.75,0.75,8.5,1],"texture":"#0"}}},{"from":[9,28,1],"to":[10,29,2],"rotation":{"angle":0,"axis":"y","origin":[0,16,0]},"faces":{"north":{"uv":[1,8.5,1.25,8.75],"texture":"#0"},"east":{"uv":[8.5,1,8.75,1.25],"texture":"#0"},"south":{"uv":[1.25,8.5,1.5,8.75],"texture":"#0"},"west":{"uv":[8.5,1.25,8.75,1.5],"texture":"#0"},"up":{"uv":[1.75,8.75,1.5,8.5],"texture":"#0"},"down":{"uv":[8.75,1.5,8.5,1.75],"texture":"#0"}}},{"from":[9,27,2],"to":[10,28,3],"rotation":{"angle":0,"axis":"y","origin":[0,16,0]},"faces":{"north":{"uv":[1.75,8.5,2,8.75],"texture":"#0"},"east":{"uv":[8.5,1.75,8.75,2],"texture":"#0"},"south":{"uv":[2,8.5,2.25,8.75],"texture":"#0"},"west":{"uv":[8.5,2,8.75,2.25],"texture":"#0"},"up":{"uv":[2.5,8.75,2.25,8.5],"texture":"#0"},"down":{"uv":[8.75,2.25,8.5,2.5],"texture":"#0"}}},{"from":[5,27,2],"to":[6,28,3],"rotation":{"angle":0,"axis":"y","origin":[0,16,0]},"faces":{"north":{"uv":[2.5,8.5,2.75,8.75],"texture":"#0"},"east":{"uv":[8.5,2.5,8.75,2.75],"texture":"#0"},"south":{"uv":[2.75,8.5,3,8.75],"texture":"#0"},"west":{"uv":[8.5,2.75,8.75,3],"texture":"#0"},"up":{"uv":[3.25,8.75,3,8.5],"texture":"#0"},"down":{"uv":[8.75,3,8.5,3.25],"texture":"#0"}}},{"from":[5,26,3],"to":[6,27,6],"rotation":{"angle":0,"axis":"y","origin":[0,16,0]},"faces":{"north":{"uv":[3.25,8.5,3.5,8.75],"texture":"#0"},"east":{"uv":[1.5,6.25,2.25,6.5],"texture":"#0"},"south":{"uv":[8.5,3.25,8.75,3.5],"texture":"#0"},"west":{"uv":[2.25,6.25,3,6.5],"texture":"#0"},"up":{"uv":[3.25,7,3,6.25],"texture":"#0"},"down":{"uv":[3.5,6.25,3.25,7],"texture":"#0"}}},{"from":[9,26,3],"to":[10,27,6],"rotation":{"angle":0,"axis":"y","origin":[0,16,0]},"faces":{"north":{"uv":[3.5,8.5,3.75,8.75],"texture":"#0"},"east":{"uv":[3.5,6.25,4.25,6.5],"texture":"#0"},"south":{"uv":[8.5,3.5,8.75,3.75],"texture":"#0"},"west":{"uv":[4.25,6.25,5,6.5],"texture":"#0"},"up":{"uv":[6.5,5.5,6.25,4.75],"texture":"#0"},"down":{"uv":[5.25,6.25,5,7],"texture":"#0"}}},{"from":[7,22,-2],"to":[8,24,-1],"faces":{"north":{"uv":[5,7.5,5.25,8],"texture":"#0"},"east":{"uv":[5.25,7.5,5.5,8],"texture":"#0"},"south":{"uv":[7.5,5.25,7.75,5.75],"texture":"#0"},"west":{"uv":[5.5,7.5,5.75,8],"texture":"#0"},"up":{"uv":[4,8.75,3.75,8.5],"texture":"#0"},"down":{"uv":[8.75,3.75,8.5,4],"texture":"#0"}}},{"from":[6,23,-1],"to":[9,24,0],"faces":{"north":{"uv":[6.25,4.25,7,4.5],"texture":"#0"},"east":{"uv":[4,8.5,4.25,8.75],"texture":"#0"},"south":{"uv":[5.25,6.25,6,6.5],"texture":"#0"},"west":{"uv":[8.5,4,8.75,4.25],"texture":"#0"},"up":{"uv":[7,5.75,6.25,5.5],"texture":"#0"},"down":{"uv":[6.75,6.25,6,6.5],"texture":"#0"}}},{"from":[6,22,-1],"to":[9,23,0],"faces":{"north":{"uv":[6.5,1.25,7.25,1.5],"texture":"#0"},"east":{"uv":[4.25,8.5,4.5,8.75],"texture":"#0"},"south":{"uv":[1.5,6.5,2.25,6.75],"texture":"#0"},"west":{"uv":[8.5,4.25,8.75,4.5],"texture":"#0"},"up":{"uv":[7.25,1.75,6.5,1.5],"texture":"#0"},"down":{"uv":[7.25,1.75,6.5,2],"texture":"#0"}}},{"from":[6,25,4],"to":[9,26,5],"faces":{"north":{"uv":[6.5,2,7.25,2.25],"texture":"#0"},"east":{"uv":[4.5,8.5,4.75,8.75],"texture":"#0"},"south":{"uv":[2.25,6.5,3,6.75],"texture":"#0"},"west":{"uv":[8.5,4.5,8.75,4.75],"texture":"#0"},"up":{"uv":[7.25,2.5,6.5,2.25],"texture":"#0"},"down":{"uv":[7.25,2.5,6.5,2.75],"texture":"#0"}}},{"from":[6,23,2],"to":[9,25,3],"faces":{"north":{"uv":[3.75,2.75,4.5,3.25],"texture":"#0"},"east":{"uv":[5.75,7.5,6,8],"texture":"#0"},"south":{"uv":[3,3.75,3.75,4.25],"texture":"#0"},"west":{"uv":[6,7.5,6.25,8],"texture":"#0"},"up":{"uv":[7.25,3,6.5,2.75],"texture":"#0"},"down":{"uv":[7.25,3,6.5,3.25],"texture":"#0"}}},{"from":[6,24,3],"to":[9,26,4],"faces":{"north":{"uv":[3.75,3.25,4.5,3.75],"texture":"#0"},"east":{"uv":[7.5,6,7.75,6.5],"texture":"#0"},"south":{"uv":[3.75,3.75,4.5,4.25],"texture":"#0"},"west":{"uv":[6.5,7.5,6.75,8],"texture":"#0"},"up":{"uv":[7.25,3.5,6.5,3.25],"texture":"#0"},"down":{"uv":[4.25,6.5,3.5,6.75],"texture":"#0"}}},{"from":[6,22,1],"to":[9,24,2],"faces":{"north":{"uv":[1.5,4,2.25,4.5],"texture":"#0"},"east":{"uv":[7,7.5,7.25,8],"texture":"#0"},"south":{"uv":[2.25,4,3,4.5],"texture":"#0"},"west":{"uv":[7.25,7.5,7.5,8],"texture":"#0"},"up":{"uv":[7.25,3.75,6.5,3.5],"texture":"#0"},"down":{"uv":[7.25,3.75,6.5,4],"texture":"#0"}}},{"from":[5,21,1],"to":[10,22,2],"faces":{"north":{"uv":[4.5,2.25,5.75,2.5],"texture":"#0"},"east":{"uv":[4.75,8.5,5,8.75],"texture":"#0"},"south":{"uv":[4.5,2.5,5.75,2.75],"texture":"#0"},"west":{"uv":[8.5,4.75,8.75,5],"texture":"#0"},"up":{"uv":[4,4.75,2.75,4.5],"texture":"#0"},"down":{"uv":[5.75,2.75,4.5,3],"texture":"#0"}}},{"from":[5,22,0],"to":[10,23,1],"faces":{"north":{"uv":[4.5,3,5.75,3.25],"texture":"#0"},"east":{"uv":[5,8.5,5.25,8.75],"texture":"#0"},"south":{"uv":[4.5,3.25,5.75,3.5],"texture":"#0"},"west":{"uv":[8.5,5,8.75,5.25],"texture":"#0"},"up":{"uv":[5.75,3.75,4.5,3.5],"texture":"#0"},"down":{"uv":[5.75,3.75,4.5,4],"texture":"#0"}}},{"from":[5,23,0],"to":[10,24,1],"faces":{"north":{"uv":[4,4.5,5.25,4.75],"texture":"#0"},"east":{"uv":[5.25,8.5,5.5,8.75],"texture":"#0"},"south":{"uv":[4.5,4,5.75,4.25],"texture":"#0"},"west":{"uv":[8.5,5.25,8.75,5.5],"texture":"#0"},"up":{"uv":[2.75,5,1.5,4.75],"texture":"#0"},"down":{"uv":[4,4.75,2.75,5],"texture":"#0"}}},{"from":[5,24,1],"to":[6,25,2],"faces":{"north":{"uv":[5.5,8.5,5.75,8.75],"texture":"#0"},"east":{"uv":[8.5,5.5,8.75,5.75],"texture":"#0"},"south":{"uv":[5.75,8.5,6,8.75],"texture":"#0"},"west":{"uv":[8.5,5.75,8.75,6],"texture":"#0"},"up":{"uv":[6.25,8.75,6,8.5],"texture":"#0"},"down":{"uv":[8.75,6,8.5,6.25],"texture":"#0"}}},{"from":[9,24,1],"to":[10,25,2],"faces":{"north":{"uv":[6.25,8.5,6.5,8.75],"texture":"#0"},"east":{"uv":[8.5,6.25,8.75,6.5],"texture":"#0"},"south":{"uv":[6.5,8.5,6.75,8.75],"texture":"#0"},"west":{"uv":[8.5,6.5,8.75,6.75],"texture":"#0"},"up":{"uv":[7,8.75,6.75,8.5],"texture":"#0"},"down":{"uv":[8.75,6.75,8.5,7],"texture":"#0"}}},{"from":[9,25,2],"to":[10,26,3],"faces":{"north":{"uv":[7,8.5,7.25,8.75],"texture":"#0"},"east":{"uv":[8.5,7,8.75,7.25],"texture":"#0"},"south":{"uv":[7.25,8.5,7.5,8.75],"texture":"#0"},"west":{"uv":[8.5,7.25,8.75,7.5],"texture":"#0"},"up":{"uv":[7.75,8.75,7.5,8.5],"texture":"#0"},"down":{"uv":[8.75,7.5,8.5,7.75],"texture":"#0"}}},{"from":[5,25,2],"to":[6,26,3],"faces":{"north":{"uv":[7.75,8.5,8,8.75],"texture":"#0"},"east":{"uv":[8.5,7.75,8.75,8],"texture":"#0"},"south":{"uv":[8,8.5,8.25,8.75],"texture":"#0"},"west":{"uv":[8.5,8,8.75,8.25],"texture":"#0"},"up":{"uv":[8.5,8.75,8.25,8.5],"texture":"#0"},"down":{"uv":[8.75,8.25,8.5,8.5],"texture":"#0"}}},{"from":[23,12,-6],"to":[26,15,-3],"rotation":{"angle":45,"axis":"z","origin":[0,0,0]},"faces":{"north":{"uv":[0,0,3,3],"texture":"#1"},"east":{"uv":[0,3,3,6],"texture":"#1"},"south":{"uv":[3,0,6,3],"texture":"#1"},"west":{"uv":[3,3,6,6],"texture":"#1"},"up":{"uv":[3,9,0,6],"texture":"#1"},"down":{"uv":[9,0,6,3],"texture":"#1"}}},{"from":[22,14,-2],"to":[24,16,0],"rotation":{"angle":45,"axis":"z","origin":[0,0,0]},"faces":{"north":{"uv":[3,6,5,8],"texture":"#1"},"east":{"uv":[6,3,8,5],"texture":"#1"},"south":{"uv":[5,6,7,8],"texture":"#1"},"west":{"uv":[7,5,9,7],"texture":"#1"},"up":{"uv":[9,9,7,7],"texture":"#1"},"down":{"uv":[5,8,3,10],"texture":"#1"}}},{"from":[25,11,-2],"to":[27,13,0],"rotation":{"angle":45,"axis":"z","origin":[0,0,0]},"faces":{"north":{"uv":[8,3,10,5],"texture":"#1"},"east":{"uv":[5,8,7,10],"texture":"#1"},"south":{"uv":[0,9,2,11],"texture":"#1"},"west":{"uv":[9,0,11,2],"texture":"#1"},"up":{"uv":[11,7,9,5],"texture":"#1"},"down":{"uv":[9,9,7,11],"texture":"#1"}}},{"from":[8,16,5],"to":[10,18,6],"rotation":{"angle":0,"axis":"y","origin":[17,18,-6]},"faces":{"north":{"uv":[4,4.75,4.5,5.25],"texture":"#0"},"east":{"uv":[7.5,7.25,7.75,7.75],"texture":"#0"},"south":{"uv":[4.5,4.75,5,5.25],"texture":"#0"},"west":{"uv":[0,7.75,0.25,8.25],"texture":"#0"},"up":{"uv":[8,7,7.5,6.75],"texture":"#0"},"down":{"uv":[8.25,0,7.75,0.25],"texture":"#0"}}},{"from":[6,30,6],"to":[9,31,9],"rotation":{"angle":0,"axis":"y","origin":[17,18,-6]},"faces":{"north":{"uv":[8.25,0,7.75,0.25],"rotation":180,"texture":"#0"},"east":{"uv":[7.5,7.25,7.75,7.75],"rotation":270,"texture":"#0"},"south":{"uv":[8,7,7.5,6.75],"texture":"#0"},"west":{"uv":[0,7.75,0.25,8.25],"rotation":90,"texture":"#0"},"up":{"uv":[4,4.75,4.5,5.25],"rotation":180,"texture":"#0"},"down":{"uv":[4.5,4.75,5,5.25],"texture":"#0"}}},{"from":[6,24,5],"to":[9,27,10],"faces":{"north":{"uv":[2.75,0,3.5,0.75],"texture":"#0"},"east":{"uv":[1.5,0,2.75,0.75],"texture":"#0"},"south":{"uv":[2.75,0.75,3.5,1.5],"texture":"#0"},"west":{"uv":[1.5,0.75,2.75,1.5],"texture":"#0"},"up":{"uv":[2.25,2.75,1.5,1.5],"texture":"#0"},"down":{"uv":[3,1.5,2.25,2.75],"texture":"#0"}}},{"from":[8,19,9],"to":[10,21,10],"rotation":{"angle":0,"axis":"y","origin":[17,18,-6]},"faces":{"north":{"uv":[1.5,5,2,5.5],"texture":"#0"},"east":{"uv":[0.75,7.75,1,8.25],"texture":"#0"},"south":{"uv":[2,5,2.5,5.5],"texture":"#0"},"west":{"uv":[7.75,0.75,8,1.25],"texture":"#0"},"up":{"uv":[8.25,0.5,7.75,0.25],"texture":"#0"},"down":{"uv":[1.5,7.75,1,8],"texture":"#0"}}},{"from":[5,19,5],"to":[7,21,6],"rotation":{"angle":0,"axis":"y","origin":[17,18,-6]},"faces":{"north":{"uv":[2.5,5,3,5.5],"texture":"#0"},"east":{"uv":[1.5,7.75,1.75,8.25],"texture":"#0"},"south":{"uv":[3,5,3.5,5.5],"texture":"#0"},"west":{"uv":[7.75,2,8,2.5],"texture":"#0"},"up":{"uv":[8.25,1.5,7.75,1.25],"texture":"#0"},"down":{"uv":[2.75,7.75,2.25,8],"texture":"#0"}}},{"from":[5,16,9],"to":[7,18,10],"rotation":{"angle":0,"axis":"y","origin":[17,18,-6]},"faces":{"north":{"uv":[3.5,5,4,5.5],"texture":"#0"},"east":{"uv":[7.75,2.5,8,3],"texture":"#0"},"south":{"uv":[5,4.75,5.5,5.25],"texture":"#0"},"west":{"uv":[2.75,7.75,3,8.25],"texture":"#0"},"up":{"uv":[8.25,3.25,7.75,3],"texture":"#0"},"down":{"uv":[8.25,3.25,7.75,3.5],"texture":"#0"}}},{"from":[5,19,8],"to":[6,21,10],"rotation":{"angle":0,"axis":"y","origin":[1,-2,-2]},"faces":{"north":{"uv":[7.75,3.5,8,4],"texture":"#0"},"east":{"uv":[4,5.25,4.5,5.75],"texture":"#0"},"south":{"uv":[7.75,4,8,4.5],"texture":"#0"},"west":{"uv":[4.5,5.25,5,5.75],"texture":"#0"},"up":{"uv":[4.75,8.25,4.5,7.75],"texture":"#0"},"down":{"uv":[8,4.5,7.75,5],"texture":"#0"}}},{"from":[8,17,13],"to":[9,19,15],"rotation":{"angle":22.5,"axis":"y","origin":[1,-2,-2]},"faces":{"north":{"uv":[7.75,3.5,8,4],"texture":"#0"},"east":{"uv":[4,5.25,4.5,5.75],"texture":"#0"},"south":{"uv":[7.75,4,8,4.5],"texture":"#0"},"west":{"uv":[4.5,5.25,5,5.75],"texture":"#0"},"up":{"uv":[4.75,8.25,4.5,7.75],"texture":"#0"},"down":{"uv":[8,4.5,7.75,5],"texture":"#0"}}},{"from":[5,23,12],"to":[6,25,14],"rotation":{"angle":22.5,"axis":"y","origin":[1,-2,-2]},"faces":{"north":{"uv":[7.75,3.5,8,4],"texture":"#0"},"east":{"uv":[4,5.25,4.5,5.75],"texture":"#0"},"south":{"uv":[7.75,4,8,4.5],"texture":"#0"},"west":{"uv":[4.5,5.25,5,5.75],"texture":"#0"},"up":{"uv":[4.75,8.25,4.5,7.75],"texture":"#0"},"down":{"uv":[8,4.5,7.75,5],"texture":"#0"}}},{"from":[7,15,5],"to":[8,17,7],"rotation":{"angle":22.5,"axis":"y","origin":[1,-2,-2]},"faces":{"north":{"uv":[7.75,3.5,8,4],"texture":"#0"},"east":{"uv":[4,5.25,4.5,5.75],"texture":"#0"},"south":{"uv":[7.75,4,8,4.5],"texture":"#0"},"west":{"uv":[4.5,5.25,5,5.75],"texture":"#0"},"up":{"uv":[4.75,8.25,4.5,7.75],"texture":"#0"},"down":{"uv":[8,4.5,7.75,5],"texture":"#0"}}},{"from":[8,9,8],"to":[9,11,10],"rotation":{"angle":22.5,"axis":"z","origin":[1,-2,-2]},"faces":{"north":{"uv":[7.75,4,8,4.5],"texture":"#0"},"east":{"uv":[4.5,5.25,5,5.75],"texture":"#0"},"south":{"uv":[7.75,3.5,8,4],"texture":"#0"},"west":{"uv":[4,5.25,4.5,5.75],"texture":"#0"},"up":{"uv":[4.75,8.25,4.5,7.75],"rotation":180,"texture":"#0"},"down":{"uv":[8,4.5,7.75,5],"rotation":180,"texture":"#0"}}},{"from":[7,5,-3],"to":[8,7,-1],"rotation":{"angle":-22.5,"axis":"y","origin":[1,-2,-2]},"faces":{"north":{"uv":[7.75,4,8,4.5],"texture":"#0"},"east":{"uv":[4.5,5.25,5,5.75],"texture":"#0"},"south":{"uv":[7.75,3.5,8,4],"texture":"#0"},"west":{"uv":[4,5.25,4.5,5.75],"texture":"#0"},"up":{"uv":[4.75,8.25,4.5,7.75],"rotation":180,"texture":"#0"},"down":{"uv":[8,4.5,7.75,5],"rotation":180,"texture":"#0"}}},{"from":[-6,6,10],"to":[-5,8,12],"rotation":{"angle":45,"axis":"y","origin":[1,-2,-2]},"faces":{"north":{"uv":[7.75,3.5,8,4],"texture":"#0"},"east":{"uv":[4,5.25,4.5,5.75],"texture":"#0"},"south":{"uv":[7.75,4,8,4.5],"texture":"#0"},"west":{"uv":[4.5,5.25,5,5.75],"texture":"#0"},"up":{"uv":[4.75,8.25,4.5,7.75],"texture":"#0"},"down":{"uv":[8,4.5,7.75,5],"texture":"#0"}}},{"from":[5,16,5],"to":[6,18,7],"rotation":{"angle":0,"axis":"y","origin":[1,-2,-2]},"faces":{"north":{"uv":[7.75,5,8,5.5],"texture":"#0"},"east":{"uv":[5,5.25,5.5,5.75],"texture":"#0"},"south":{"uv":[7.75,5.5,8,6],"texture":"#0"},"west":{"uv":[5.5,0,6,0.5],"texture":"#0"},"up":{"uv":[8,6.5,7.75,6],"texture":"#0"},"down":{"uv":[6.5,7.75,6.25,8.25],"texture":"#0"}}},{"from":[9,16,8],"to":[10,18,10],"faces":{"north":{"uv":[6.75,7.75,7,8.25],"texture":"#0"},"east":{"uv":[5.5,0.5,6,1],"texture":"#0"},"south":{"uv":[7.75,7,8,7.5],"texture":"#0"},"west":{"uv":[1.5,5.5,2,6],"texture":"#0"},"up":{"uv":[7.75,8.25,7.5,7.75],"texture":"#0"},"down":{"uv":[8,7.5,7.75,8],"texture":"#0"}}},{"from":[9,19,5],"to":[10,21,7],"faces":{"north":{"uv":[0.25,8,0.5,8.5],"texture":"#0"},"east":{"uv":[2,5.5,2.5,6],"texture":"#0"},"south":{"uv":[0.5,8,0.75,8.5],"texture":"#0"},"west":{"uv":[2.5,5.5,3,6],"texture":"#0"},"up":{"uv":[8.25,1,8,0.5],"texture":"#0"},"down":{"uv":[1.25,8,1,8.5],"texture":"#0"}}},{"from":[6,17,6],"to":[9,20,9],"faces":{"north":{"uv":[1.5,2.75,2.25,3.5],"texture":"#0"},"east":{"uv":[2.25,2.75,3,3.5],"texture":"#0"},"south":{"uv":[3,1.5,3.75,2.25],"texture":"#0"},"west":{"uv":[3,2.25,3.75,3],"texture":"#0"},"up":{"uv":[3.75,3.75,3,3],"texture":"#0"},"down":{"uv":[4.25,0,3.5,0.75],"texture":"#0"}}},{"from":[7,1,6.5],"to":[8,30,8.5],"faces":{"north":{"uv":[1,0,1.25,7.25],"texture":"#0"},"east":{"uv":[0,0,0.5,7.25],"texture":"#0"},"south":{"uv":[1.25,0,1.5,7.25],"texture":"#0"},"west":{"uv":[0.5,0,1,7.25],"texture":"#0"},"up":{"uv":[1.5,8.5,1.25,8],"texture":"#0"},"down":{"uv":[8.25,1.5,8,2],"texture":"#0"}}},{"from":[7,0,7],"to":[8,1,8],"faces":{"north":{"uv":[8.5,8.5,8.75,8.75],"texture":"#0"},"east":{"uv":[0,8.75,0.25,9],"texture":"#0"},"south":{"uv":[8.75,0,9,0.25],"texture":"#0"},"west":{"uv":[0.25,8.75,0.5,9],"texture":"#0"},"up":{"uv":[9,0.5,8.75,0.25],"texture":"#0"},"down":{"uv":[0.75,8.75,0.5,9],"texture":"#0"}}}],"display":{"thirdperson_righthand":{"rotation":[-166.5,1.77,-179.21],"translation":[-0.25,-2.75,1.25],"scale":[1,1.23828,1]},"thirdperson_lefthand":{"rotation":[-168.03,8.1,174.33],"translation":[1.5,-2.5,1],"scale":[1,1.11719,0.94727]},"firstperson_righthand":{"rotation":[172.1,-1.95,-176.03],"translation":[1.25,-1.25,-0.5],"scale":[1.02,1.02,1]},"firstperson_lefthand":{"rotation":[171.21,-4.39,-178.33],"translation":[1.25,0.25,-1.5]},"ground":{"rotation":[14.75,-80.19,102.51],"translation":[0,0,9]},"gui":{"rotation":[83.57,51.57,-84.94],"translation":[-5.25,-5.25,0],"scale":[1,0.62695,0.58398]},"fixed":{"rotation":[98.85,-47.2,96.51],"translation":[7.75,-7.75,-4.25]}}}