{"textures​":{"layer0":"minecraft:item/torchflower_seeds"},"credit":"Made with Blockbench","texture_size":[64,64],"\u0074\u0065\u0078\u0074\u0075\u0072\u0065\u0073":{"0":"\u0070\u006c\u0061\u0079\u0062\u006f\u0078_\u0063\u0068\u0065\u0072\u0072\u0079\u0062\u006c\u006f\u0073\u0073\u006f\u006d\u0066\u0075\u0072\u006e\u0069\u0074\u0075\u0072\u0065:\u006c\u0061\u006d\u0070","\u0070\u0061\u0072\u0074\u0069\u0063\u006c\u0065":"\u0070\u006c\u0061\u0079\u0062\u006f\u0078_\u0063\u0068\u0065\u0072\u0072\u0079\u0062\u006c\u006f\u0073\u0073\u006f\u006d\u0066\u0075\u0072\u006e\u0069\u0074\u0075\u0072\u0065:\u006c\u0061\u006d\u0070"},"elements":[{"from":[3,-12,7],"to":[13,-10,9],"rotation":{"angle":0,"axis":"y","origin":[7,0,7]},"faces":{"north":{"uv":[5.5,5,8,5.5],"texture":"#0"},"east":{"uv":[7,2,7.5,2.5],"texture":"#0"},"south":{"uv":[5.5,5.5,8,6],"texture":"#0"},"west":{"uv":[6.5,7,7,7.5],"texture":"#0"},"up":{"uv":[8,6.5,5.5,6],"texture":"#0"},"down":{"uv":[9,2.5,6.5,3],"texture":"#0"}}},{"from":[4,-10,8],"to":[12,-5,8],"rotation":{"angle":0,"axis":"y","origin":[7,0,7]},"faces":{"north":{"uv":[7,1.25,5,2.5],"texture":"#0"},"east":{"uv":[0,0,0,1.25],"texture":"#0"},"south":{"uv":[5,1.25,7,2.5],"texture":"#0"},"west":{"uv":[0,0,0,1.25],"texture":"#0"},"up":{"uv":[2,0,0,0],"texture":"#0"},"down":{"uv":[2,0,0,0],"texture":"#0"}}},{"from":[7,-12,3],"to":[9,-10,13],"rotation":{"angle":0,"axis":"y","origin":[8,-9.25,8]},"faces":{"north":{"uv":[7,2,7.5,2.5],"texture":"#0"},"east":{"uv":[5.5,5.5,8,6],"texture":"#0"},"south":{"uv":[6.5,7,7,7.5],"texture":"#0"},"west":{"uv":[5.5,5,8,5.5],"texture":"#0"},"up":{"uv":[8,6.5,5.5,6],"rotation":270,"texture":"#0"},"down":{"uv":[9,2.5,6.5,3],"rotation":90,"texture":"#0"}}},{"from":[8,-10,4],"to":[8,-5,12],"rotation":{"angle":0,"axis":"y","origin":[8,-9.25,8]},"faces":{"north":{"uv":[0,0,0,1.25],"texture":"#0"},"east":{"uv":[5,1.25,7,2.5],"texture":"#0"},"south":{"uv":[0,0,0,1.25],"texture":"#0"},"west":{"uv":[7,1.25,5,2.5],"texture":"#0"},"up":{"uv":[2,0,0,0],"rotation":270,"texture":"#0"},"down":{"uv":[2,0,0,0],"rotation":90,"texture":"#0"}}},{"from":[7,-10,7],"to":[9,30,9],"rotation":{"angle":0,"axis":"y","origin":[7,0,7]},"faces":{"north":{"uv":[0.5,3.25,1,13.25],"texture":"#0"},"east":{"uv":[0.5,3.25,1,13.25],"texture":"#0"},"south":{"uv":[0.5,3.25,1,13.25],"texture":"#0"},"west":{"uv":[0.5,3.25,1,13.25],"texture":"#0"},"up":{"uv":[7.5,7.5,7,7],"texture":"#0"},"down":{"uv":[4.5,7.25,4,7.75],"texture":"#0"}}},{"from":[7,30,0],"to":[9,32,14],"rotation":{"angle":0,"axis":"y","origin":[7,0,7]},"faces":{"north":{"uv":[4.5,7.25,5,7.75],"texture":"#0"},"east":{"uv":[5,4,8.5,4.5],"texture":"#0"},"south":{"uv":[7.5,0,8,0.5],"texture":"#0"},"west":{"uv":[5,4.5,8.5,5],"texture":"#0"},"up":{"uv":[5.5,8.5,5,5],"texture":"#0"},"down":{"uv":[4,5.25,3.5,8.75],"texture":"#0"}}},{"from":[8,27,2],"to":[8,30,4],"rotation":{"angle":0,"axis":"y","origin":[7,0,7]},"faces":{"north":{"uv":[0,0,0,0.75],"texture":"#0"},"east":{"uv":[5.5,7,6,7.75],"texture":"#0"},"south":{"uv":[0,0,0,0.75],"texture":"#0"},"west":{"uv":[6,7,5.5,7.75],"texture":"#0"},"up":{"uv":[0,0.5,0,0],"texture":"#0"},"down":{"uv":[0,0,0,0.5],"texture":"#0"}}},{"from":[6,26,1],"to":[10,27,5],"rotation":{"angle":0,"axis":"y","origin":[7,0,7]},"faces":{"north":{"uv":[7.5,0.5,8.5,0.75],"texture":"#0"},"east":{"uv":[7.5,0.75,8.5,1],"texture":"#0"},"south":{"uv":[7.5,1,8.5,1.25],"texture":"#0"},"west":{"uv":[7.5,1.25,8.5,1.5],"texture":"#0"},"up":{"uv":[5,6.25,4,5.25],"texture":"#0"},"down":{"uv":[5,6.25,4,7.25],"texture":"#0"}}},{"from":[6,18,1],"to":[10,19,5],"rotation":{"angle":0,"axis":"y","origin":[7,0,7]},"faces":{"north":{"uv":[2,7.5,3,7.75],"texture":"#0"},"east":{"uv":[7.5,2,8.5,2.25],"texture":"#0"},"south":{"uv":[7.5,2.25,8.5,2.5],"texture":"#0"},"west":{"uv":[7.5,3,8.5,3.25],"texture":"#0"},"up":{"uv":[3,7.5,2,6.5],"texture":"#0"},"down":{"uv":[7.5,3,6.5,4],"texture":"#0"}}},{"from":[7,12,3],"to":[9,18,3],"rotation":{"angle":0,"axis":"y","origin":[8,15,3]},"faces":{"north":{"uv":[3,6.5,3.5,8],"texture":"#0"},"east":{"uv":[0,0,0,1.5],"texture":"#0"},"south":{"uv":[3.5,6.5,3,8],"texture":"#0"},"west":{"uv":[0,0,0,1.5],"texture":"#0"},"up":{"uv":[0.5,0,0,0],"texture":"#0"},"down":{"uv":[0.5,0,0,0],"texture":"#0"}}},{"from":[5,19,0],"to":[11,26,6],"rotation":{"angle":0,"axis":"y","origin":[7,0,7]},"faces":{"north":{"uv":[2,3.25,3.5,5],"texture":"#0"},"east":{"uv":[2,3.25,3.5,5],"texture":"#0"},"south":{"uv":[2,3.25,3.5,5],"texture":"#0"},"west":{"uv":[2,3.25,3.5,5],"texture":"#0"},"up":{"uv":[3.5,6.5,2,5],"texture":"#0"},"down":{"uv":[6.5,2.5,5,4],"texture":"#0"}}},{"from":[0.25,29.75,0.5],"to":[7.25,30.75,13.5],"rotation":{"angle":22.5,"axis":"z","origin":[5,31,8]},"faces":{"north":{"uv":[7,1.5,8.75,1.75],"texture":"#0"},"east":{"uv":[5.5,6.5,8.75,6.75],"texture":"#0"},"south":{"uv":[7,1.75,8.75,2],"texture":"#0"},"west":{"uv":[5.5,6.75,8.75,7],"texture":"#0"},"up":{"uv":[1.75,3.25,0,0],"texture":"#0"},"down":{"uv":[3.5,0,1.75,3.25],"texture":"#0"}}},{"from":[8.75,29.75,0.5],"to":[15.75,30.75,13.5],"rotation":{"angle":-22.5,"axis":"z","origin":[11,31,8]},"faces":{"north":{"uv":[8.75,1.5,7,1.75],"texture":"#0"},"east":{"uv":[8.75,6.75,5.5,7],"texture":"#0"},"south":{"uv":[8.75,1.75,7,2],"texture":"#0"},"west":{"uv":[8.75,6.5,5.5,6.75],"texture":"#0"},"up":{"uv":[0,3.25,1.75,0],"texture":"#0"},"down":{"uv":[1.75,0,3.5,3.25],"texture":"#0"}}}],"display":{"thirdperson_righthand":{"scale":[0.49,0.49,0.49]},"thirdperson_lefthand":{"scale":[0.49,0.49,0.49]},"firstperson_righthand":{"scale":[0.5,0.5,0.5]},"firstperson_lefthand":{"scale":[0.5,0.5,0.5]},"ground":{"translation":[0,6.75,0],"scale":[0.23,0.23,0.23]},"gui":{"scale":[0.29,0.29,0.29]},"head":{"translation":[0,-11.25,0],"scale":[1.6,1.6,1.6]},"fixed":{"rotation":[-90,0,0],"translation":[0,0,-30],"scale":[1.6,1.6,1.6]}}}