{
	"credit": "Made by PolygonMC",
	"textures": {
		"1": "unicornfantasyset:animation_2",
		"2": "unicornfantasyset:fishing_rod_cast",
		"particle": "unicornfantasyset:fishing_rod_cast"
	},
	"elements": [
		{
			"from": [7.4, -0.1, 7.4],
			"to": [8.6, 1.1, 8.6],
			"rotation": {"angle": -45, "axis": "x", "origin": [8, 0.5, 8]},
			"faces": {
				"north": {"uv": [11, 7, 12.25, 8.25], "texture": "#2"},
				"east": {"uv": [11, 9, 12.25, 10.25], "texture": "#2"},
				"south": {"uv": [10, 11, 11.25, 12.25], "texture": "#2"},
				"west": {"uv": [12, 0, 13.25, 1.25], "texture": "#2"},
				"up": {"uv": [3.25, 13.25, 2, 12], "texture": "#2"},
				"down": {"uv": [13.25, 2, 12, 3.25], "texture": "#2"}
			}
		},
		{
			"from": [7.475, 4.65, 7.15],
			"to": [8.525, 6.35, 8.85],
			"rotation": {"angle": -45, "axis": "x", "origin": [8, 5.5, 8]},
			"faces": {
				"north": {"uv": [8, 10, 9, 11.75], "texture": "#2"},
				"east": {"uv": [9, 5, 10.75, 6.75], "texture": "#2"},
				"south": {"uv": [10, 9, 11, 10.75], "texture": "#2"},
				"west": {"uv": [9, 7, 10.75, 8.75], "texture": "#2"},
				"up": {"uv": [12, 1.75, 11, 0], "texture": "#2"},
				"down": {"uv": [12, 5, 11, 6.75], "texture": "#2"}
			}
		},
		{
			"from": [7.275, 4.85, 7.35],
			"to": [8.725, 6.15, 8.65],
			"rotation": {"angle": -45, "axis": "x", "origin": [8, 5.5, 8]},
			"faces": {
				"north": {"uv": [2, 10, 3.5, 11.25], "texture": "#2"},
				"east": {"uv": [4, 12, 5.25, 13.25], "texture": "#2"},
				"south": {"uv": [10, 3, 11.5, 4.25], "texture": "#2"},
				"west": {"uv": [12, 4, 13.25, 5.25], "texture": "#2"},
				"up": {"uv": [5.5, 11.25, 4, 10], "texture": "#2"},
				"down": {"uv": [7.5, 10, 6, 11.25], "texture": "#2"}
			}
		},
		{
			"from": [7.5, 0.8, 7.5],
			"to": [8.5, 1.8, 8.5],
			"rotation": {"angle": 0, "axis": "x", "origin": [8, 1.3, 8]},
			"faces": {
				"north": {"uv": [11, 2, 12, 3], "texture": "#2"},
				"east": {"uv": [12, 6, 13, 7], "texture": "#2"},
				"south": {"uv": [10, 13, 11, 14], "texture": "#2"},
				"west": {"uv": [13, 10, 14, 11], "texture": "#2"},
				"up": {"uv": [12, 14, 11, 13], "texture": "#2"},
				"down": {"uv": [14, 11, 13, 12], "texture": "#2"}
			}
		},
		{
			"from": [7.5, 3.8, 7.5],
			"to": [8.5, 4.8, 8.5],
			"rotation": {"angle": 0, "axis": "x", "origin": [8, 4.3, 8]},
			"faces": {
				"north": {"uv": [12, 13, 13, 14], "texture": "#2"},
				"east": {"uv": [13, 12, 14, 13], "texture": "#2"},
				"south": {"uv": [13, 13, 14, 14], "texture": "#2"},
				"west": {"uv": [14, 0, 15, 1], "texture": "#2"},
				"up": {"uv": [15, 2, 14, 1], "texture": "#2"},
				"down": {"uv": [3, 14, 2, 15], "texture": "#2"}
			}
		},
		{
			"from": [7.6, 1.8, 7.6],
			"to": [8.4, 3.8, 8.4],
			"rotation": {"angle": 0, "axis": "x", "origin": [8, 2.3, 8]},
			"faces": {
				"north": {"uv": [6, 12, 6.75, 14], "texture": "#2"},
				"east": {"uv": [7, 12, 7.75, 14], "texture": "#2"},
				"south": {"uv": [8, 12, 8.75, 14], "texture": "#2"},
				"west": {"uv": [9, 12, 9.75, 14], "texture": "#2"}
			}
		},
		{
			"from": [7.6, 4.8, 7.6],
			"to": [8.4, 5.8, 8.4],
			"rotation": {"angle": 0, "axis": "x", "origin": [8, 5.3, 8]},
			"faces": {
				"north": {"uv": [14, 5, 14.75, 6], "texture": "#2"},
				"east": {"uv": [6, 14, 6.75, 15], "texture": "#2"},
				"south": {"uv": [14, 6, 14.75, 7], "texture": "#2"},
				"west": {"uv": [7, 14, 7.75, 15], "texture": "#2"}
			}
		},
		{
			"from": [7.6, 6.8, 7.6],
			"to": [8.4, 11.8, 8.4],
			"rotation": {"angle": 0, "axis": "x", "origin": [8, 5.3, 8]},
			"faces": {
				"north": {"uv": [5, 5, 5.75, 10], "texture": "#2"},
				"east": {"uv": [6, 5, 6.75, 10], "texture": "#2"},
				"south": {"uv": [7, 5, 7.75, 10], "texture": "#2"},
				"west": {"uv": [8, 5, 8.75, 10], "texture": "#2"},
				"up": {"uv": [14.75, 7.75, 14, 7], "texture": "#2"}
			}
		},
		{
			"from": [7.605, 11.67925, 7.83293],
			"to": [8.395, 14.67925, 8.62293],
			"rotation": {"angle": -22.5, "axis": "x", "origin": [7.98, 11.17925, 8.20793]},
			"faces": {
				"north": {"uv": [9, 9, 9.75, 12], "texture": "#2"},
				"east": {"uv": [0, 10, 0.75, 13], "texture": "#2"},
				"south": {"uv": [10, 0, 10.75, 3], "texture": "#2"},
				"west": {"uv": [1, 10, 1.75, 13], "texture": "#2"},
				"up": {"uv": [8.75, 14.75, 8, 14], "texture": "#2"}
			}
		},
		{
			"from": [7.61, 13.86006, 5.52405],
			"to": [8.39, 15.86006, 6.30405],
			"rotation": {"angle": -45, "axis": "x", "origin": [8.005, 15.36006, 5.91905]},
			"faces": {
				"north": {"uv": [12, 11, 12.75, 13], "texture": "#2"},
				"east": {"uv": [0, 13, 0.75, 15], "texture": "#2"},
				"south": {"uv": [1, 13, 1.75, 15], "texture": "#2"},
				"west": {"uv": [13, 6, 13.75, 8], "texture": "#2"},
				"up": {"uv": [14.75, 8.75, 14, 8], "texture": "#2"}
			}
		},
		{
			"from": [8, 5.35, 8.15],
			"to": [8, 9.6, 13.15],
			"rotation": {"angle": 0, "axis": "x", "origin": [8.3, 5.85, 16.35]},
			"faces": {
				"north": {"uv": [0, 0, 0, 4.25], "texture": "#2"},
				"east": {"uv": [10, 0, 5, 4.25], "texture": "#2"},
				"south": {"uv": [0, 0, 0, 4.25], "texture": "#2"},
				"west": {"uv": [5, 0, 10, 4.25], "texture": "#2"},
				"up": {"uv": [0, 5, 0, 0], "texture": "#2"},
				"down": {"uv": [0, 0, 0, 5], "texture": "#2"}
			}
		},
		{
			"from": [7.5, 5.8, 7.5],
			"to": [8.5, 6.8, 8.5],
			"rotation": {"angle": 0, "axis": "y", "origin": [7.1, 3.6, 7.1]},
			"faces": {
				"north": {"uv": [14, 2, 15, 3], "texture": "#2"},
				"east": {"uv": [3, 14, 4, 15], "texture": "#2"},
				"south": {"uv": [14, 3, 15, 4], "texture": "#2"},
				"west": {"uv": [4, 14, 5, 15], "texture": "#2"},
				"up": {"uv": [15, 5, 14, 4], "texture": "#2"},
				"down": {"uv": [6, 14, 5, 15], "texture": "#2"}
			}
		},
		{
			"from": [7.5, 8.15, 6.5],
			"to": [8.5, 8.15, 8],
			"rotation": {"angle": 0, "axis": "y", "origin": [-0.5, 0.15, 0]},
			"faces": {
				"north": {"uv": [0, 0, 1, 0], "texture": "#2"},
				"east": {"uv": [0, 0, 1.5, 0], "texture": "#2"},
				"south": {"uv": [0, 0, 1, 0], "texture": "#2"},
				"west": {"uv": [0, 0, 1.5, 0], "texture": "#2"},
				"up": {"uv": [14, 9.5, 13, 8], "texture": "#2"},
				"down": {"uv": [13, 8, 14, 9.5], "texture": "#2"}
			}
		},
		{
			"from": [7.5, 10.125, 6.5],
			"to": [8.5, 10.125, 8],
			"rotation": {"angle": 0, "axis": "y", "origin": [-0.5, 2.125, 0]},
			"faces": {
				"north": {"uv": [0, 0, 1, 0], "texture": "#2"},
				"east": {"uv": [0, 0, 1.5, 0], "texture": "#2"},
				"south": {"uv": [0, 0, 1, 0], "texture": "#2"},
				"west": {"uv": [0, 0, 1.5, 0], "texture": "#2"},
				"up": {"uv": [14, 9.5, 13, 8], "texture": "#2"},
				"down": {"uv": [13, 8, 14, 9.5], "texture": "#2"}
			}
		},
		{
			"from": [7.5, 11.925, 6.25],
			"to": [8.5, 11.925, 7.75],
			"rotation": {"angle": -22.5, "axis": "x", "origin": [8, 11.925, 7]},
			"faces": {
				"north": {"uv": [0, 0, 1, 0], "texture": "#2"},
				"east": {"uv": [0, 0, 1.5, 0], "texture": "#2"},
				"south": {"uv": [0, 0, 1, 0], "texture": "#2"},
				"west": {"uv": [0, 0, 1.5, 0], "texture": "#2"},
				"up": {"uv": [14, 9.5, 13, 8], "texture": "#2"},
				"down": {"uv": [13, 8, 14, 9.5], "texture": "#2"}
			}
		},
		{
			"from": [7.5, 13.825, 6.25],
			"to": [8.5, 13.825, 7.75],
			"rotation": {"angle": -22.5, "axis": "x", "origin": [8, 11.925, 7]},
			"faces": {
				"north": {"uv": [0, 0, 1, 0], "texture": "#2"},
				"east": {"uv": [0, 0, 1.5, 0], "texture": "#2"},
				"south": {"uv": [0, 0, 1, 0], "texture": "#2"},
				"west": {"uv": [0, 0, 1.5, 0], "texture": "#2"},
				"up": {"uv": [14, 9.5, 13, 8], "texture": "#2"},
				"down": {"uv": [13, 8, 14, 9.5], "texture": "#2"}
			}
		},
		{
			"from": [7.5, 15.33892, 4.96384],
			"to": [8.5, 15.33892, 6.46384],
			"rotation": {"angle": -45, "axis": "x", "origin": [8, 14.86392, 5.86384]},
			"faces": {
				"north": {"uv": [0, 0, 1, 0], "texture": "#2"},
				"east": {"uv": [0, 0, 1.5, 0], "texture": "#2"},
				"south": {"uv": [0, 0, 1, 0], "texture": "#2"},
				"west": {"uv": [0, 0, 1.5, 0], "texture": "#2"},
				"up": {"uv": [14, 9.5, 13, 8], "texture": "#2"},
				"down": {"uv": [13, 8, 14, 9.5], "texture": "#2"}
			}
		},
		{
			"from": [8, 6, 3.6],
			"to": [8, 16, 8],
			"rotation": {"angle": 0, "axis": "y", "origin": [8, 0, 0]},
			"faces": {
				"north": {"uv": [0, 0, 0, 10], "texture": "#2"},
				"east": {"uv": [4.5, 0, 0, 10], "texture": "#2"},
				"south": {"uv": [0, 0, 0, 10], "texture": "#2"},
				"west": {"uv": [0, 0, 4.5, 10], "texture": "#2"},
				"up": {"uv": [0, 4.5, 0, 0], "texture": "#2"},
				"down": {"uv": [0, 0, 0, 4.5], "texture": "#2"}
			}
		},
		{
			"from": [7.2, 3.4, 5.9],
			"to": [7.2, 7.6, 10.1],
			"rotation": {"angle": 0, "axis": "y", "origin": [7.2, -5.6, -11.1]},
			"faces": {
				"north": {"uv": [0, 0, 0, 5.66667], "texture": "#1"},
				"south": {"uv": [0, 0, 0, 5.66667], "texture": "#1"},
				"west": {"uv": [0, 0, 8.50417, 8.50417], "texture": "#1"},
				"up": {"uv": [0, 5.66667, 0, 0], "texture": "#1"},
				"down": {"uv": [0, 0, 0, 5.66667], "texture": "#1"}
			}
		},
		{
			"from": [7.2, 8.7, 7.9],
			"to": [7.2, 11.9, 11.1],
			"rotation": {"angle": 22.5, "axis": "x", "origin": [7.2, 10.3, 9.5]},
			"faces": {
				"north": {"uv": [0, 0, 0, 4.33333], "texture": "#1"},
				"south": {"uv": [0, 0, 0, 4.33333], "texture": "#1"},
				"west": {"uv": [9.5, 0, 16, 6.50833], "texture": "#1"},
				"up": {"uv": [0, 4.33333, 0, 0], "texture": "#1"},
				"down": {"uv": [0, 0, 0, 4.33333], "texture": "#1"}
			}
		},
		{
			"from": [7.2, 12.8, 6.7],
			"to": [7.2, 15, 8.9],
			"rotation": {"angle": -22.5, "axis": "x", "origin": [7.2, 13.9, 7.8]},
			"faces": {
				"north": {"uv": [0, 0, 0, 3], "texture": "#1"},
				"south": {"uv": [0, 0, 0, 3], "texture": "#1"},
				"west": {"uv": [0, 9, 4.5, 13.5], "texture": "#1"},
				"up": {"uv": [0, 3, 0, 0], "texture": "#1"},
				"down": {"uv": [0, 0, 0, 3], "texture": "#1"}
			}
		},
		{
			"from": [8.8, 8.7, 7.9],
			"to": [8.8, 11.9, 11.1],
			"rotation": {"angle": 22.5, "axis": "x", "origin": [8.8, 10.3, 9.5]},
			"faces": {
				"north": {"uv": [0, 0, 0, 4.33333], "texture": "#1"},
				"east": {"uv": [16, 0, 9.5, 6.50833], "texture": "#1"},
				"south": {"uv": [0, 0, 0, 4.33333], "texture": "#1"},
				"up": {"uv": [0, 4.33333, 0, 0], "texture": "#1"},
				"down": {"uv": [0, 0, 0, 4.33333], "texture": "#1"}
			}
		},
		{
			"from": [8.8, 12.8, 6.7],
			"to": [8.8, 15, 8.9],
			"rotation": {"angle": -22.5, "axis": "x", "origin": [8.8, 13.9, 7.8]},
			"faces": {
				"north": {"uv": [0, 0, 0, 3], "texture": "#1"},
				"east": {"uv": [4.5, 9, 0, 13.5], "texture": "#1"},
				"south": {"uv": [0, 0, 0, 3], "texture": "#1"},
				"up": {"uv": [0, 3, 0, 0], "texture": "#1"},
				"down": {"uv": [0, 0, 0, 3], "texture": "#1"}
			}
		},
		{
			"from": [8.8, 3.4, 5.9],
			"to": [8.8, 7.6, 10.1],
			"rotation": {"angle": 0, "axis": "y", "origin": [8.8, -5.6, -11.1]},
			"faces": {
				"north": {"uv": [0, 0, 0, 5.66667], "texture": "#1"},
				"east": {"uv": [8.50417, 0, 0, 8.50417], "texture": "#1"},
				"south": {"uv": [0, 0, 0, 5.66667], "texture": "#1"},
				"up": {"uv": [0, 5.66667, 0, 0], "texture": "#1"},
				"down": {"uv": [0, 0, 0, 5.66667], "texture": "#1"}
			}
		}
	],
	"gui_light": "front",
	"display": {
		"thirdperson_righthand": {
			"rotation": [18.75, 0, 0],
			"translation": [0, 3, 2.75]
		},
		"thirdperson_lefthand": {
			"rotation": [18.75, 0, 0],
			"translation": [0, 3, 2.75]
		},
		"firstperson_righthand": {
			"rotation": [-59, 0, -28],
			"translation": [-3, 5.25, 4.5]
		},
		"firstperson_lefthand": {
			"rotation": [-59, 0, -28],
			"translation": [-3, 5.25, 4.5]
		},
		"ground": {
			"rotation": [0, 0, -90],
			"translation": [0, 1, 0],
			"scale": [1.36133, 1.36133, 1.36133]
		},
		"gui": {
			"rotation": [90, -135, 90],
			"translation": [-0.75, 1.25, -0.75],
			"scale": [1.20313, 1.20313, 1.20313]
		},
		"head": {
			"scale": [0, 0, 0]
		},
		"fixed": {
			"rotation": [0, -90, 0],
			"translation": [0.25, 2, -1.5],
			"scale": [2.95313, 2.95313, 2.95313]
		}
	}
}