{"textures​":{"layer0":"minecraft:item/cracked_stone_bricks"},"credit":"MadewithBlockbench","texture_size":[64,64],"\u0074\u0065\u0078\u0074\u0075\u0072\u0065\u0073":{"0":"\u006d\u0061\u0067\u0069\u0063\u0068\u0065\u006c\u006d\u0065\u0074:\u006d\u0061\u0067\u0069\u0063\u0068\u0065\u006c\u006d\u0065\u0074/\u006d\u0061\u0067\u0069\u0063\u0068\u0065\u006c\u006d\u0065\u0074","\u0070\u0061\u0072\u0074\u0069\u0063\u006c\u0065":"\u006d\u0061\u0067\u0069\u0063\u0068\u0065\u006c\u006d\u0065\u0074:\u006d\u0061\u0067\u0069\u0063\u0068\u0065\u006c\u006d\u0065\u0074/\u006d\u0061\u0067\u0069\u0063\u0068\u0065\u006c\u006d\u0065\u0074"},"elements":[{"from":[16,0,2],"to":[17,2,6],"faces":{"north":{"uv":[10.25,8.75,10.5,9.25],"texture":"#0"},"east":{"uv":[5,7.75,6,8.25],"texture":"#0"},"south":{"uv":[11.25,1.75,11.5,2.25],"texture":"#0"},"west":{"uv":[5,8.25,6,8.75],"texture":"#0"},"up":{"uv":[10.75,9.75,10.5,8.75],"texture":"#0"},"down":{"uv":[3.75,10.75,3.5,11.75],"texture":"#0"}}},{"from":[0,0,2],"to":[1,2,6],"faces":{"north":{"uv":[11.25,7,11.5,7.5],"texture":"#0"},"east":{"uv":[5,8.75,6,9.25],"texture":"#0"},"south":{"uv":[0,11.5,0.25,12],"texture":"#0"},"west":{"uv":[6,10.25,7,10.75],"texture":"#0"},"up":{"uv":[4,11.75,3.75,10.75],"texture":"#0"},"down":{"uv":[4.25,10.75,4,11.75],"texture":"#0"}}},{"from":[16,2,4],"to":[17,5,6],"faces":{"north":{"uv":[10.75,1.75,11,2.5],"texture":"#0"},"east":{"uv":[6,7.75,6.5,8.5],"texture":"#0"},"south":{"uv":[10.75,7,11,7.75],"texture":"#0"},"west":{"uv":[6,8.5,6.5,9.25],"texture":"#0"},"up":{"uv":[0.5,12,0.25,11.5],"texture":"#0"},"down":{"uv":[0.75,11.5,0.5,12],"texture":"#0"}}},{"from":[0,2,4],"to":[1,5,6],"faces":{"north":{"uv":[10.75,8.75,11,9.5],"texture":"#0"},"east":{"uv":[9,10.25,9.5,11],"texture":"#0"},"south":{"uv":[9,11,9.25,11.75],"texture":"#0"},"west":{"uv":[9.5,10.25,10,11],"texture":"#0"},"up":{"uv":[1,12,0.75,11.5],"texture":"#0"},"down":{"uv":[1.25,11.5,1,12],"texture":"#0"}}},{"from":[16,5,-1],"to":[17,8,6],"faces":{"north":{"uv":[9.25,11,9.5,11.75],"texture":"#0"},"east":{"uv":[0,6,1.75,6.75],"texture":"#0"},"south":{"uv":[9.5,11,9.75,11.75],"texture":"#0"},"west":{"uv":[1.5,8.5,3.25,9.25],"texture":"#0"},"up":{"uv":[7.25,12,7,10.25],"texture":"#0"},"down":{"uv":[7.5,10.25,7.25,12],"texture":"#0"}}},{"from":[0,5,-1],"to":[1,8,6],"faces":{"north":{"uv":[9.75,11,10,11.75],"texture":"#0"},"east":{"uv":[1.5,9.25,3.25,10],"texture":"#0"},"south":{"uv":[10.75,11,11,11.75],"texture":"#0"},"west":{"uv":[8.75,9.25,10.5,10],"texture":"#0"},"up":{"uv":[7.75,12,7.5,10.25],"texture":"#0"},"down":{"uv":[8,10.25,7.75,12],"texture":"#0"}}},{"from":[1,5,-1],"to":[16,8,0],"faces":{"north":{"uv":[7,1.75,10.75,2.5],"texture":"#0"},"east":{"uv":[11,11,11.25,11.75],"texture":"#0"},"south":{"uv":[5,9.25,8.75,10],"texture":"#0"},"west":{"uv":[11,0,11.25,0.75],"texture":"#0"},"up":{"uv":[8.75,10.25,5,10],"texture":"#0"},"down":{"uv":[12.5,10,8.75,10.25],"texture":"#0"}}},{"from":[7,2,-1],"to":[10,5,0],"faces":{"north":{"uv":[1.75,6,2.5,6.75],"texture":"#0"},"east":{"uv":[11,1.75,11.25,2.5],"texture":"#0"},"south":{"uv":[2.5,6,3.25,6.75],"texture":"#0"},"west":{"uv":[11,7,11.25,7.75],"texture":"#0"},"up":{"uv":[11.5,1,10.75,0.75],"texture":"#0"},"down":{"uv":[11.5,1,10.75,1.25],"texture":"#0"}}},{"from":[7,8,-1],"to":[10,12,0],"faces":{"north":{"uv":[5,6.75,5.75,7.75],"texture":"#0"},"east":{"uv":[4.25,10.75,4.5,11.75],"texture":"#0"},"south":{"uv":[5.75,6.75,6.5,7.75],"texture":"#0"},"west":{"uv":[4.5,10.75,4.75,11.75],"texture":"#0"},"up":{"uv":[11.5,8,10.75,7.75],"texture":"#0"},"down":{"uv":[11.5,8,10.75,8.25],"texture":"#0"}}},{"from":[7,-1,15],"to":[10,11,16],"faces":{"north":{"uv":[0,8.5,0.75,11.5],"texture":"#0"},"east":{"uv":[5,10.25,5.25,13.25],"texture":"#0"},"south":{"uv":[0.75,8.5,1.5,11.5],"texture":"#0"},"west":{"uv":[5.25,10.25,5.5,13.25],"texture":"#0"},"up":{"uv":[11.5,9.75,10.75,9.5],"texture":"#0"},"down":{"uv":[11.5,10.5,10.75,10.75],"texture":"#0"}}},{"from":[7,11,0],"to":[10,12,16],"faces":{"north":{"uv":[11,2.5,11.75,2.75],"texture":"#0"},"east":{"uv":[6.5,6.25,10.5,6.5],"texture":"#0"},"south":{"uv":[11,8.75,11.75,9],"texture":"#0"},"west":{"uv":[7,2.5,11,2.75],"texture":"#0"},"up":{"uv":[4.25,10.75,3.5,6.75],"texture":"#0"},"down":{"uv":[5,6.75,4.25,10.75],"texture":"#0"}}},{"from":[1,-1,14],"to":[16,10,15],"rotation":{"angle":0,"axis":"y","origin":[8.5,6.5,7.5]},"faces":{"north":{"uv":[3.25,0,7,2.75],"texture":"#0"},"east":{"uv":[5.5,10.25,5.75,13],"texture":"#0"},"south":{"uv":[6.5,6.5,10.25,9.25],"texture":"#0"},"west":{"uv":[5.75,10.25,6,13],"texture":"#0"},"up":{"uv":[13.75,3,10,2.75],"texture":"#0"},"down":{"uv":[13.75,3,10,3.25],"texture":"#0"}}},{"from":[15,3,0],"to":[16,10,14],"faces":{"north":{"uv":[8,10.25,8.25,12],"texture":"#0"},"east":{"uv":[6.5,2.75,10,4.5],"texture":"#0"},"south":{"uv":[8.25,10.25,8.5,12],"texture":"#0"},"west":{"uv":[6.5,4.5,10,6.25],"texture":"#0"},"up":{"uv":[3.5,12,3.25,8.5],"texture":"#0"},"down":{"uv":[1.75,10,1.5,13.5],"texture":"#0"}}},{"from":[15,10,1],"to":[16,11,14],"faces":{"north":{"uv":[11.25,10.25,11.5,10.5],"texture":"#0"},"east":{"uv":[3.25,2.75,6.5,3],"texture":"#0"},"south":{"uv":[11.25,11,11.5,11.25],"texture":"#0"},"west":{"uv":[3.25,3,6.5,3.25],"texture":"#0"},"up":{"uv":[2.5,13.25,2.25,10],"texture":"#0"},"down":{"uv":[2.75,10,2.5,13.25],"texture":"#0"}}},{"from":[1,10,1],"to":[2,11,14],"faces":{"north":{"uv":[1.25,11.5,1.5,11.75],"texture":"#0"},"east":{"uv":[10,3.75,13.25,4],"texture":"#0"},"south":{"uv":[6.75,11.5,7,11.75],"texture":"#0"},"west":{"uv":[10,4,13.25,4.25],"texture":"#0"},"up":{"uv":[3,13.25,2.75,10],"texture":"#0"},"down":{"uv":[3.25,10,3,13.25],"texture":"#0"}}},{"from":[2,10,14],"to":[15,11,15],"faces":{"north":{"uv":[10,4.25,13.25,4.5],"texture":"#0"},"east":{"uv":[10,11.5,10.25,11.75],"texture":"#0"},"south":{"uv":[10,4.5,13.25,4.75],"texture":"#0"},"west":{"uv":[10.25,11.5,10.5,11.75],"texture":"#0"},"up":{"uv":[13.25,5,10,4.75],"texture":"#0"},"down":{"uv":[13.25,5,10,5.25],"texture":"#0"}}},{"from":[2,10,0],"to":[15,11,14],"faces":{"north":{"uv":[10,5.25,13.25,5.5],"texture":"#0"},"east":{"uv":[10,3.25,13.5,3.5],"texture":"#0"},"south":{"uv":[10,5.5,13.25,5.75],"texture":"#0"},"west":{"uv":[10,3.5,13.5,3.75],"texture":"#0"},"up":{"uv":[3.25,3.5,0,0],"texture":"#0"},"down":{"uv":[6.5,3.25,3.25,6.75],"texture":"#0"}}},{"from":[2,5,0],"to":[15,10,1],"faces":{"north":{"uv":[0,3.5,3.25,4.75],"texture":"#0"},"east":{"uv":[10,10.25,10.25,11.5],"texture":"#0"},"south":{"uv":[0,4.75,3.25,6],"texture":"#0"},"west":{"uv":[10.25,10.25,10.5,11.5],"texture":"#0"},"up":{"uv":[13.25,6,10,5.75],"texture":"#0"},"down":{"uv":[13.25,6,10,6.25],"texture":"#0"}}},{"from":[1,3,0],"to":[2,10,14],"faces":{"north":{"uv":[8.5,10.25,8.75,12],"texture":"#0"},"east":{"uv":[0,6.75,3.5,8.5],"texture":"#0"},"south":{"uv":[8.75,10.25,9,12],"texture":"#0"},"west":{"uv":[7,0,10.5,1.75],"texture":"#0"},"up":{"uv":[2,13.5,1.75,10],"texture":"#0"},"down":{"uv":[2.25,10,2,13.5],"texture":"#0"}}},{"from":[15,2,9],"to":[16,3,14],"faces":{"north":{"uv":[11.5,11.5,11.75,11.75],"texture":"#0"},"east":{"uv":[10.25,6.5,11.5,6.75],"texture":"#0"},"south":{"uv":[11.5,0,11.75,0.25],"texture":"#0"},"west":{"uv":[10.25,6.75,11.5,7],"texture":"#0"},"up":{"uv":[10.5,8.25,10.25,7],"texture":"#0"},"down":{"uv":[10.75,10.5,10.5,11.75],"texture":"#0"}}},{"from":[1,2,9],"to":[2,3,14],"rotation":{"angle":0,"axis":"y","origin":[-6,8,8]},"faces":{"north":{"uv":[11.5,0.25,11.75,0.5],"texture":"#0"},"east":{"uv":[10.25,8.25,11.5,8.5],"texture":"#0"},"south":{"uv":[11.5,0.5,11.75,0.75],"texture":"#0"},"west":{"uv":[10.25,8.5,11.5,8.75],"texture":"#0"},"up":{"uv":[10.75,1.25,10.5,0],"texture":"#0"},"down":{"uv":[10.75,7,10.5,8.25],"texture":"#0"}}},{"from":[15,1,10],"to":[16,2,14],"faces":{"north":{"uv":[11.5,0.75,11.75,1],"texture":"#0"},"east":{"uv":[10.5,1.25,11.5,1.5],"texture":"#0"},"south":{"uv":[11.5,1,11.75,1.25],"texture":"#0"},"west":{"uv":[10.5,1.5,11.5,1.75],"texture":"#0"},"up":{"uv":[5,11.75,4.75,10.75],"texture":"#0"},"down":{"uv":[6.25,10.75,6,11.75],"texture":"#0"}}},{"from":[1,1,10],"to":[2,2,14],"rotation":{"angle":0,"axis":"y","origin":[-6,8,8]},"faces":{"north":{"uv":[11.5,1.25,11.75,1.5],"texture":"#0"},"east":{"uv":[10.5,6.25,11.5,6.5],"texture":"#0"},"south":{"uv":[11.5,1.5,11.75,1.75],"texture":"#0"},"west":{"uv":[10.5,9.75,11.5,10],"texture":"#0"},"up":{"uv":[6.5,11.75,6.25,10.75],"texture":"#0"},"down":{"uv":[6.75,10.75,6.5,11.75],"texture":"#0"}}},{"from":[15,0,11],"to":[16,1,14],"faces":{"north":{"uv":[11.5,1.75,11.75,2],"texture":"#0"},"east":{"uv":[11,9,11.75,9.25],"texture":"#0"},"south":{"uv":[11.5,2,11.75,2.25],"texture":"#0"},"west":{"uv":[11,9.25,11.75,9.5],"texture":"#0"},"up":{"uv":[11.5,12,11.25,11.25],"texture":"#0"},"down":{"uv":[11.5,0,11.25,0.75],"texture":"#0"}}},{"from":[1,0,11],"to":[2,1,14],"rotation":{"angle":0,"axis":"y","origin":[-6,8,8]},"faces":{"north":{"uv":[11.25,2.25,11.5,2.5],"texture":"#0"},"east":{"uv":[10.5,10.25,11.25,10.5],"texture":"#0"},"south":{"uv":[11.25,7.5,11.5,7.75],"texture":"#0"},"west":{"uv":[10.75,10.75,11.5,11],"texture":"#0"},"up":{"uv":[7,11.5,6.75,10.75],"texture":"#0"},"down":{"uv":[11,0,10.75,0.75],"texture":"#0"}}}],"display":{"thirdperson_righthand":{"rotation":[91,0,38.25],"translation":[0.25,-2,-0.25],"scale":[0.5,0.5,0.5]},"thirdperson_lefthand":{"rotation":[5.25,-54.5,346.5],"translation":[2.5,0.75,-1],"scale":[0.5,0.5,0.5]},"firstperson_righthand":{"rotation":[0,19.5,-7],"translation":[0,3,1.5],"scale":[0.5,0.5,0.5]},"firstperson_lefthand":{"rotation":[0.5,20.5,-7],"translation":[1,4,3],"scale":[0.5,0.5,0.5]},"ground":{"translation":[0,2.5,0],"scale":[0.7,0.7,0.7]},"gui":{"rotation":[0,135,0],"scale":[0.6,0.7,0.5]},"head":{"translation":[-0.5,4.25,0.5],"scale":[1.11,1.11,1.11]},"fixed":{"rotation":[-90,0,0],"translation":[0,0,-10.25],"scale":[1.21,1.21,1.21]}}}