{
	"credit": "Made with Blockbench",
	"texture_size": [64, 64],
	"textures": {
		"0": "pheonixset:pheonixset/pheonix_wings",
		"2": "pheonixset:pheonixset/pheonix_eff_04",
		"4": "pheonixset:pheonixset/pheonix_eff_03",
		"particle": "pheonixset:pheonixset/pheonix_wings"
	},
	"elements": [
		{
			"from": [7.33, 6.11583, 8.05353],
			"to": [8.67, 7.95583, 9.89353],
			"rotation": {"angle": 45, "axis": "x", "origin": [7.96149, 8.00662, 7.99338]},
			"faces": {
				"north": {"uv": [10, 1.875, 10.875, 1], "rotation": 90, "texture": "#0"},
				"east": {"uv": [10.125, 9.375, 9.25, 8.5], "rotation": 90, "texture": "#0"},
				"south": {"uv": [10, 0, 10.875, 0.875], "rotation": 90, "texture": "#0"},
				"west": {"uv": [4.625, 9.875, 3.75, 9], "rotation": 270, "texture": "#0"},
				"up": {"uv": [10.125, 8.375, 9.25, 7.5], "texture": "#0"},
				"down": {"uv": [10.125, 10.375, 9.25, 9.5], "rotation": 180, "texture": "#0"}
			}
		},
		{
			"from": [7.33, 3.73874, 8.40709],
			"to": [8.67, 5.07874, 9.74709],
			"rotation": {"angle": 45, "axis": "x", "origin": [7.96149, 5.62952, 8.34693]},
			"faces": {
				"north": {"uv": [10, 1.875, 10.875, 1], "rotation": 90, "texture": "#0"},
				"east": {"uv": [10.125, 9.375, 9.25, 8.5], "rotation": 90, "texture": "#0"},
				"south": {"uv": [10, 0, 10.875, 0.875], "rotation": 90, "texture": "#0"},
				"west": {"uv": [4.625, 9.875, 3.75, 9], "rotation": 270, "texture": "#0"},
				"up": {"uv": [10.125, 8.375, 9.25, 7.5], "texture": "#0"},
				"down": {"uv": [10.125, 10.375, 9.25, 9.5], "rotation": 180, "texture": "#0"}
			}
		},
		{
			"from": [7.33, 2.23874, 8.40709],
			"to": [8.67, 3.07874, 9.24709],
			"rotation": {"angle": 45, "axis": "x", "origin": [7.96149, 3.62952, 8.34693]},
			"faces": {
				"north": {"uv": [10, 1.875, 10.875, 1], "rotation": 90, "texture": "#0"},
				"east": {"uv": [10.125, 9.375, 9.25, 8.5], "rotation": 90, "texture": "#0"},
				"south": {"uv": [10, 0, 10.875, 0.875], "rotation": 90, "texture": "#0"},
				"west": {"uv": [4.625, 9.875, 3.75, 9], "rotation": 270, "texture": "#0"},
				"up": {"uv": [10.125, 8.375, 9.25, 7.5], "texture": "#0"},
				"down": {"uv": [10.125, 10.375, 9.25, 9.5], "rotation": 180, "texture": "#0"}
			}
		},
		{
			"from": [8.0049, 7.09697, 7.73677],
			"to": [8.0049, 14.91989, 14.11309],
			"rotation": {"angle": 22.5, "axis": "x", "origin": [8.10019, 9.91408, 7.49007]},
			"faces": {
				"north": {"uv": [0, 0, 5.4375, 0], "rotation": 90, "texture": "#0"},
				"east": {"uv": [0, 4.5, 5.4375, 8.9375], "rotation": 270, "texture": "#0"},
				"south": {"uv": [0, 0, 5.4375, 0], "rotation": 90, "texture": "#0"},
				"west": {"uv": [0, 0, 5.4375, 4.4375], "rotation": 90, "texture": "#0"},
				"up": {"uv": [0, 4.4375, 0, 0], "texture": "#0"},
				"down": {"uv": [0, 4.4375, 0, 0], "rotation": 180, "texture": "#0"}
			}
		},
		{
			"from": [7.63866, 6.36506, 8.89683],
			"to": [8.35716, 7.08356, 9.61533],
			"rotation": {"angle": 0, "axis": "x", "origin": [8.10019, 9.91408, 7.49007]},
			"faces": {
				"north": {"uv": [11.5, 4.875, 11.875, 4.5], "rotation": 90, "texture": "#0"},
				"east": {"uv": [11.875, 3.375, 11.5, 3], "rotation": 90, "texture": "#0"},
				"south": {"uv": [11.5, 4, 11.875, 4.375], "rotation": 90, "texture": "#0"},
				"west": {"uv": [11.875, 2.375, 11.5, 2], "rotation": 270, "texture": "#0"},
				"up": {"uv": [11.875, 2.875, 11.5, 2.5], "texture": "#0"},
				"down": {"uv": [11.875, 3.875, 11.5, 3.5], "rotation": 180, "texture": "#0"}
			}
		},
		{
			"from": [7.71051, 5.99708, 6.69809],
			"to": [8.28531, 6.57188, 8.85359],
			"rotation": {"angle": -45, "axis": "x", "origin": [8.10019, 9.91408, 7.49007]},
			"faces": {
				"north": {"uv": [12, 1.5625, 12.3125, 1.25], "rotation": 90, "texture": "#0"},
				"east": {"uv": [10.3125, 5.125, 10, 4], "rotation": 90, "texture": "#0"},
				"south": {"uv": [12, 0.75, 12.3125, 1.0625], "rotation": 90, "texture": "#0"},
				"west": {"uv": [5.0625, 10.125, 4.75, 9], "rotation": 270, "texture": "#0"},
				"up": {"uv": [4.0625, 11.125, 3.75, 10], "texture": "#0"},
				"down": {"uv": [4.5625, 11.125, 4.25, 10], "rotation": 180, "texture": "#0"}
			}
		},
		{
			"from": [7.78236, 5.1403, 8.5593],
			"to": [8.21346, 6.33781, 8.9904],
			"rotation": {"angle": -45, "axis": "x", "origin": [8.10019, 9.91408, 7.49007]},
			"faces": {
				"north": {"uv": [11.5, 6.375, 11.25, 5.75], "texture": "#0"},
				"east": {"uv": [11.5, 5.625, 11.25, 5], "texture": "#0"},
				"south": {"uv": [4.75, 11.875, 4.5, 11.25], "texture": "#0"},
				"west": {"uv": [4.5, 11.875, 4.25, 11.25], "texture": "#0"},
				"up": {"uv": [5, 12.25, 5.25, 12], "rotation": 270, "texture": "#0"},
				"down": {"uv": [12, 4.75, 12.25, 5], "rotation": 90, "texture": "#0"}
			}
		},
		{
			"from": [7.83025, 6.1314, 11.57159],
			"to": [8.16555, 7.62791, 11.9069],
			"rotation": {"angle": 0, "axis": "x", "origin": [8.10019, 9.91408, 7.49007]},
			"faces": {
				"north": {"uv": [11.25, 0.1875, 12.125, 0], "rotation": 90, "texture": "#0"},
				"east": {"uv": [11.875, 1.6875, 11, 1.5], "rotation": 90, "texture": "#0"},
				"south": {"uv": [11, 1.75, 11.875, 1.9375], "rotation": 90, "texture": "#0"},
				"west": {"uv": [11.875, 1.4375, 11, 1.25], "rotation": 270, "texture": "#0"},
				"up": {"uv": [6.1875, 12.1875, 6, 12], "texture": "#0"},
				"down": {"uv": [12.1875, 6.1875, 12, 6], "rotation": 180, "texture": "#0"}
			}
		},
		{
			"from": [7.73977, 4.06004, 7.67838],
			"to": [8.27977, 4.60004, 8.21838],
			"rotation": {"angle": -45, "axis": "x", "origin": [8.10019, 9.91408, 7.49007]},
			"faces": {
				"north": {"uv": [10, 1.875, 10.875, 1], "rotation": 90, "texture": "#0"},
				"east": {"uv": [10.125, 9.375, 9.25, 8.5], "rotation": 90, "texture": "#0"},
				"south": {"uv": [10, 0, 10.875, 0.875], "rotation": 90, "texture": "#0"},
				"west": {"uv": [4.625, 9.875, 3.75, 9], "rotation": 270, "texture": "#0"},
				"up": {"uv": [10.125, 8.375, 9.25, 7.5], "texture": "#0"},
				"down": {"uv": [10.125, 10.375, 9.25, 9.5], "rotation": 180, "texture": "#0"}
			}
		},
		{
			"from": [7.85421, 8.14659, 12.71448],
			"to": [8.14161, 10.41738, 13.00188],
			"rotation": {"angle": 22.5, "axis": "x", "origin": [8.10019, 9.91408, 7.49007]},
			"faces": {
				"north": {"uv": [11.25, 8.375, 12.5, 8.25], "rotation": 90, "texture": "#0"},
				"east": {"uv": [11.25, 6.875, 12.5, 6.75], "rotation": 270, "texture": "#0"},
				"south": {"uv": [11.25, 7, 12.5, 7.125], "rotation": 90, "texture": "#0"},
				"west": {"uv": [11.25, 6.625, 12.5, 6.5], "rotation": 90, "texture": "#0"},
				"up": {"uv": [7.125, 12.125, 7, 12], "texture": "#0"},
				"down": {"uv": [7.375, 12.125, 7.25, 12], "rotation": 180, "texture": "#0"}
			}
		},
		{
			"from": [7.87815, 8.2665, 12.45416],
			"to": [8.11765, 9.94301, 12.69366],
			"rotation": {"angle": 0, "axis": "x", "origin": [8.10019, 9.91408, 7.49007]},
			"faces": {
				"north": {"uv": [11.5, 11.375, 12.375, 11.25], "rotation": 90, "texture": "#0"},
				"east": {"uv": [12.375, 10.875, 11.5, 10.75], "rotation": 90, "texture": "#0"},
				"south": {"uv": [11.5, 11, 12.375, 11.125], "rotation": 90, "texture": "#0"},
				"west": {"uv": [12.375, 10.625, 11.5, 10.5], "rotation": 270, "texture": "#0"},
				"up": {"uv": [7.625, 12.125, 7.5, 12], "texture": "#0"},
				"down": {"uv": [12.125, 7.625, 12, 7.5], "rotation": 180, "texture": "#0"}
			}
		},
		{
			"from": [7.91236, 9.70454, 12.49428],
			"to": [8.08344, 11.68574, 12.66536],
			"rotation": {"angle": 0, "axis": "x", "origin": [8.10019, 9.91408, 7.49007]},
			"faces": {
				"north": {"uv": [12, 3.3125, 13.0625, 3.25], "rotation": 90, "texture": "#0"},
				"east": {"uv": [13.0625, 2.8125, 12, 2.75], "rotation": 90, "texture": "#0"},
				"south": {"uv": [12, 3, 13.0625, 3.0625], "rotation": 90, "texture": "#0"},
				"west": {"uv": [12.8125, 7.3125, 11.75, 7.25], "rotation": 270, "texture": "#0"},
				"up": {"uv": [8.3125, 12.0625, 8.25, 12], "texture": "#0"},
				"down": {"uv": [8.5625, 12.0625, 8.5, 12], "rotation": 180, "texture": "#0"}
			}
		},
		{
			"from": [7.7591, 4.13895, 8.06832],
			"to": [8.2381, 4.61795, 8.54732],
			"rotation": {"angle": 0, "axis": "x", "origin": [8, 4.61123, 9.96819]},
			"faces": {
				"north": {"uv": [11.5, 4.875, 11.875, 4.5], "rotation": 90, "texture": "#0"},
				"east": {"uv": [11.875, 3.375, 11.5, 3], "rotation": 90, "texture": "#0"},
				"south": {"uv": [11.5, 4, 11.875, 4.375], "rotation": 90, "texture": "#0"},
				"west": {"uv": [11.875, 2.375, 11.5, 2], "rotation": 270, "texture": "#0"},
				"up": {"uv": [11.875, 2.875, 11.5, 2.5], "texture": "#0"},
				"down": {"uv": [11.875, 3.875, 11.5, 3.5], "rotation": 180, "texture": "#0"}
			}
		},
		{
			"from": [8.00326, 2.90858, 7.22169],
			"to": [8.00326, 8.12386, 11.47257],
			"rotation": {"angle": 45, "axis": "x", "origin": [8, 4.61123, 9.96819]},
			"faces": {
				"north": {"uv": [0, 0, 5.4375, 0], "rotation": 90, "texture": "#0"},
				"east": {"uv": [5.4375, 8.9375, 0, 4.5], "rotation": 90, "texture": "#0"},
				"south": {"uv": [0, 0, 5.4375, 0], "rotation": 90, "texture": "#0"},
				"west": {"uv": [5.4375, 4.4375, 0, 0], "rotation": 270, "texture": "#0"},
				"up": {"uv": [0, 4.4375, 0, 0], "texture": "#0"},
				"down": {"uv": [0, 4.4375, 0, 0], "rotation": 180, "texture": "#0"}
			}
		},
		{
			"from": [7.807, 4.75643, 8.4883],
			"to": [8.1902, 5.13963, 9.9253],
			"rotation": {"angle": -22.5, "axis": "x", "origin": [8, 4.61123, 9.96819]},
			"faces": {
				"north": {"uv": [12, 1.5625, 12.3125, 1.25], "rotation": 90, "texture": "#0"},
				"east": {"uv": [10, 4, 10.3125, 5.125], "rotation": 270, "texture": "#0"},
				"south": {"uv": [12, 0.75, 12.3125, 1.0625], "rotation": 90, "texture": "#0"},
				"west": {"uv": [4.75, 9, 5.0625, 10.125], "rotation": 90, "texture": "#0"},
				"up": {"uv": [4.0625, 11.125, 3.75, 10], "texture": "#0"},
				"down": {"uv": [4.5625, 11.125, 4.25, 10], "rotation": 180, "texture": "#0"}
			}
		},
		{
			"from": [7.8549, 4.18524, 9.72911],
			"to": [8.1423, 4.98358, 10.01651],
			"rotation": {"angle": -22.5, "axis": "x", "origin": [8, 4.61123, 9.96819]},
			"faces": {
				"north": {"uv": [11.5, 6.375, 11.25, 5.75], "texture": "#0"},
				"east": {"uv": [11.25, 5, 11.5, 5.625], "rotation": 180, "texture": "#0"},
				"south": {"uv": [4.75, 11.875, 4.5, 11.25], "texture": "#0"},
				"west": {"uv": [4.25, 11.25, 4.5, 11.875], "rotation": 180, "texture": "#0"},
				"up": {"uv": [5, 12.25, 5.25, 12], "rotation": 270, "texture": "#0"},
				"down": {"uv": [12, 4.75, 12.25, 5], "rotation": 90, "texture": "#0"}
			}
		},
		{
			"from": [7.88683, 3.3655, 10.06695],
			"to": [8.11036, 4.36317, 10.29049],
			"rotation": {"angle": 22.5, "axis": "x", "origin": [8, 4.61123, 9.96819]},
			"faces": {
				"north": {"uv": [11.25, 0.1875, 12.125, 0], "rotation": 90, "texture": "#0"},
				"east": {"uv": [11.875, 1.6875, 11, 1.5], "rotation": 90, "texture": "#0"},
				"south": {"uv": [11, 1.75, 11.875, 1.9375], "rotation": 90, "texture": "#0"},
				"west": {"uv": [11.875, 1.4375, 11, 1.25], "rotation": 270, "texture": "#0"},
				"up": {"uv": [6.1875, 12.1875, 6, 12], "texture": "#0"},
				"down": {"uv": [12.1875, 6.1875, 12, 6], "rotation": 180, "texture": "#0"}
			}
		},
		{
			"from": [7.82651, 3.46507, 9.14183],
			"to": [8.18651, 3.82507, 9.50183],
			"rotation": {"angle": -22.5, "axis": "x", "origin": [8, 4.61123, 9.96819]},
			"faces": {
				"north": {"uv": [10, 1.875, 10.875, 1], "rotation": 90, "texture": "#0"},
				"east": {"uv": [9.25, 8.5, 10.125, 9.375], "rotation": 270, "texture": "#0"},
				"south": {"uv": [10, 0, 10.875, 0.875], "rotation": 90, "texture": "#0"},
				"west": {"uv": [3.75, 9, 4.625, 9.875], "rotation": 90, "texture": "#0"},
				"up": {"uv": [10.125, 8.375, 9.25, 7.5], "texture": "#0"},
				"down": {"uv": [10.125, 10.375, 9.25, 9.5], "rotation": 180, "texture": "#0"}
			}
		},
		{
			"from": [7.90281, 3.60833, 10.54016],
			"to": [8.0944, 5.12219, 10.73176],
			"rotation": {"angle": 45, "axis": "x", "origin": [8, 4.61123, 9.96819]},
			"faces": {
				"north": {"uv": [11.25, 8.375, 12.5, 8.25], "rotation": 90, "texture": "#0"},
				"east": {"uv": [12.5, 6.75, 11.25, 6.875], "rotation": 90, "texture": "#0"},
				"south": {"uv": [11.25, 7, 12.5, 7.125], "rotation": 90, "texture": "#0"},
				"west": {"uv": [12.5, 6.5, 11.25, 6.625], "rotation": 270, "texture": "#0"},
				"up": {"uv": [7.125, 12.125, 7, 12], "texture": "#0"},
				"down": {"uv": [7.375, 12.125, 7.25, 12], "rotation": 180, "texture": "#0"}
			}
		},
		{
			"from": [7.91876, 4.7889, 10.65533],
			"to": [8.07843, 5.90657, 10.815],
			"rotation": {"angle": 22.5, "axis": "x", "origin": [8, 4.61123, 9.96819]},
			"faces": {
				"north": {"uv": [11.5, 11.375, 12.375, 11.25], "rotation": 90, "texture": "#0"},
				"east": {"uv": [12.375, 10.875, 11.5, 10.75], "rotation": 90, "texture": "#0"},
				"south": {"uv": [11.5, 11, 12.375, 11.125], "rotation": 90, "texture": "#0"},
				"west": {"uv": [12.375, 10.625, 11.5, 10.5], "rotation": 270, "texture": "#0"},
				"up": {"uv": [7.625, 12.125, 7.5, 12], "texture": "#0"},
				"down": {"uv": [12.125, 7.625, 12, 7.5], "rotation": 180, "texture": "#0"}
			}
		},
		{
			"from": [7.94157, 5.74759, 10.68208],
			"to": [8.05562, 7.06839, 10.79613],
			"rotation": {"angle": 22.5, "axis": "x", "origin": [8, 4.61123, 9.96819]},
			"faces": {
				"north": {"uv": [12, 3.3125, 13.0625, 3.25], "rotation": 90, "texture": "#0"},
				"east": {"uv": [13.0625, 2.8125, 12, 2.75], "rotation": 90, "texture": "#0"},
				"south": {"uv": [12, 3, 13.0625, 3.0625], "rotation": 90, "texture": "#0"},
				"west": {"uv": [12.8125, 7.3125, 11.75, 7.25], "rotation": 270, "texture": "#0"},
				"up": {"uv": [8.3125, 12.0625, 8.25, 12], "texture": "#0"},
				"down": {"uv": [8.5625, 12.0625, 8.5, 12], "rotation": 180, "texture": "#0"}
			}
		},
		{
			"from": [7.7591, 3.05964, 8.96147],
			"to": [8.2381, 3.53864, 9.44047],
			"rotation": {"angle": -45, "axis": "x", "origin": [8, 1.63877, 8.96819]},
			"faces": {
				"north": {"uv": [11.875, 2.5, 11.5, 2.875], "rotation": 180, "texture": "#0"},
				"east": {"uv": [11.875, 3, 11.5, 3.375], "rotation": 180, "texture": "#0"},
				"south": {"uv": [11.875, 3.5, 11.5, 3.875], "rotation": 180, "texture": "#0"},
				"west": {"uv": [11.875, 2, 11.5, 2.375], "rotation": 180, "texture": "#0"},
				"up": {"uv": [11.875, 4.875, 11.5, 4.5], "rotation": 270, "texture": "#0"},
				"down": {"uv": [11.875, 4, 11.5, 4.375], "rotation": 90, "texture": "#0"}
			}
		},
		{
			"from": [8.00326, -1.87386, 6.22169],
			"to": [8.00326, 3.34142, 10.47257],
			"rotation": {"angle": 0, "axis": "x", "origin": [8, 1.63877, 8.96819]},
			"faces": {
				"north": {"uv": [5.4375, 0, 0, 0], "rotation": 90, "texture": "#0"},
				"east": {"uv": [0, 8.9375, 5.4375, 4.5], "rotation": 90, "texture": "#0"},
				"south": {"uv": [5.4375, 0, 0, 0], "rotation": 90, "texture": "#0"},
				"west": {"uv": [0, 4.4375, 5.4375, 0], "rotation": 270, "texture": "#0"},
				"up": {"uv": [0, 0, 0, 4.4375], "rotation": 180, "texture": "#0"},
				"down": {"uv": [0, 0, 0, 4.4375], "texture": "#0"}
			}
		},
		{
			"from": [7.807, 1.68166, 8.43979],
			"to": [8.1902, 3.11866, 8.82299],
			"rotation": {"angle": -22.5, "axis": "x", "origin": [8, 1.63877, 8.96819]},
			"faces": {
				"north": {"uv": [4.0625, 10, 3.75, 11.125], "rotation": 180, "texture": "#0"},
				"east": {"uv": [10, 5.125, 10.3125, 4], "texture": "#0"},
				"south": {"uv": [4.5625, 10, 4.25, 11.125], "rotation": 180, "texture": "#0"},
				"west": {"uv": [4.75, 10.125, 5.0625, 9], "texture": "#0"},
				"up": {"uv": [12.3125, 1.5625, 12, 1.25], "rotation": 270, "texture": "#0"},
				"down": {"uv": [12.3125, 0.75, 12, 1.0625], "rotation": 90, "texture": "#0"}
			}
		},
		{
			"from": [7.8549, 1.59045, 8.59584],
			"to": [8.1423, 1.87785, 9.39418],
			"rotation": {"angle": -22.5, "axis": "x", "origin": [8, 1.63877, 8.96819]},
			"faces": {
				"north": {"uv": [5.25, 12.25, 5, 12], "rotation": 90, "texture": "#0"},
				"east": {"uv": [11.5, 5, 11.25, 5.625], "rotation": 270, "texture": "#0"},
				"south": {"uv": [12.25, 4.75, 12, 5], "rotation": 90, "texture": "#0"},
				"west": {"uv": [4.5, 11.25, 4.25, 11.875], "rotation": 90, "texture": "#0"},
				"up": {"uv": [11.5, 5.75, 11.25, 6.375], "rotation": 180, "texture": "#0"},
				"down": {"uv": [4.75, 11.25, 4.5, 11.875], "texture": "#0"}
			}
		},
		{
			"from": [7.88683, 1.88683, 9.06695],
			"to": [8.11036, 2.8845, 9.29049],
			"rotation": {"angle": 22.5, "axis": "x", "origin": [8, 1.63877, 8.96819]},
			"faces": {
				"north": {"uv": [12.125, 0.1875, 11.25, 0], "rotation": 90, "texture": "#0"},
				"east": {"uv": [11, 1.6875, 11.875, 1.5], "rotation": 90, "texture": "#0"},
				"south": {"uv": [11.875, 1.75, 11, 1.9375], "rotation": 90, "texture": "#0"},
				"west": {"uv": [11, 1.4375, 11.875, 1.25], "rotation": 270, "texture": "#0"},
				"up": {"uv": [12.1875, 6, 12, 6.1875], "rotation": 180, "texture": "#0"},
				"down": {"uv": [6.1875, 12, 6, 12.1875], "texture": "#0"}
			}
		},
		{
			"from": [7.82651, 2.10513, 9.75435],
			"to": [8.18651, 2.46513, 10.11435],
			"rotation": {"angle": -22.5, "axis": "x", "origin": [8, 1.63877, 8.96819]},
			"faces": {
				"north": {"uv": [10.125, 7.5, 9.25, 8.375], "rotation": 180, "texture": "#0"},
				"east": {"uv": [9.25, 9.375, 10.125, 8.5], "texture": "#0"},
				"south": {"uv": [10.125, 9.5, 9.25, 10.375], "rotation": 180, "texture": "#0"},
				"west": {"uv": [3.75, 9.875, 4.625, 9], "texture": "#0"},
				"up": {"uv": [10.875, 1.875, 10, 1], "rotation": 270, "texture": "#0"},
				"down": {"uv": [10.875, 0, 10, 0.875], "rotation": 90, "texture": "#0"}
			}
		},
		{
			"from": [7.90281, 1.12781, 9.54016],
			"to": [8.0944, 2.64167, 9.73176],
			"rotation": {"angle": 0, "axis": "x", "origin": [8, 1.63877, 8.96819]},
			"faces": {
				"north": {"uv": [12.5, 8.375, 11.25, 8.25], "rotation": 90, "texture": "#0"},
				"east": {"uv": [11.25, 6.75, 12.5, 6.875], "rotation": 90, "texture": "#0"},
				"south": {"uv": [12.5, 7, 11.25, 7.125], "rotation": 90, "texture": "#0"},
				"west": {"uv": [11.25, 6.5, 12.5, 6.625], "rotation": 270, "texture": "#0"},
				"up": {"uv": [7.375, 12, 7.25, 12.125], "rotation": 180, "texture": "#0"},
				"down": {"uv": [7.125, 12, 7, 12.125], "texture": "#0"}
			}
		},
		{
			"from": [7.91876, 0.34343, 9.65533],
			"to": [8.07843, 1.4611, 9.815],
			"rotation": {"angle": 22.5, "axis": "x", "origin": [8, 1.63877, 8.96819]},
			"faces": {
				"north": {"uv": [12.375, 11.375, 11.5, 11.25], "rotation": 90, "texture": "#0"},
				"east": {"uv": [11.5, 10.875, 12.375, 10.75], "rotation": 90, "texture": "#0"},
				"south": {"uv": [12.375, 11, 11.5, 11.125], "rotation": 90, "texture": "#0"},
				"west": {"uv": [11.5, 10.625, 12.375, 10.5], "rotation": 270, "texture": "#0"},
				"up": {"uv": [12.125, 7.5, 12, 7.625], "rotation": 180, "texture": "#0"},
				"down": {"uv": [7.625, 12, 7.5, 12.125], "texture": "#0"}
			}
		},
		{
			"from": [7.94157, -0.81839, 9.68208],
			"to": [8.05562, 0.50241, 9.79613],
			"rotation": {"angle": 22.5, "axis": "x", "origin": [8, 1.63877, 8.96819]},
			"faces": {
				"north": {"uv": [13.0625, 3.3125, 12, 3.25], "rotation": 90, "texture": "#0"},
				"east": {"uv": [12, 2.8125, 13.0625, 2.75], "rotation": 90, "texture": "#0"},
				"south": {"uv": [13.0625, 3, 12, 3.0625], "rotation": 90, "texture": "#0"},
				"west": {"uv": [11.75, 7.3125, 12.8125, 7.25], "rotation": 270, "texture": "#0"},
				"up": {"uv": [8.5625, 12, 8.5, 12.0625], "rotation": 180, "texture": "#0"},
				"down": {"uv": [8.3125, 12, 8.25, 12.0625], "texture": "#0"}
			}
		},
		{
			"from": [8.0049, 7.09697, 1.88691],
			"to": [8.0049, 14.91989, 8.26323],
			"rotation": {"angle": -22.5, "axis": "x", "origin": [8.10019, 9.91408, 8.50993]},
			"faces": {
				"north": {"uv": [0, 0, 5.4375, 0], "rotation": 90, "texture": "#0"},
				"east": {"uv": [0, 8.9375, 5.4375, 4.5], "rotation": 270, "texture": "#0"},
				"south": {"uv": [0, 0, 5.4375, 0], "rotation": 90, "texture": "#0"},
				"west": {"uv": [0, 4.4375, 5.4375, 0], "rotation": 90, "texture": "#0"},
				"up": {"uv": [0, 0, 0, 4.4375], "texture": "#0"},
				"down": {"uv": [0, 0, 0, 4.4375], "rotation": 180, "texture": "#0"}
			}
		},
		{
			"from": [7.63866, 6.36506, 6.38467],
			"to": [8.35716, 7.08356, 7.10317],
			"rotation": {"angle": 0, "axis": "x", "origin": [8.10019, 9.91408, 8.50993]},
			"faces": {
				"north": {"uv": [11.5, 4.375, 11.875, 4], "rotation": 90, "texture": "#0"},
				"east": {"uv": [11.875, 3, 11.5, 3.375], "rotation": 90, "texture": "#0"},
				"south": {"uv": [11.5, 4.5, 11.875, 4.875], "rotation": 90, "texture": "#0"},
				"west": {"uv": [11.875, 2, 11.5, 2.375], "rotation": 270, "texture": "#0"},
				"up": {"uv": [11.875, 2.5, 11.5, 2.875], "texture": "#0"},
				"down": {"uv": [11.875, 3.5, 11.5, 3.875], "rotation": 180, "texture": "#0"}
			}
		},
		{
			"from": [7.71051, 5.99708, 7.14641],
			"to": [8.28531, 6.57188, 9.30191],
			"rotation": {"angle": 45, "axis": "x", "origin": [8.10019, 9.91408, 8.50993]},
			"faces": {
				"north": {"uv": [12, 1.0625, 12.3125, 0.75], "rotation": 90, "texture": "#0"},
				"east": {"uv": [10.3125, 4, 10, 5.125], "rotation": 90, "texture": "#0"},
				"south": {"uv": [12, 1.25, 12.3125, 1.5625], "rotation": 90, "texture": "#0"},
				"west": {"uv": [5.0625, 9, 4.75, 10.125], "rotation": 270, "texture": "#0"},
				"up": {"uv": [4.0625, 10, 3.75, 11.125], "texture": "#0"},
				"down": {"uv": [4.5625, 10, 4.25, 11.125], "rotation": 180, "texture": "#0"}
			}
		},
		{
			"from": [7.78236, 5.1403, 7.0096],
			"to": [8.21346, 6.33781, 7.4407],
			"rotation": {"angle": 45, "axis": "x", "origin": [8.10019, 9.91408, 8.50993]},
			"faces": {
				"north": {"uv": [4.5, 11.875, 4.75, 11.25], "texture": "#0"},
				"east": {"uv": [11.25, 5.625, 11.5, 5], "texture": "#0"},
				"south": {"uv": [11.25, 6.375, 11.5, 5.75], "texture": "#0"},
				"west": {"uv": [4.25, 11.875, 4.5, 11.25], "texture": "#0"},
				"up": {"uv": [5.25, 12.25, 5, 12], "rotation": 270, "texture": "#0"},
				"down": {"uv": [12.25, 4.75, 12, 5], "rotation": 90, "texture": "#0"}
			}
		},
		{
			"from": [7.83025, 6.1314, 4.0931],
			"to": [8.16555, 7.62791, 4.42841],
			"rotation": {"angle": 0, "axis": "x", "origin": [8.10019, 9.91408, 8.50993]},
			"faces": {
				"north": {"uv": [11, 1.9375, 11.875, 1.75], "rotation": 90, "texture": "#0"},
				"east": {"uv": [11.875, 1.5, 11, 1.6875], "rotation": 90, "texture": "#0"},
				"south": {"uv": [11.25, 0, 12.125, 0.1875], "rotation": 90, "texture": "#0"},
				"west": {"uv": [11.875, 1.25, 11, 1.4375], "rotation": 270, "texture": "#0"},
				"up": {"uv": [6.1875, 12, 6, 12.1875], "texture": "#0"},
				"down": {"uv": [12.1875, 6, 12, 6.1875], "rotation": 180, "texture": "#0"}
			}
		},
		{
			"from": [7.73977, 4.06004, 7.78162],
			"to": [8.27977, 4.60004, 8.32162],
			"rotation": {"angle": 45, "axis": "x", "origin": [8.10019, 9.91408, 8.50993]},
			"faces": {
				"north": {"uv": [10, 0.875, 10.875, 0], "rotation": 90, "texture": "#0"},
				"east": {"uv": [10.125, 8.5, 9.25, 9.375], "rotation": 90, "texture": "#0"},
				"south": {"uv": [10, 1, 10.875, 1.875], "rotation": 90, "texture": "#0"},
				"west": {"uv": [4.625, 9, 3.75, 9.875], "rotation": 270, "texture": "#0"},
				"up": {"uv": [10.125, 7.5, 9.25, 8.375], "texture": "#0"},
				"down": {"uv": [10.125, 9.5, 9.25, 10.375], "rotation": 180, "texture": "#0"}
			}
		},
		{
			"from": [7.85421, 8.14659, 2.99812],
			"to": [8.14161, 10.41738, 3.28552],
			"rotation": {"angle": -22.5, "axis": "x", "origin": [8.10019, 9.91408, 8.50993]},
			"faces": {
				"north": {"uv": [11.25, 7.125, 12.5, 7], "rotation": 90, "texture": "#0"},
				"east": {"uv": [11.25, 6.75, 12.5, 6.875], "rotation": 270, "texture": "#0"},
				"south": {"uv": [11.25, 8.25, 12.5, 8.375], "rotation": 90, "texture": "#0"},
				"west": {"uv": [11.25, 6.5, 12.5, 6.625], "rotation": 90, "texture": "#0"},
				"up": {"uv": [7.125, 12, 7, 12.125], "texture": "#0"},
				"down": {"uv": [7.375, 12, 7.25, 12.125], "rotation": 180, "texture": "#0"}
			}
		},
		{
			"from": [7.87815, 8.2665, 3.30634],
			"to": [8.11765, 9.94301, 3.54584],
			"rotation": {"angle": 0, "axis": "x", "origin": [8.10019, 9.91408, 8.50993]},
			"faces": {
				"north": {"uv": [11.5, 11.125, 12.375, 11], "rotation": 90, "texture": "#0"},
				"east": {"uv": [12.375, 10.75, 11.5, 10.875], "rotation": 90, "texture": "#0"},
				"south": {"uv": [11.5, 11.25, 12.375, 11.375], "rotation": 90, "texture": "#0"},
				"west": {"uv": [12.375, 10.5, 11.5, 10.625], "rotation": 270, "texture": "#0"},
				"up": {"uv": [7.625, 12, 7.5, 12.125], "texture": "#0"},
				"down": {"uv": [12.125, 7.5, 12, 7.625], "rotation": 180, "texture": "#0"}
			}
		},
		{
			"from": [7.91236, 9.70454, 3.33465],
			"to": [8.08344, 11.68574, 3.50572],
			"rotation": {"angle": 0, "axis": "x", "origin": [8.10019, 9.91408, 8.50993]},
			"faces": {
				"north": {"uv": [12, 3.0625, 13.0625, 3], "rotation": 90, "texture": "#0"},
				"east": {"uv": [13.0625, 2.75, 12, 2.8125], "rotation": 90, "texture": "#0"},
				"south": {"uv": [12, 3.25, 13.0625, 3.3125], "rotation": 90, "texture": "#0"},
				"west": {"uv": [12.8125, 7.25, 11.75, 7.3125], "rotation": 270, "texture": "#0"},
				"up": {"uv": [8.3125, 12, 8.25, 12.0625], "texture": "#0"},
				"down": {"uv": [8.5625, 12, 8.5, 12.0625], "rotation": 180, "texture": "#0"}
			}
		},
		{
			"from": [7.7591, 4.13895, 7.45268],
			"to": [8.2381, 4.61795, 7.93168],
			"rotation": {"angle": 0, "axis": "x", "origin": [8, 4.61123, 6.03181]},
			"faces": {
				"north": {"uv": [11.5, 4.375, 11.875, 4], "rotation": 90, "texture": "#0"},
				"east": {"uv": [11.875, 3, 11.5, 3.375], "rotation": 90, "texture": "#0"},
				"south": {"uv": [11.5, 4.5, 11.875, 4.875], "rotation": 90, "texture": "#0"},
				"west": {"uv": [11.875, 2, 11.5, 2.375], "rotation": 270, "texture": "#0"},
				"up": {"uv": [11.875, 2.5, 11.5, 2.875], "texture": "#0"},
				"down": {"uv": [11.875, 3.5, 11.5, 3.875], "rotation": 180, "texture": "#0"}
			}
		},
		{
			"from": [8.00326, 2.90858, 4.52743],
			"to": [8.00326, 8.12386, 8.77831],
			"rotation": {"angle": -45, "axis": "x", "origin": [8, 4.61123, 6.03181]},
			"faces": {
				"north": {"uv": [0, 0, 5.4375, 0], "rotation": 90, "texture": "#0"},
				"east": {"uv": [5.4375, 4.5, 0, 8.9375], "rotation": 90, "texture": "#0"},
				"south": {"uv": [0, 0, 5.4375, 0], "rotation": 90, "texture": "#0"},
				"west": {"uv": [5.4375, 0, 0, 4.4375], "rotation": 270, "texture": "#0"},
				"up": {"uv": [0, 0, 0, 4.4375], "texture": "#0"},
				"down": {"uv": [0, 0, 0, 4.4375], "rotation": 180, "texture": "#0"}
			}
		},
		{
			"from": [7.807, 4.75643, 6.0747],
			"to": [8.1902, 5.13963, 7.5117],
			"rotation": {"angle": 22.5, "axis": "x", "origin": [8, 4.61123, 6.03181]},
			"faces": {
				"north": {"uv": [12, 1.0625, 12.3125, 0.75], "rotation": 90, "texture": "#0"},
				"east": {"uv": [10, 5.125, 10.3125, 4], "rotation": 270, "texture": "#0"},
				"south": {"uv": [12, 1.25, 12.3125, 1.5625], "rotation": 90, "texture": "#0"},
				"west": {"uv": [4.75, 10.125, 5.0625, 9], "rotation": 90, "texture": "#0"},
				"up": {"uv": [4.0625, 10, 3.75, 11.125], "texture": "#0"},
				"down": {"uv": [4.5625, 10, 4.25, 11.125], "rotation": 180, "texture": "#0"}
			}
		},
		{
			"from": [7.8549, 4.18524, 5.98349],
			"to": [8.1423, 4.98358, 6.27089],
			"rotation": {"angle": 22.5, "axis": "x", "origin": [8, 4.61123, 6.03181]},
			"faces": {
				"north": {"uv": [4.5, 11.875, 4.75, 11.25], "texture": "#0"},
				"east": {"uv": [11.5, 5, 11.25, 5.625], "rotation": 180, "texture": "#0"},
				"south": {"uv": [11.25, 6.375, 11.5, 5.75], "texture": "#0"},
				"west": {"uv": [4.5, 11.25, 4.25, 11.875], "rotation": 180, "texture": "#0"},
				"up": {"uv": [5.25, 12.25, 5, 12], "rotation": 270, "texture": "#0"},
				"down": {"uv": [12.25, 4.75, 12, 5], "rotation": 90, "texture": "#0"}
			}
		},
		{
			"from": [7.88683, 3.3655, 5.70951],
			"to": [8.11036, 4.36317, 5.93305],
			"rotation": {"angle": -22.5, "axis": "x", "origin": [8, 4.61123, 6.03181]},
			"faces": {
				"north": {"uv": [11, 1.9375, 11.875, 1.75], "rotation": 90, "texture": "#0"},
				"east": {"uv": [11.875, 1.5, 11, 1.6875], "rotation": 90, "texture": "#0"},
				"south": {"uv": [11.25, 0, 12.125, 0.1875], "rotation": 90, "texture": "#0"},
				"west": {"uv": [11.875, 1.25, 11, 1.4375], "rotation": 270, "texture": "#0"},
				"up": {"uv": [6.1875, 12, 6, 12.1875], "texture": "#0"},
				"down": {"uv": [12.1875, 6, 12, 6.1875], "rotation": 180, "texture": "#0"}
			}
		},
		{
			"from": [7.82651, 3.46507, 6.49817],
			"to": [8.18651, 3.82507, 6.85817],
			"rotation": {"angle": 22.5, "axis": "x", "origin": [8, 4.61123, 6.03181]},
			"faces": {
				"north": {"uv": [10, 0.875, 10.875, 0], "rotation": 90, "texture": "#0"},
				"east": {"uv": [9.25, 9.375, 10.125, 8.5], "rotation": 270, "texture": "#0"},
				"south": {"uv": [10, 1, 10.875, 1.875], "rotation": 90, "texture": "#0"},
				"west": {"uv": [3.75, 9.875, 4.625, 9], "rotation": 90, "texture": "#0"},
				"up": {"uv": [10.125, 7.5, 9.25, 8.375], "texture": "#0"},
				"down": {"uv": [10.125, 9.5, 9.25, 10.375], "rotation": 180, "texture": "#0"}
			}
		},
		{
			"from": [7.90281, 3.60833, 5.26824],
			"to": [8.0944, 5.12219, 5.45984],
			"rotation": {"angle": -45, "axis": "x", "origin": [8, 4.61123, 6.03181]},
			"faces": {
				"north": {"uv": [11.25, 7.125, 12.5, 7], "rotation": 90, "texture": "#0"},
				"east": {"uv": [12.5, 6.875, 11.25, 6.75], "rotation": 90, "texture": "#0"},
				"south": {"uv": [11.25, 8.25, 12.5, 8.375], "rotation": 90, "texture": "#0"},
				"west": {"uv": [12.5, 6.625, 11.25, 6.5], "rotation": 270, "texture": "#0"},
				"up": {"uv": [7.125, 12, 7, 12.125], "texture": "#0"},
				"down": {"uv": [7.375, 12, 7.25, 12.125], "rotation": 180, "texture": "#0"}
			}
		},
		{
			"from": [7.91876, 4.7889, 5.185],
			"to": [8.07843, 5.90657, 5.34467],
			"rotation": {"angle": -22.5, "axis": "x", "origin": [8, 4.61123, 6.03181]},
			"faces": {
				"north": {"uv": [11.5, 11.125, 12.375, 11], "rotation": 90, "texture": "#0"},
				"east": {"uv": [12.375, 10.75, 11.5, 10.875], "rotation": 90, "texture": "#0"},
				"south": {"uv": [11.5, 11.25, 12.375, 11.375], "rotation": 90, "texture": "#0"},
				"west": {"uv": [12.375, 10.5, 11.5, 10.625], "rotation": 270, "texture": "#0"},
				"up": {"uv": [7.625, 12, 7.5, 12.125], "texture": "#0"},
				"down": {"uv": [12.125, 7.5, 12, 7.625], "rotation": 180, "texture": "#0"}
			}
		},
		{
			"from": [7.94157, 5.74759, 5.20387],
			"to": [8.05562, 7.06839, 5.31792],
			"rotation": {"angle": -22.5, "axis": "x", "origin": [8, 4.61123, 6.03181]},
			"faces": {
				"north": {"uv": [12, 3.0625, 13.0625, 3], "rotation": 90, "texture": "#0"},
				"east": {"uv": [13.0625, 2.75, 12, 2.8125], "rotation": 90, "texture": "#0"},
				"south": {"uv": [12, 3.25, 13.0625, 3.3125], "rotation": 90, "texture": "#0"},
				"west": {"uv": [12.8125, 7.25, 11.75, 7.3125], "rotation": 270, "texture": "#0"},
				"up": {"uv": [8.3125, 12, 8.25, 12.0625], "texture": "#0"},
				"down": {"uv": [8.5625, 12, 8.5, 12.0625], "rotation": 180, "texture": "#0"}
			}
		},
		{
			"from": [7.7591, 3.05964, 6.55953],
			"to": [8.2381, 3.53864, 7.03853],
			"rotation": {"angle": 45, "axis": "x", "origin": [8, 1.63877, 7.03181]},
			"faces": {
				"north": {"uv": [11.5, 3.5, 11.875, 3.875], "rotation": 180, "texture": "#0"},
				"east": {"uv": [11.5, 3, 11.875, 3.375], "rotation": 180, "texture": "#0"},
				"south": {"uv": [11.5, 2.5, 11.875, 2.875], "rotation": 180, "texture": "#0"},
				"west": {"uv": [11.5, 2, 11.875, 2.375], "rotation": 180, "texture": "#0"},
				"up": {"uv": [11.5, 4.875, 11.875, 4.5], "rotation": 270, "texture": "#0"},
				"down": {"uv": [11.5, 4, 11.875, 4.375], "rotation": 90, "texture": "#0"}
			}
		},
		{
			"from": [8.00326, -1.87386, 5.52743],
			"to": [8.00326, 3.34142, 9.77831],
			"rotation": {"angle": 0, "axis": "x", "origin": [8, 1.63877, 7.03181]},
			"faces": {
				"north": {"uv": [5.4375, 0, 0, 0], "rotation": 90, "texture": "#0"},
				"east": {"uv": [0, 4.5, 5.4375, 8.9375], "rotation": 90, "texture": "#0"},
				"south": {"uv": [5.4375, 0, 0, 0], "rotation": 90, "texture": "#0"},
				"west": {"uv": [0, 0, 5.4375, 4.4375], "rotation": 270, "texture": "#0"},
				"up": {"uv": [0, 4.4375, 0, 0], "rotation": 180, "texture": "#0"},
				"down": {"uv": [0, 4.4375, 0, 0], "texture": "#0"}
			}
		},
		{
			"from": [7.807, 1.68166, 7.17701],
			"to": [8.1902, 3.11866, 7.56021],
			"rotation": {"angle": 22.5, "axis": "x", "origin": [8, 1.63877, 7.03181]},
			"faces": {
				"north": {"uv": [4.25, 10, 4.5625, 11.125], "rotation": 180, "texture": "#0"},
				"east": {"uv": [10.3125, 5.125, 10, 4], "texture": "#0"},
				"south": {"uv": [3.75, 10, 4.0625, 11.125], "rotation": 180, "texture": "#0"},
				"west": {"uv": [5.0625, 10.125, 4.75, 9], "texture": "#0"},
				"up": {"uv": [12, 1.5625, 12.3125, 1.25], "rotation": 270, "texture": "#0"},
				"down": {"uv": [12, 0.75, 12.3125, 1.0625], "rotation": 90, "texture": "#0"}
			}
		},
		{
			"from": [7.8549, 1.59045, 6.60582],
			"to": [8.1423, 1.87785, 7.40416],
			"rotation": {"angle": 22.5, "axis": "x", "origin": [8, 1.63877, 7.03181]},
			"faces": {
				"north": {"uv": [12.25, 5, 12, 4.75], "rotation": 90, "texture": "#0"},
				"east": {"uv": [11.5, 5.625, 11.25, 5], "rotation": 270, "texture": "#0"},
				"south": {"uv": [5.25, 12, 5, 12.25], "rotation": 90, "texture": "#0"},
				"west": {"uv": [4.5, 11.875, 4.25, 11.25], "rotation": 90, "texture": "#0"},
				"up": {"uv": [11.5, 6.375, 11.25, 5.75], "rotation": 180, "texture": "#0"},
				"down": {"uv": [4.75, 11.875, 4.5, 11.25], "texture": "#0"}
			}
		},
		{
			"from": [7.88683, 1.88683, 6.70951],
			"to": [8.11036, 2.8845, 6.93305],
			"rotation": {"angle": -22.5, "axis": "x", "origin": [8, 1.63877, 7.03181]},
			"faces": {
				"north": {"uv": [11.875, 1.9375, 11, 1.75], "rotation": 90, "texture": "#0"},
				"east": {"uv": [11, 1.5, 11.875, 1.6875], "rotation": 90, "texture": "#0"},
				"south": {"uv": [12.125, 0, 11.25, 0.1875], "rotation": 90, "texture": "#0"},
				"west": {"uv": [11, 1.25, 11.875, 1.4375], "rotation": 270, "texture": "#0"},
				"up": {"uv": [12.1875, 6.1875, 12, 6], "rotation": 180, "texture": "#0"},
				"down": {"uv": [6.1875, 12.1875, 6, 12], "texture": "#0"}
			}
		},
		{
			"from": [7.82651, 2.10513, 5.88565],
			"to": [8.18651, 2.46513, 6.24565],
			"rotation": {"angle": 22.5, "axis": "x", "origin": [8, 1.63877, 7.03181]},
			"faces": {
				"north": {"uv": [9.25, 9.5, 10.125, 10.375], "rotation": 180, "texture": "#0"},
				"east": {"uv": [10.125, 9.375, 9.25, 8.5], "texture": "#0"},
				"south": {"uv": [9.25, 7.5, 10.125, 8.375], "rotation": 180, "texture": "#0"},
				"west": {"uv": [4.625, 9.875, 3.75, 9], "texture": "#0"},
				"up": {"uv": [10, 1.875, 10.875, 1], "rotation": 270, "texture": "#0"},
				"down": {"uv": [10, 0, 10.875, 0.875], "rotation": 90, "texture": "#0"}
			}
		},
		{
			"from": [7.90281, 1.12781, 6.26824],
			"to": [8.0944, 2.64167, 6.45984],
			"rotation": {"angle": 0, "axis": "x", "origin": [8, 1.63877, 7.03181]},
			"faces": {
				"north": {"uv": [12.5, 7.125, 11.25, 7], "rotation": 90, "texture": "#0"},
				"east": {"uv": [11.25, 6.875, 12.5, 6.75], "rotation": 90, "texture": "#0"},
				"south": {"uv": [12.5, 8.25, 11.25, 8.375], "rotation": 90, "texture": "#0"},
				"west": {"uv": [11.25, 6.625, 12.5, 6.5], "rotation": 270, "texture": "#0"},
				"up": {"uv": [7.375, 12.125, 7.25, 12], "rotation": 180, "texture": "#0"},
				"down": {"uv": [7.125, 12.125, 7, 12], "texture": "#0"}
			}
		},
		{
			"from": [7.91876, 0.34343, 6.185],
			"to": [8.07843, 1.4611, 6.34467],
			"rotation": {"angle": -22.5, "axis": "x", "origin": [8, 1.63877, 7.03181]},
			"faces": {
				"north": {"uv": [12.375, 11.125, 11.5, 11], "rotation": 90, "texture": "#0"},
				"east": {"uv": [11.5, 10.75, 12.375, 10.875], "rotation": 90, "texture": "#0"},
				"south": {"uv": [12.375, 11.25, 11.5, 11.375], "rotation": 90, "texture": "#0"},
				"west": {"uv": [11.5, 10.5, 12.375, 10.625], "rotation": 270, "texture": "#0"},
				"up": {"uv": [12.125, 7.625, 12, 7.5], "rotation": 180, "texture": "#0"},
				"down": {"uv": [7.625, 12.125, 7.5, 12], "texture": "#0"}
			}
		},
		{
			"from": [7.94157, -0.81839, 6.20387],
			"to": [8.05562, 0.50241, 6.31792],
			"rotation": {"angle": -22.5, "axis": "x", "origin": [8, 1.63877, 7.03181]},
			"faces": {
				"north": {"uv": [13.0625, 3.0625, 12, 3], "rotation": 90, "texture": "#0"},
				"east": {"uv": [12, 2.75, 13.0625, 2.8125], "rotation": 90, "texture": "#0"},
				"south": {"uv": [13.0625, 3.25, 12, 3.3125], "rotation": 90, "texture": "#0"},
				"west": {"uv": [11.75, 7.25, 12.8125, 7.3125], "rotation": 270, "texture": "#0"},
				"up": {"uv": [8.5625, 12.0625, 8.5, 12], "rotation": 180, "texture": "#0"},
				"down": {"uv": [8.3125, 12.0625, 8.25, 12], "texture": "#0"}
			}
		},
		{
			"from": [8.25, -1, 5],
			"to": [8.25, 5, 11],
			"rotation": {"angle": 0, "axis": "x", "origin": [8.25, 2, 8]},
			"faces": {
				"north": {"uv": [0, 0, 3.875, 0], "rotation": 90, "texture": "#4"},
				"east": {"uv": [16, 0, 0, 16], "rotation": 270, "texture": "#4"},
				"south": {"uv": [0, 0, 3.875, 0], "rotation": 90, "texture": "#4"},
				"west": {"uv": [0, 0, 16, 16], "rotation": 90, "texture": "#4"},
				"up": {"uv": [0, 5.75, 0, 0], "texture": "#4"},
				"down": {"uv": [0, 5.75, 0, 0], "rotation": 180, "texture": "#4"}
			}
		},
		{
			"from": [8.5, 4.75, 6],
			"to": [8.5, 8.75, 10],
			"rotation": {"angle": 0, "axis": "x", "origin": [8.5, 5.75, 9]},
			"faces": {
				"north": {"uv": [0, 0, 3.875, 0], "rotation": 90, "texture": "#2"},
				"east": {"uv": [16, 0, 0, 16], "rotation": 270, "texture": "#2"},
				"south": {"uv": [0, 0, 3.875, 0], "rotation": 90, "texture": "#2"},
				"west": {"uv": [0, 0, 16, 16], "rotation": 90, "texture": "#2"},
				"up": {"uv": [0, 5.75, 0, 0], "texture": "#2"},
				"down": {"uv": [0, 5.75, 0, 0], "rotation": 180, "texture": "#2"}
			}
		}
	],
	"gui_light": "front",
	"display": {
		"thirdperson_righthand": {
			"rotation": [43.97, 90, 0],
			"translation": [0.25, 2, 0.75],
			"scale": [1.5, 1.5, 1.5]
		},
		"thirdperson_lefthand": {
			"rotation": [43.97, 90, 0],
			"translation": [0.25, 2, 0.75],
			"scale": [1.5, 1.5, 1.5]
		},
		"firstperson_righthand": {
			"rotation": [90, -80, 90],
			"translation": [-4.5, 5.25, 0],
			"scale": [1.26172, 1.26172, 1.26172]
		},
		"firstperson_lefthand": {
			"rotation": [90, -80, 90],
			"translation": [-4.5, 5.25, 0],
			"scale": [1.26172, 1.26172, 1.26172]
		},
		"ground": {
			"rotation": [-63, 0, 45],
			"translation": [-0.75, 0.25, -1],
			"scale": [1.03906, 1.03906, 1.03906]
		},
		"gui": {
			"rotation": [0, 90, 0],
			"translation": [0.25, 2.5, 0],
			"scale": [1.01953, 1.01953, 1.01953]
		},
		"head": {
			"scale": [0, 0, 0]
		},
		"fixed": {
			"rotation": [0, 90, 0],
			"translation": [0, 3.5, -2.5],
			"scale": [2, 2, 2]
		}
	},
	"groups": [
		{
			"name": "group",
			"origin": [8, 8, 8],
			"color": 0,
			"nbt": "{}",
			"armAnimationEnabled": false,
			"children": [
				0,
				1,
				2,
				{
					"name": "group",
					"origin": [2.99478, 9.27826, 8.5],
					"color": 0,
					"nbt": "{}",
					"armAnimationEnabled": false,
					"children": [
						{
							"name": "group",
							"origin": [7.89981, 9.91408, 7.99007],
							"color": 0,
							"nbt": "{}",
							"armAnimationEnabled": false,
							"children": [3, 4, 5, 6, 7, 8, 9, 10, 11]
						},
						{
							"name": "group",
							"origin": [8.05819, 8.00662, 8.27888],
							"color": 0,
							"nbt": "{}",
							"armAnimationEnabled": false,
							"children": [12, 13, 14, 15, 16, 17, 18, 19, 20]
						},
						{
							"name": "group",
							"origin": [8.05819, 8.00662, 8.27888],
							"color": 0,
							"nbt": "{}",
							"armAnimationEnabled": false,
							"children": [21, 22, 23, 24, 25, 26, 27, 28, 29]
						}
					]
				},
				{
					"name": "group",
					"origin": [2.99478, 9.27826, 8.5],
					"color": 0,
					"nbt": "{}",
					"armAnimationEnabled": false,
					"children": [
						{
							"name": "group",
							"origin": [7.89981, 9.91408, 7.99007],
							"color": 0,
							"nbt": "{}",
							"armAnimationEnabled": false,
							"children": [30, 31, 32, 33, 34, 35, 36, 37, 38]
						},
						{
							"name": "group",
							"origin": [8.05819, 8.00662, 8.27888],
							"color": 0,
							"nbt": "{}",
							"armAnimationEnabled": false,
							"children": [39, 40, 41, 42, 43, 44, 45, 46, 47]
						},
						{
							"name": "group",
							"origin": [8.05819, 8.00662, 8.27888],
							"color": 0,
							"nbt": "{}",
							"armAnimationEnabled": false,
							"children": [48, 49, 50, 51, 52, 53, 54, 55, 56]
						}
					]
				}
			]
		},
		57,
		58
	]
}