{"textures​":{"layer0":"minecraft:item/amethyst_shard"},"credit":"Made with Blockbench","texture_size":[128,128],"\u0074\u0065\u0078\u0074\u0075\u0072\u0065\u0073":{"1":"\u0072\u0065\u0061\u0070\u0065\u0072_\u0070\u0061\u0063\u006b:\u0072\u0065\u0061\u0070\u0065\u0072_\u0070\u0061\u0063\u006b/\u0062\u006f\u0077_\u0072\u0065\u0061\u0070\u0065\u0072","\u0070\u0061\u0072\u0074\u0069\u0063\u006c\u0065":"#1"},"elements":[{"from":[5.21981,5.25,5.21981],"to":[6.21981,10.75,6.21981],"rotation":{"angle":-45,"axis":"y","origin":[8,8,8]},"faces":{"north":{"uv":[5,5.25,5.125,5.9375],"texture":"#1"},"east":{"uv":[1.5,5.375,1.625,6.0625],"texture":"#1"},"south":{"uv":[1.625,5.375,1.75,6.0625],"texture":"#1"},"west":{"uv":[1.25,5.25,1.375,5.9375],"texture":"#1"},"up":{"uv":[4.625,3,4.5,2.875],"rotation":270,"texture":"#1"},"down":{"uv":[4.75,3.75,4.625,3.875],"rotation":90,"texture":"#1"}}},{"from":[7,3.96981,3.96981],"to":[9,7.46981,7.46981],"rotation":{"angle":45,"axis":"x","origin":[8,8,8]},"faces":{"north":{"uv":[2.5,5.125,2.75,5.5625],"texture":"#1"},"east":{"uv":[0,4.75,0.4375,5.1875],"texture":"#1"},"south":{"uv":[2.75,5.125,3,5.5625],"texture":"#1"},"west":{"uv":[4.625,3.25,5.0625,3.6875],"texture":"#1"},"up":{"uv":[5.5625,3.5,5.125,3.25],"rotation":270,"texture":"#1"},"down":{"uv":[5.5625,3.5,5.125,3.75],"rotation":90,"texture":"#1"}}},{"from":[6.75,-0.26422,6.82717],"to":[9.25,0.73578,11.82717],"rotation":{"angle":22.5,"axis":"x","origin":[8,8,8]},"faces":{"north":{"uv":[5.875,5,6.1875,5.125],"texture":"#1"},"east":{"uv":[5.25,3.125,5.875,3.25],"texture":"#1"},"south":{"uv":[5.125,5.875,5.4375,6],"texture":"#1"},"west":{"uv":[5.25,1.25,5.875,1.375],"texture":"#1"},"up":{"uv":[5.125,4.8125,4.5,4.5],"rotation":270,"texture":"#1"},"down":{"uv":[5.25,2.875,4.625,3.1875],"rotation":90,"texture":"#1"}}},{"from":[6.75,-3.30726,1.0341],"to":[9.25,3.69274,2.0341],"rotation":{"angle":-22.5,"axis":"x","origin":[8,8,8]},"faces":{"north":{"uv":[3,4.125,3.3125,5],"texture":"#1"},"east":{"uv":[0,5.25,0.125,6.125],"texture":"#1"},"south":{"uv":[4.25,3,4.5625,3.875],"texture":"#1"},"west":{"uv":[5.125,5,5.25,5.875],"texture":"#1"},"up":{"uv":[4.125,6.1875,4,5.875],"rotation":270,"texture":"#1"},"down":{"uv":[4.25,5.875,4.125,6.1875],"rotation":90,"texture":"#1"}}},{"from":[6.75,-6.78082,-2.76275],"to":[9.25,0.21918,-1.76275],"rotation":{"angle":-45,"axis":"x","origin":[8,8,8]},"faces":{"north":{"uv":[2.25,4.125,2.5625,5],"texture":"#1"},"east":{"uv":[3.125,5.125,3.25,6],"texture":"#1"},"south":{"uv":[2.625,4.125,2.9375,5],"texture":"#1"},"west":{"uv":[3,5.125,3.125,6],"texture":"#1"},"up":{"uv":[6,4.0625,5.875,3.75],"rotation":270,"texture":"#1"},"down":{"uv":[4,5.875,3.875,6.1875],"rotation":90,"texture":"#1"}}},{"from":[6.775,-2.19026,7.99976],"to":[9.225,-0.19026,8.99976],"rotation":{"angle":0,"axis":"z","origin":[8,8,8]},"faces":{"north":{"uv":[1.75,5.375,2.0625,5.625],"texture":"#1"},"east":{"uv":[0.625,6,0.75,6.25],"texture":"#1"},"south":{"uv":[3.875,5.5,4.1875,5.75],"texture":"#1"},"west":{"uv":[0.5,6,0.625,6.25],"texture":"#1"},"up":{"uv":[3.375,6.1875,3.25,5.875],"rotation":270,"texture":"#1"},"down":{"uv":[6,3.375,5.875,3.6875],"rotation":90,"texture":"#1"}}},{"from":[6.775,-3.19026,7.99976],"to":[9.225,-2.19026,10.49976],"rotation":{"angle":0,"axis":"z","origin":[8,8,8]},"faces":{"north":{"uv":[5.875,3,6.1875,3.125],"texture":"#1"},"east":{"uv":[5.875,3.125,6.1875,3.25],"texture":"#1"},"south":{"uv":[5.875,3.25,6.1875,3.375],"texture":"#1"},"west":{"uv":[5.875,2.875,6.1875,3],"texture":"#1"},"up":{"uv":[1.1875,5.5625,0.875,5.25],"rotation":270,"texture":"#1"},"down":{"uv":[5.5625,1.625,5.25,1.9375],"rotation":90,"texture":"#1"}}},{"from":[6.75,-6.8712,5.40983],"to":[9.25,-2.3712,6.40983],"rotation":{"angle":-22.5,"axis":"x","origin":[8,8,8]},"faces":{"north":{"uv":[4.875,1.625,5.1875,2.1875],"texture":"#1"},"east":{"uv":[2,5.625,2.125,6.1875],"texture":"#1"},"south":{"uv":[3.875,4.875,4.1875,5.4375],"texture":"#1"},"west":{"uv":[1.125,5.625,1.25,6.1875],"texture":"#1"},"up":{"uv":[1.5,6.1875,1.375,5.875],"rotation":270,"texture":"#1"},"down":{"uv":[6,2,5.875,2.3125],"rotation":90,"texture":"#1"}}},{"from":[6.775,-0.08396,20.74798],"to":[9.225,0.91604,29.24798],"rotation":{"angle":45,"axis":"x","origin":[8,8,8]},"faces":{"north":{"uv":[5.875,1.75,6.1875,1.875],"texture":"#1"},"east":{"uv":[5,0.875,6.0625,1],"texture":"#1"},"south":{"uv":[5.875,1.875,6.1875,2],"texture":"#1"},"west":{"uv":[5,0.75,6.0625,0.875],"texture":"#1"},"up":{"uv":[1.0625,3.8125,0,3.5],"rotation":270,"texture":"#1"},"down":{"uv":[3.3125,3.75,2.25,4.0625],"rotation":90,"texture":"#1"}}},{"from":[6.75,-7.59986,17.53697],"to":[9.25,-6.59986,24.53697],"rotation":{"angle":22.5,"axis":"x","origin":[8,8,8]},"faces":{"north":{"uv":[5.875,1.5,6.1875,1.625],"texture":"#1"},"east":{"uv":[5.125,4.875,6,5],"texture":"#1"},"south":{"uv":[5.875,1.625,6.1875,1.75],"texture":"#1"},"west":{"uv":[5.125,4.75,6,4.875],"texture":"#1"},"up":{"uv":[5,0.6875,4.125,0.375],"rotation":270,"texture":"#1"},"down":{"uv":[5,0.75,4.125,1.0625],"rotation":90,"texture":"#1"}}},{"from":[7.25,0.57142,4.19831],"to":[8.75,3.57142,5.19831],"rotation":{"angle":-22.5,"axis":"x","origin":[8,8,8]},"faces":{"north":{"uv":[1.75,5.625,1.9375,6],"texture":"#1"},"east":{"uv":[5.75,3.75,5.875,4.125],"texture":"#1"},"south":{"uv":[5.625,2,5.8125,2.375],"texture":"#1"},"west":{"uv":[5.625,5.625,5.75,6],"texture":"#1"},"up":{"uv":[3.25,6.1875,3.125,6],"rotation":270,"texture":"#1"},"down":{"uv":[6.125,3.375,6,3.5625],"rotation":90,"texture":"#1"}}},{"from":[7.25,2.45368,6.18244],"to":[8.75,5.45368,7.18244],"rotation":{"angle":0,"axis":"z","origin":[8,8,8]},"faces":{"north":{"uv":[0.875,5.625,1.0625,6],"texture":"#1"},"east":{"uv":[5.5,5.625,5.625,6],"texture":"#1"},"south":{"uv":[5.625,1.625,5.8125,2],"texture":"#1"},"west":{"uv":[5.625,5.25,5.75,5.625],"texture":"#1"},"up":{"uv":[3,6.1875,2.875,6],"rotation":270,"texture":"#1"},"down":{"uv":[3.125,6,3,6.1875],"rotation":90,"texture":"#1"}}},{"from":[7.25,4.45368,-1.81756],"to":[8.75,5.45368,6.18244],"rotation":{"angle":0,"axis":"z","origin":[8,8,8]},"faces":{"north":{"uv":[2.625,6,2.8125,6.125],"texture":"#1"},"east":{"uv":[5,4.375,6,4.5],"texture":"#1"},"south":{"uv":[6,2.625,6.1875,2.75],"texture":"#1"},"west":{"uv":[5,4.25,6,4.375],"texture":"#1"},"up":{"uv":[5.75,4.1875,4.75,4],"rotation":270,"texture":"#1"},"down":{"uv":[5.875,1.375,4.875,1.5625],"rotation":90,"texture":"#1"}}},{"from":[7.25,0.89049,-0.09581],"to":[8.75,1.89049,6.90419],"rotation":{"angle":22.5,"axis":"x","origin":[8,8,8]},"faces":{"north":{"uv":[2.375,6,2.5625,6.125],"texture":"#1"},"east":{"uv":[5.125,4.625,6,4.75],"texture":"#1"},"south":{"uv":[6,2.5,6.1875,2.625],"texture":"#1"},"west":{"uv":[5.125,4.5,6,4.625],"texture":"#1"},"up":{"uv":[5.875,0.4375,5,0.25],"rotation":270,"texture":"#1"},"down":{"uv":[1.375,5,0.5,5.1875],"rotation":90,"texture":"#1"}}},{"from":[7.25,2.45478,1.90508],"to":[8.75,4.45478,2.90508],"rotation":{"angle":-22.5,"axis":"x","origin":[8,8,8]},"faces":{"north":{"uv":[5.625,3.5,5.8125,3.75],"texture":"#1"},"east":{"uv":[0.375,6,0.5,6.25],"texture":"#1"},"south":{"uv":[5.625,5,5.8125,5.25],"texture":"#1"},"west":{"uv":[0.25,6,0.375,6.25],"texture":"#1"},"up":{"uv":[2.375,6.1875,2.25,6],"rotation":270,"texture":"#1"},"down":{"uv":[6.125,2.25,6,2.4375],"rotation":90,"texture":"#1"}}},{"from":[7.275,0.45368,-1.81756],"to":[8.725,4.45368,7.18244],"rotation":{"angle":0,"axis":"z","origin":[8,8,8]},"faces":{"north":{"uv":[4.75,5.25,4.9375,5.75],"texture":"#1"},"east":{"uv":[3,1,4.125,1.5],"texture":"#1"},"south":{"uv":[5.25,5,5.4375,5.5],"texture":"#1"},"west":{"uv":[3,0.5,4.125,1],"texture":"#1"},"up":{"uv":[2.25,4.6875,1.125,4.5],"rotation":270,"texture":"#1"},"down":{"uv":[5.625,2.25,4.5,2.4375],"rotation":90,"texture":"#1"}}},{"from":[6.8,-11.19026,3.99976],"to":[9.2,0.80974,15.49976],"rotation":{"angle":0,"axis":"z","origin":[8,8,8]},"faces":{"north":{"uv":[3,1.5,3.3125,3],"texture":"#1"},"east":{"uv":[1.5,1.5,2.9375,3],"texture":"#1"},"south":{"uv":[1.875,3,2.1875,4.5],"texture":"#1"},"west":{"uv":[1.5,0,2.9375,1.5],"texture":"#1"},"up":{"uv":[4.8125,2.1875,3.375,1.875],"rotation":270,"texture":"#1"},"down":{"uv":[3.6875,3.375,2.25,3.6875],"rotation":90,"texture":"#1"}}},{"from":[6.8,15.19026,3.99976],"to":[9.2,27.19026,15.49976],"rotation":{"angle":0,"axis":"z","origin":[8,8,8]},"faces":{"north":{"uv":[1.125,3,1.4375,4.5],"texture":"#1"},"east":{"uv":[0,1.5,1.4375,3],"texture":"#1"},"south":{"uv":[1.5,3,1.8125,4.5],"texture":"#1"},"west":{"uv":[0,0,1.4375,1.5],"texture":"#1"},"up":{"uv":[3.6875,3.3125,2.25,3],"rotation":270,"texture":"#1"},"down":{"uv":[4.8125,1.5,3.375,1.8125],"rotation":90,"texture":"#1"}}},{"from":[7.275,11.54632,-1.81756],"to":[8.725,15.54632,7.18244],"rotation":{"angle":0,"axis":"z","origin":[8,8,8]},"faces":{"north":{"uv":[4.25,5.25,4.4375,5.75],"texture":"#1"},"east":{"uv":[3,0,4.125,0.5],"texture":"#1"},"south":{"uv":[4.5,5.25,4.6875,5.75],"texture":"#1"},"west":{"uv":[0,3,1.125,3.5],"texture":"#1"},"up":{"uv":[5.25,1.3125,4.125,1.125],"rotation":270,"texture":"#1"},"down":{"uv":[5,4.25,3.875,4.4375],"rotation":90,"texture":"#1"}}},{"from":[7.25,11.54522,1.90508],"to":[8.75,13.54522,2.90508],"rotation":{"angle":22.5,"axis":"x","origin":[8,8,8]},"faces":{"north":{"uv":[5.625,2.875,5.8125,3.125],"texture":"#1"},"east":{"uv":[0.125,6,0.25,6.25],"texture":"#1"},"south":{"uv":[5.625,3.25,5.8125,3.5],"texture":"#1"},"west":{"uv":[6,0,6.125,0.25],"texture":"#1"},"up":{"uv":[6.125,2.1875,6,2],"rotation":270,"texture":"#1"},"down":{"uv":[2.25,6,2.125,6.1875],"rotation":90,"texture":"#1"}}},{"from":[7.25,14.10951,-0.09581],"to":[8.75,15.10951,6.90419],"rotation":{"angle":-22.5,"axis":"x","origin":[8,8,8]},"faces":{"north":{"uv":[6,1,6.1875,1.125],"texture":"#1"},"east":{"uv":[4.25,5.125,5.125,5.25],"texture":"#1"},"south":{"uv":[1.75,6,1.9375,6.125],"texture":"#1"},"west":{"uv":[5.125,2.75,6,2.875],"texture":"#1"},"up":{"uv":[5.125,5.0625,4.25,4.875],"rotation":270,"texture":"#1"},"down":{"uv":[5.875,0,5,0.1875],"rotation":90,"texture":"#1"}}},{"from":[7.25,10.54632,-1.81756],"to":[8.75,11.54632,6.18244],"rotation":{"angle":0,"axis":"z","origin":[8,8,8]},"faces":{"north":{"uv":[5.875,5.125,6.0625,5.25],"texture":"#1"},"east":{"uv":[2.25,5,3.25,5.125],"texture":"#1"},"south":{"uv":[6,0.25,6.1875,0.375],"texture":"#1"},"west":{"uv":[5,1,6,1.125],"texture":"#1"},"up":{"uv":[1.5,4.9375,0.5,4.75],"rotation":270,"texture":"#1"},"down":{"uv":[5.75,3.75,4.75,3.9375],"rotation":90,"texture":"#1"}}},{"from":[7.25,10.54632,6.18244],"to":[8.75,13.54632,7.18244],"rotation":{"angle":0,"axis":"z","origin":[8,8,8]},"faces":{"north":{"uv":[0.375,5.625,0.5625,6],"texture":"#1"},"east":{"uv":[2.875,5.625,3,6],"texture":"#1"},"south":{"uv":[0.625,5.625,0.8125,6],"texture":"#1"},"west":{"uv":[2.75,5.625,2.875,6],"texture":"#1"},"up":{"uv":[1.125,6.1875,1,6],"rotation":270,"texture":"#1"},"down":{"uv":[1.375,6,1.25,6.1875],"rotation":90,"texture":"#1"}}},{"from":[7.25,12.42858,4.19831],"to":[8.75,15.42858,5.19831],"rotation":{"angle":22.5,"axis":"x","origin":[8,8,8]},"faces":{"north":{"uv":[5.25,5.5,5.4375,5.875],"texture":"#1"},"east":{"uv":[2.625,5.625,2.75,6],"texture":"#1"},"south":{"uv":[0.125,5.625,0.3125,6],"texture":"#1"},"west":{"uv":[2.5,5.625,2.625,6],"texture":"#1"},"up":{"uv":[0.875,6.1875,0.75,6],"rotation":270,"texture":"#1"},"down":{"uv":[1,6,0.875,6.1875],"rotation":90,"texture":"#1"}}},{"from":[7.75,-9.75,13.52532],"to":[8.25,2.5,14.02532],"rotation":{"angle":45,"axis":"x","origin":[8,-8.875,14.77532]},"faces":{"north":{"uv":[3.75,5.21875,3.8125,3],"texture":"#1"},"east":{"uv":[3.75,5.21875,3.8125,3],"texture":"#1"},"south":{"uv":[3.75,5.21875,3.8125,3],"texture":"#1"},"west":{"uv":[3.75,5.21875,3.8125,3],"texture":"#1"},"up":{"uv":[3.75,5.21875,3.8125,3],"texture":"#1"},"down":{"uv":[3.75,5.21875,3.8125,3],"texture":"#1"}}},{"from":[7.75,13.5,13.52532],"to":[8.25,25.75,14.02532],"rotation":{"angle":-45,"axis":"x","origin":[8,24.875,14.77532]},"faces":{"north":{"uv":[3.75,3,3.8125,5.21875],"texture":"#1"},"east":{"uv":[3.75,3,3.8125,5.21875],"texture":"#1"},"south":{"uv":[3.75,3,3.8125,5.21875],"texture":"#1"},"west":{"uv":[3.75,3,3.8125,5.21875],"texture":"#1"},"up":{"uv":[3.75,3,3.8125,5.21875],"texture":"#1"},"down":{"uv":[3.75,3,3.8125,5.21875],"texture":"#1"}}},{"from":[7.75,7.6719,24.1513],"to":[8.25,16.6719,24.6513],"rotation":{"angle":-22.5,"axis":"x","origin":[8,10.5469,24.4013]},"faces":{"north":{"uv":[3.75,4.25,3.8125,5.21875],"rotation":180,"texture":"#1"},"east":{"uv":[3.75,4.25,3.8125,5.21875],"rotation":180,"texture":"#1"},"south":{"uv":[3.75,4.25,3.8125,5.21875],"rotation":180,"texture":"#1"},"west":{"uv":[3.75,4.25,3.8125,5.21875],"rotation":180,"texture":"#1"},"up":{"uv":[3.75,4.25,3.8125,5.21875],"rotation":180,"texture":"#1"},"down":{"uv":[3.75,4.25,3.8125,5.21875],"rotation":180,"texture":"#1"}}},{"from":[7.75,-0.6719,24.1513],"to":[8.25,8.3281,24.6513],"rotation":{"angle":22.5,"axis":"x","origin":[8,5.4531,24.4013]},"faces":{"north":{"uv":[3.75,5.21875,3.8125,4.25],"rotation":180,"texture":"#1"},"east":{"uv":[3.75,5.21875,3.8125,4.25],"rotation":180,"texture":"#1"},"south":{"uv":[3.75,5.21875,3.8125,4.25],"rotation":180,"texture":"#1"},"west":{"uv":[3.75,5.21875,3.8125,4.25],"rotation":180,"texture":"#1"},"up":{"uv":[3.75,5.21875,3.8125,4.25],"rotation":180,"texture":"#1"},"down":{"uv":[3.75,5.21875,3.8125,4.25],"rotation":180,"texture":"#1"}}},{"from":[6.75,22.59986,17.53697],"to":[9.25,23.59986,24.53697],"rotation":{"angle":-22.5,"axis":"x","origin":[8,8,8]},"faces":{"north":{"uv":[5.875,1.25,6.1875,1.375],"texture":"#1"},"east":{"uv":[5.125,2.625,6,2.75],"texture":"#1"},"south":{"uv":[5.875,1.375,6.1875,1.5],"texture":"#1"},"west":{"uv":[5.125,2.5,6,2.625],"texture":"#1"},"up":{"uv":[4.75,4.1875,3.875,3.875],"rotation":270,"texture":"#1"},"down":{"uv":[5,0,4.125,0.3125],"rotation":90,"texture":"#1"}}},{"from":[6.775,15.08396,20.74798],"to":[9.225,16.08396,29.24798],"rotation":{"angle":-45,"axis":"x","origin":[8,8,8]},"faces":{"north":{"uv":[5.875,0.375,6.1875,0.5],"texture":"#1"},"east":{"uv":[5,0.625,6.0625,0.75],"texture":"#1"},"south":{"uv":[5.875,1.125,6.1875,1.25],"texture":"#1"},"west":{"uv":[5,0.5,6.0625,0.625],"texture":"#1"},"up":{"uv":[4.4375,2.5625,3.375,2.25],"rotation":270,"texture":"#1"},"down":{"uv":[4.4375,2.625,3.375,2.9375],"rotation":90,"texture":"#1"}}},{"from":[6.75,18.3712,5.40983],"to":[9.25,22.8712,6.40983],"rotation":{"angle":22.5,"axis":"x","origin":[8,8,8]},"faces":{"north":{"uv":[1.5,4.75,1.8125,5.3125],"texture":"#1"},"east":{"uv":[5.5,5,5.625,5.5625],"texture":"#1"},"south":{"uv":[1.875,4.75,2.1875,5.3125],"texture":"#1"},"west":{"uv":[2.125,5.375,2.25,5.9375],"texture":"#1"},"up":{"uv":[5.875,5.9375,5.75,5.625],"rotation":270,"texture":"#1"},"down":{"uv":[6,0,5.875,0.3125],"rotation":90,"texture":"#1"}}},{"from":[6.775,18.19026,7.99976],"to":[9.225,19.19026,10.49976],"rotation":{"angle":0,"axis":"z","origin":[8,8,8]},"faces":{"north":{"uv":[5.75,5.25,6.0625,5.375],"texture":"#1"},"east":{"uv":[5.75,5.375,6.0625,5.5],"texture":"#1"},"south":{"uv":[5.75,5.5,6.0625,5.625],"texture":"#1"},"west":{"uv":[5.75,4.125,6.0625,4.25],"texture":"#1"},"up":{"uv":[0.4375,5.5625,0.125,5.25],"rotation":270,"texture":"#1"},"down":{"uv":[0.8125,5.25,0.5,5.5625],"rotation":90,"texture":"#1"}}},{"from":[6.775,16.19026,7.99976],"to":[9.225,18.19026,8.99976],"rotation":{"angle":0,"axis":"z","origin":[8,8,8]},"faces":{"north":{"uv":[5.25,2,5.5625,2.25],"texture":"#1"},"east":{"uv":[5.875,5.875,6,6.125],"texture":"#1"},"south":{"uv":[5.25,2.875,5.5625,3.125],"texture":"#1"},"west":{"uv":[5.875,5.625,6,5.875],"texture":"#1"},"up":{"uv":[4.875,6.0625,4.75,5.75],"rotation":270,"texture":"#1"},"down":{"uv":[5,5.75,4.875,6.0625],"rotation":90,"texture":"#1"}}},{"from":[6.75,15.78082,-2.76275],"to":[9.25,22.78082,-1.76275],"rotation":{"angle":45,"axis":"x","origin":[8,8,8]},"faces":{"north":{"uv":[0.75,3.875,1.0625,4.75],"texture":"#1"},"east":{"uv":[2.375,5.125,2.5,6],"texture":"#1"},"south":{"uv":[3.875,3,4.1875,3.875],"texture":"#1"},"west":{"uv":[2.25,5.125,2.375,6],"texture":"#1"},"up":{"uv":[4.625,6.0625,4.5,5.75],"rotation":270,"texture":"#1"},"down":{"uv":[4.75,5.75,4.625,6.0625],"rotation":90,"texture":"#1"}}},{"from":[6.75,12.30726,1.0341],"to":[9.25,19.30726,2.0341],"rotation":{"angle":22.5,"axis":"x","origin":[8,8,8]},"faces":{"north":{"uv":[0,3.875,0.3125,4.75],"texture":"#1"},"east":{"uv":[3.25,5,3.375,5.875],"texture":"#1"},"south":{"uv":[0.375,3.875,0.6875,4.75],"texture":"#1"},"west":{"uv":[1.375,5,1.5,5.875],"texture":"#1"},"up":{"uv":[4.375,6.0625,4.25,5.75],"rotation":270,"texture":"#1"},"down":{"uv":[4.5,5.75,4.375,6.0625],"rotation":90,"texture":"#1"}}},{"from":[6.75,15.26422,6.82717],"to":[9.25,16.26422,11.82717],"rotation":{"angle":-22.5,"axis":"x","origin":[8,8,8]},"faces":{"north":{"uv":[5.625,2.375,5.9375,2.5],"texture":"#1"},"east":{"uv":[5.25,1.125,5.875,1.25],"texture":"#1"},"south":{"uv":[3.875,5.75,4.1875,5.875],"texture":"#1"},"west":{"uv":[4.125,1.375,4.75,1.5],"texture":"#1"},"up":{"uv":[5.125,2.8125,4.5,2.5],"rotation":270,"texture":"#1"},"down":{"uv":[4.5,4.5,3.875,4.8125],"rotation":90,"texture":"#1"}}},{"from":[8,5.5,-2.75],"to":[8,10.5,26.25],"faces":{"north":{"uv":[0,0,0,0.625],"texture":"#missing"},"east":{"uv":[15.375,3.625,16,0],"rotation":90,"texture":"#1"},"south":{"uv":[0,0,0,0.625],"texture":"#missing"},"west":{"uv":[15.375,0,16,3.625],"rotation":90,"texture":"#1"},"up":{"uv":[0,0,0,3.625],"texture":"#missing"},"down":{"uv":[0,0,0,3.625],"texture":"#missing"}}}],"gui_light":"front","display":{"thirdperson_righthand":{"translation":[-0.2,-2,3.5],"scale":[0.65625,0.65625,0.65625]},"thirdperson_lefthand":{"translation":[-0.2,-2,3.5],"scale":[0.65625,0.65625,0.65625]},"firstperson_righthand":{"rotation":[20.27,33.21,3.3],"translation":[0.5,3.75,0.5],"scale":[0.34375,0.34375,0.34375]},"firstperson_lefthand":{"rotation":[20.27,33.21,3.3],"translation":[0.5,3.75,0.5],"scale":[0.34375,0.34375,0.34375]},"ground":{"rotation":[0,0,-80],"translation":[-1,-1,-1.25],"scale":[0.54883,0.54883,0.54883]},"gui":{"rotation":[90,47.25,-90],"translation":[-2.25,2,-2],"scale":[0.42773,0.42773,0.42773]},"head":{"rotation":[0,90,0],"translation":[-2.5,19.5,0],"scale":[0.65234,0.65234,0.65234]},"fixed":{"rotation":[0,90,0],"translation":[-1,-0.25,-2],"scale":[1.27539,1.27539,1.27539]}}}