{"textures​":{"layer0":"minecraft:item/purple_candle_cake"},"credit":"Made with Blockbench","texture_size":[128,128],"\u0074\u0065\u0078\u0074\u0075\u0072\u0065\u0073":{"0":"\u0065\u006c\u0069\u0074\u0065\u0063\u0072\u0065\u0061\u0074\u0075\u0072\u0065\u0073:\u0073\u0061\u006b\u0075\u0072\u0061/\u0073\u0061\u006b\u0075\u0072\u0061_\u0074\u0065\u0078\u0074\u0075\u0072\u0065","1":"\u0065\u006c\u0069\u0074\u0065\u0063\u0072\u0065\u0061\u0074\u0075\u0072\u0065\u0073:\u0073\u0061\u006b\u0075\u0072\u0061/\u0073\u0061\u006b\u0075\u0072\u0061_\u0061\u006e\u0069\u006d\u0061\u0074\u0069\u006f\u006e_01","2":"\u0065\u006c\u0069\u0074\u0065\u0063\u0072\u0065\u0061\u0074\u0075\u0072\u0065\u0073:\u0073\u0061\u006b\u0075\u0072\u0061/\u0073\u0061\u006b\u0075\u0072\u0061_\u0061\u006e\u0069\u006d\u0061\u0074\u0069\u006f\u006e_02-\u0065\u0078\u0070\u006f\u0072\u0074","\u0070\u0061\u0072\u0074\u0069\u0063\u006c\u0065":"\u0065\u006c\u0069\u0074\u0065\u0063\u0072\u0065\u0061\u0074\u0075\u0072\u0065\u0073:\u0073\u0061\u006b\u0075\u0072\u0061/\u0073\u0061\u006b\u0075\u0072\u0061_\u0074\u0065\u0078\u0074\u0075\u0072\u0065"},"elements":[{"from":[9,6,-1],"to":[11,10,8],"rotation":{"angle":-22.5,"axis":"x","origin":[9.75,6,3.625]},"faces":{"north":{"uv":[1.75,2.5625,2,3.0625],"texture":"#0"},"east":{"uv":[1.9375,3.125,0.8125,3.625],"texture":"#0"},"south":{"uv":[2,2.5625,1.75,3.0625],"texture":"#0"},"west":{"uv":[1.9375,3.125,0.8125,3.625],"texture":"#0"},"up":{"uv":[1.9375,3.875,0.8125,3.625],"rotation":90,"texture":"#0"},"down":{"uv":[1.9375,3.625,0.8125,3.875],"rotation":270,"texture":"#0"}}},{"from":[9,6,8],"to":[11,10,17],"rotation":{"angle":22.5,"axis":"x","origin":[9.75,6,12.375]},"faces":{"north":{"uv":[1.75,2.5625,2,3.0625],"texture":"#0"},"east":{"uv":[0.8125,3.125,1.9375,3.625],"texture":"#0"},"south":{"uv":[2,2.5625,1.75,3.0625],"texture":"#0"},"west":{"uv":[0.8125,3.125,1.9375,3.625],"texture":"#0"},"up":{"uv":[0.8125,3.875,1.9375,3.625],"rotation":90,"texture":"#0"},"down":{"uv":[0.8125,3.625,1.9375,3.875],"rotation":270,"texture":"#0"}}},{"from":[13,-1,5.25],"to":[13,11,10.75],"rotation":{"angle":0,"axis":"y","origin":[18,5,0]},"faces":{"north":{"uv":[0,0,0,12],"texture":"#1"},"east":{"uv":[5.5,0,0,12],"texture":"#1"},"south":{"uv":[0,0,0,12],"texture":"#1"},"west":{"uv":[0,0,5.5,12],"texture":"#1"},"up":{"uv":[0,6,0,0],"texture":"#1"},"down":{"uv":[0,0,0,6],"texture":"#1"}}},{"from":[8.75,7.5,4],"to":[11.25,11,7],"rotation":{"angle":-22.5,"axis":"x","origin":[10,10.25,4]},"faces":{"north":{"uv":[1.6875,1,2,1.4375],"texture":"#0"},"east":{"uv":[1.3125,1,1.6875,1.4375],"texture":"#0"},"south":{"uv":[1.6875,1,2,1.4375],"texture":"#0"},"west":{"uv":[1.6875,1,1.3125,1.4375],"texture":"#0"},"up":{"uv":[2,1.8125,1.6875,1.4375],"texture":"#0"},"down":{"uv":[2,1.8125,1.6875,1.4375],"texture":"#0"}}},{"from":[9,10,6.25],"to":[11,11,9.75],"rotation":{"angle":0,"axis":"y","origin":[18,3,0]},"faces":{"north":{"uv":[1.0625,0.625,0.8125,0.75],"texture":"#0"},"east":{"uv":[0.8125,1.6875,0.375,1.8125],"texture":"#0"},"south":{"uv":[1.0625,0.625,0.8125,0.75],"texture":"#0"},"west":{"uv":[0.8125,1.6875,0.375,1.8125],"texture":"#0"},"up":{"uv":[1.0625,1,0.8125,1.4375],"texture":"#0"},"down":{"uv":[1.0625,1,0.8125,1.4375],"texture":"#0"}}},{"from":[8,6,6],"to":[12,10,10],"rotation":{"angle":45,"axis":"x","origin":[10,8,8]},"faces":{"north":{"uv":[2.0625,0.5,1.5625,1],"texture":"#0"},"east":{"uv":[1.5625,0,2.0625,0.5],"texture":"#0"},"south":{"uv":[2.0625,0.5,1.5625,1],"texture":"#0"},"west":{"uv":[2.0625,0,1.5625,0.5],"texture":"#0"},"up":{"uv":[2.0625,0.5,1.5625,1],"texture":"#0"},"down":{"uv":[2.0625,0.5,1.5625,1],"texture":"#0"}}},{"from":[8.75,7.5,9],"to":[11.25,11,12],"rotation":{"angle":22.5,"axis":"x","origin":[10,10.25,12]},"faces":{"north":{"uv":[2,1,1.6875,1.4375],"texture":"#0"},"east":{"uv":[1.6875,1,1.3125,1.4375],"texture":"#0"},"south":{"uv":[2,1,1.6875,1.4375],"texture":"#0"},"west":{"uv":[1.3125,1,1.6875,1.4375],"texture":"#0"},"up":{"uv":[2,1.4375,1.6875,1.8125],"texture":"#0"},"down":{"uv":[2,1.4375,1.6875,1.8125],"texture":"#0"}}},{"from":[7.5,7,7],"to":[12.5,9,9],"rotation":{"angle":45,"axis":"x","origin":[10,8,8]},"faces":{"north":{"uv":[1.6875,1.4375,1.0625,1.6875],"texture":"#0"},"east":{"uv":[1.0625,1.4375,0.8125,1.6875],"texture":"#0"},"south":{"uv":[1.6875,1.4375,1.0625,1.6875],"texture":"#0"},"west":{"uv":[1.0625,1.4375,0.8125,1.6875],"texture":"#0"},"up":{"uv":[1.6875,1.4375,1.0625,1.6875],"texture":"#0"},"down":{"uv":[1.6875,1.4375,1.0625,1.6875],"texture":"#0"}}},{"from":[8.5,7,15],"to":[8.5,15,24],"rotation":{"angle":22.5,"axis":"y","origin":[9.5,12,10.5]},"faces":{"north":{"uv":[0,0,0,1],"texture":"#missing"},"east":{"uv":[4.5625,0,3.4375,1],"texture":"#0"},"south":{"uv":[0,0,0,1],"texture":"#missing"},"west":{"uv":[3.4375,0,4.5625,1],"texture":"#0"},"up":{"uv":[0,0,0,1],"texture":"#missing"},"down":{"uv":[0,0,0,1],"texture":"#missing"}}},{"from":[10.9,1,19.25],"to":[10.9,8,24.75],"rotation":{"angle":22.5,"axis":"y","origin":[10,5.5,18]},"faces":{"north":{"uv":[0,0,0,6],"texture":"#missing"},"east":{"uv":[0,5,5.5,12],"texture":"#1"},"south":{"uv":[0,0,0,6],"texture":"#missing"},"west":{"uv":[5.5,5,0,12],"texture":"#1"},"up":{"uv":[0,0,0,3],"texture":"#missing"},"down":{"uv":[0,3,0,0],"texture":"#missing"}}},{"from":[10.9,1,-8.75],"to":[10.9,8,-3.25],"rotation":{"angle":-22.5,"axis":"y","origin":[10,5.5,-2]},"faces":{"north":{"uv":[0,0,0,6],"texture":"#missing"},"east":{"uv":[5.5,5,0,12],"texture":"#1"},"south":{"uv":[0,0,0,6],"texture":"#missing"},"west":{"uv":[0,5,5.5,12],"texture":"#1"},"up":{"uv":[0,3,0,0],"texture":"#missing"},"down":{"uv":[0,0,0,3],"texture":"#missing"}}},{"from":[8.5,7,-8],"to":[8.5,15,1],"rotation":{"angle":-22.5,"axis":"y","origin":[9.5,12,5.5]},"faces":{"north":{"uv":[0,0,0,1],"texture":"#missing"},"east":{"uv":[3.4375,0,4.5625,1],"texture":"#0"},"south":{"uv":[0,0,0,1],"texture":"#missing"},"west":{"uv":[4.5625,0,3.4375,1],"texture":"#0"},"up":{"uv":[0,1,0,0],"texture":"#missing"},"down":{"uv":[0,1,0,0],"texture":"#missing"}}},{"from":[10,1,-16],"to":[10,14,5],"rotation":{"angle":22.5,"axis":"x","origin":[0,7,23]},"faces":{"north":{"uv":[0,0,0,1.5],"texture":"#missing"},"east":{"uv":[15.25,3.4375,12.625,5.0625],"texture":"#0"},"south":{"uv":[0,0,0,1.5],"texture":"#missing"},"west":{"uv":[12.625,3.4375,15.25,5.0625],"texture":"#0"},"up":{"uv":[0,0,0,2.5],"texture":"#missing"},"down":{"uv":[0,0,0,2.5],"texture":"#missing"}}},{"from":[10,1,11],"to":[10,14,32],"rotation":{"angle":-22.5,"axis":"x","origin":[0,7,-7]},"faces":{"north":{"uv":[0,0,0,1.5],"texture":"#missing"},"east":{"uv":[12.625,3.4375,15.25,5.0625],"texture":"#0"},"south":{"uv":[0,0,0,1.5],"texture":"#missing"},"west":{"uv":[15.25,3.4375,12.625,5.0625],"texture":"#0"},"up":{"uv":[0,2.5,0,0],"texture":"#missing"},"down":{"uv":[0,2.5,0,0],"texture":"#missing"}}},{"from":[8.4,4,4.6],"to":[9.9,6.5,10.6],"rotation":{"angle":-22.5,"axis":"x","origin":[9.9,-2.25,8]},"faces":{"north":{"uv":[1.625,2,1.4375,1.6875],"texture":"#0"},"east":{"uv":[1.4375,2,0.8125,1.6875],"texture":"#0"},"south":{"uv":[1.625,2,1.4375,1.6875],"rotation":180,"texture":"#0"},"west":{"uv":[1.4375,1.6875,0.8125,2],"rotation":180,"texture":"#0"},"up":{"uv":[0.8125,2,1.4375,2.1875],"rotation":90,"texture":"#0"},"down":{"uv":[0.8125,2,1.4375,2.1875],"rotation":90,"texture":"#0"}}},{"from":[8.4,4,5.4],"to":[9.9,6.5,11.4],"rotation":{"angle":22.5,"axis":"x","origin":[9.9,-2.25,8]},"faces":{"north":{"uv":[1.4375,2,1.625,1.6875],"rotation":180,"texture":"#0"},"east":{"uv":[0.8125,2,1.4375,1.6875],"texture":"#0"},"south":{"uv":[1.4375,2,1.625,1.6875],"texture":"#0"},"west":{"uv":[0.8125,1.6875,1.4375,2],"rotation":180,"texture":"#0"},"up":{"uv":[1.4375,2,0.8125,2.1875],"rotation":90,"texture":"#0"},"down":{"uv":[1.4375,2,0.8125,2.1875],"rotation":90,"texture":"#0"}}},{"from":[9.5,8,20],"to":[9.5,16,30],"rotation":{"angle":0,"axis":"y","origin":[7,2,17]},"faces":{"north":{"uv":[0,0,0,8],"rotation":180,"texture":"#2"},"east":{"uv":[8,10,0,0],"rotation":270,"texture":"#2"},"south":{"uv":[0,8,0,0],"texture":"#2"},"west":{"uv":[0,10,8,0],"rotation":90,"texture":"#2"},"up":{"uv":[0,0,0,10],"rotation":180,"texture":"#2"},"down":{"uv":[0,0,0,10],"texture":"#2"}}},{"from":[9.5,8,-14],"to":[9.5,16,-4],"rotation":{"angle":0,"axis":"y","origin":[7,2,-1]},"faces":{"north":{"uv":[0,8,0,0],"texture":"#2"},"east":{"uv":[8,0,0,10],"rotation":270,"texture":"#2"},"south":{"uv":[0,0,0,8],"rotation":180,"texture":"#2"},"west":{"uv":[0,0,8,10],"rotation":90,"texture":"#2"},"up":{"uv":[0,10,0,0],"rotation":180,"texture":"#2"},"down":{"uv":[0,10,0,0],"texture":"#2"}}}],"gui_light":"front","display":{"thirdperson_righthand":{"rotation":[65,-90,0],"translation":[-6,-5.75,8.25]},"thirdperson_lefthand":{"rotation":[65,90,0],"translation":[-6,-5.25,8.5]},"firstperson_righthand":{"rotation":[-10,0,0],"translation":[1.25,-5,0],"scale":[0,0,0]},"firstperson_lefthand":{"rotation":[-10,0,0],"translation":[1.25,-5,0],"scale":[0,0,0]},"ground":{"rotation":[-20.48,-16.05,38.43],"translation":[0,8,0],"scale":[0.6,0.6,0.6]},"gui":{"rotation":[90,-86.75,90],"translation":[0.5,-2.75,-1.5],"scale":[0.5,0.5,0.5]},"head":{"rotation":[-146.25,-88.82,-146.26],"translation":[-1,-15.75,5.5],"scale":[1.46133,1.46133,1.46133]},"fixed":{"rotation":[-90,-87.75,-90],"translation":[0.25,4,-9.25],"scale":[1.68789,1.68789,1.68789]}}}