{"credit":"MadewithBlockbench","textures":{"0":"elitecreatures:music_festival_cosmetic_set/tex3","1":"elitecreatures:music_festival_cosmetic_set/ani8","2":"elitecreatures:music_festival_cosmetic_set/ani7","particle":"elitecreatures:music_festival_cosmetic_set/tex3"},"elements":[{"from":[5,12.2,4.25],"to":[11,13.1,5.75],"rotation":{"angle":0,"axis":"y","origin":[0,0,6]},"faces":{"north":{"uv":[9,7,6,7.5],"texture":"#0"},"east":{"uv":[3.75,5.5,3,6],"texture":"#0"},"south":{"uv":[6,7,3,7.5],"texture":"#0"},"west":{"uv":[9.75,7,9,7.5],"texture":"#0"},"up":{"uv":[8.5,4,5.5,4.75],"texture":"#0"},"down":{"uv":[8.5,5.75,5.5,5],"texture":"#0"}}},{"from":[4,13,4.55],"to":[12,16,5.45],"rotation":{"angle":0,"axis":"y","origin":[0,0,6]},"faces":{"north":{"uv":[4,1.5,0,3],"texture":"#0"},"east":{"uv":[8.45,8.5,8,10],"texture":"#0"},"south":{"uv":[4,0,0,1.5],"texture":"#0"},"west":{"uv":[8.95,8.5,8.5,10],"texture":"#0"},"up":{"uv":[7,6,3,6.45],"texture":"#0"},"down":{"uv":[7,6.95,3,6.5],"texture":"#0"}}},{"from":[0,12.8,4.5],"to":[4,16,5.5],"rotation":{"angle":22.5,"axis":"z","origin":[4,16,6]},"faces":{"north":{"uv":[4,3,2,4.5],"texture":"#0"},"east":{"uv":[9.5,1,9,2.5],"texture":"#0"},"south":{"uv":[2,3,0,4.5],"texture":"#0"},"west":{"uv":[9.5,2.5,9,4],"texture":"#0"},"up":{"uv":[6,7.5,4,8],"texture":"#0"},"down":{"uv":[8,8,6,7.5],"texture":"#0"}}},{"from":[0.33011,10.49238,4.55],"to":[3.33011,14.49238,5.45],"rotation":{"angle":-45,"axis":"z","origin":[0.3,14.5,6]},"faces":{"north":{"uv":[5.5,2,4,4],"texture":"#0"},"east":{"uv":[4.5,8,4,10],"texture":"#0"},"south":{"uv":[5.5,0,4,2],"texture":"#0"},"west":{"uv":[5,8,4.5,10],"texture":"#0"},"up":{"uv":[10.5,4,9,4.5],"texture":"#0"},"down":{"uv":[10.5,5,9,4.5],"texture":"#0"}}},{"from":[-2.5406,7.62289,4.5],"to":[0.4594,11.62289,5.5],"rotation":{"angle":-22.5,"axis":"z","origin":[-2.5,11.6,6]},"faces":{"north":{"uv":[1.5,4.5,0,6.5],"texture":"#0"},"east":{"uv":[5.5,8,5,10],"texture":"#0"},"south":{"uv":[5.5,4,4,6],"texture":"#0"},"west":{"uv":[6,8,5.5,10],"texture":"#0"},"up":{"uv":[10.5,6,9,6.5],"texture":"#0"},"down":{"uv":[10.5,7,9,6.5],"texture":"#0"}}},{"from":[0.4594,7.62289,4.25],"to":[1.4594,11.62289,5.75],"rotation":{"angle":-22.5,"axis":"z","origin":[-2.5,11.6,6]},"faces":{"north":{"uv":[8,8.5,7.5,10.5],"texture":"#0"},"east":{"uv":[0.75,6.5,0,8.5],"texture":"#0"},"south":{"uv":[7.5,8.5,7,10.5],"texture":"#0"},"west":{"uv":[1.75,7.5,1,9.5],"texture":"#0"},"up":{"uv":[1.5,6.5,1,7.25],"texture":"#0"},"down":{"uv":[10,1.75,9.5,1],"texture":"#0"}}},{"from":[0,12,4.25],"to":[3.8,13,5.75],"rotation":{"angle":22.5,"axis":"z","origin":[4,16,6]},"faces":{"north":{"uv":[10.5,5.5,8.5,6],"texture":"#0"},"east":{"uv":[10.25,2,9.5,2.5],"texture":"#0"},"south":{"uv":[10.5,5,8.5,5.5],"texture":"#0"},"west":{"uv":[10.25,2.5,9.5,3],"texture":"#0"},"up":{"uv":[9,6,7,6.75],"texture":"#0"},"down":{"uv":[4,8.25,2,7.5],"texture":"#0"}}},{"from":[12.2,12,4.25],"to":[16,13,5.75],"rotation":{"angle":-22.5,"axis":"z","origin":[12,16,6]},"faces":{"north":{"uv":[8.5,5.5,10.5,6],"texture":"#0"},"east":{"uv":[9.5,2.5,10.25,3],"texture":"#0"},"south":{"uv":[8.5,5,10.5,5.5],"texture":"#0"},"west":{"uv":[9.5,2,10.25,2.5],"texture":"#0"},"up":{"uv":[7,6,9,6.75],"texture":"#0"},"down":{"uv":[2,8.25,4,7.5],"texture":"#0"}}},{"from":[14.5406,7.62289,4.25],"to":[15.5406,11.62289,5.75],"rotation":{"angle":22.5,"axis":"z","origin":[18.5,11.6,6]},"faces":{"north":{"uv":[7.5,8.5,8,10.5],"texture":"#0"},"east":{"uv":[1,7.5,1.75,9.5],"texture":"#0"},"south":{"uv":[7,8.5,7.5,10.5],"texture":"#0"},"west":{"uv":[0,6.5,0.75,8.5],"texture":"#0"},"up":{"uv":[1,6.5,1.5,7.25],"texture":"#0"},"down":{"uv":[9.5,1.75,10,1],"texture":"#0"}}},{"from":[16.2707,2.82343,4.5],"to":[17.2707,6.82343,5.5],"rotation":{"angle":0,"axis":"y","origin":[16.3,6.8,6]},"faces":{"north":{"uv":[8.5,3,9,5],"texture":"#0"},"east":{"uv":[3.5,8.5,4,10.5],"texture":"#0"},"south":{"uv":[2.5,8.5,3,10.5],"texture":"#0"},"west":{"uv":[3,8.5,3.5,10.5],"texture":"#0"},"up":{"uv":[9.5,8.5,10,9],"texture":"#0"},"down":{"uv":[9,10,9.5,9.5],"texture":"#0"}}},{"from":[16.2707,-1.17657,4.5],"to":[17.2707,2.82343,5.5],"rotation":{"angle":-22.5,"axis":"z","origin":[17.3,2.8,6]},"faces":{"north":{"uv":[8.5,1,9,3],"texture":"#0"},"east":{"uv":[2,8.5,2.5,10.5],"texture":"#0"},"south":{"uv":[0,8.5,0.5,10.5],"texture":"#0"},"west":{"uv":[0.5,8.5,1,10.5],"texture":"#0"},"up":{"uv":[9.5,3.5,10,4],"texture":"#0"},"down":{"uv":[9.5,8.5,10,8],"texture":"#0"}}},{"from":[13.5406,5.62289,4],"to":[19.5406,7.62289,6],"rotation":{"angle":22.5,"axis":"z","origin":[18.5,11.6,6]},"faces":{"north":{"uv":[8.5,0,5.5,1],"texture":"#0"},"east":{"uv":[6,8,7,9],"texture":"#0"},"south":{"uv":[5.5,0,8.5,1],"texture":"#0"},"west":{"uv":[3,4.5,4,5.5],"texture":"#0"},"up":{"uv":[5.5,2,8.5,3],"texture":"#0"},"down":{"uv":[5.5,4,8.5,3],"texture":"#0"}}},{"from":[19.5406,5.12289,3.5],"to":[20.5406,8.12289,6.5],"rotation":{"angle":22.5,"axis":"z","origin":[18.5,11.6,6]},"faces":{"north":{"uv":[6.5,9,6,10.5],"texture":"#0"},"east":{"uv":[1.5,6,3,7.5],"texture":"#0"},"south":{"uv":[6,9,6.5,10.5],"texture":"#0"},"west":{"uv":[1.5,4.5,3,6],"texture":"#0"},"up":{"uv":[9,8,9.5,9.5],"texture":"#0"},"down":{"uv":[1,11,1.5,9.5],"texture":"#0"}}},{"from":[15.5406,7.62289,4.5],"to":[18.5406,11.62289,5.5],"rotation":{"angle":22.5,"axis":"z","origin":[18.5,11.6,6]},"faces":{"north":{"uv":[0,4.5,1.5,6.5],"texture":"#0"},"east":{"uv":[5.5,8,6,10],"texture":"#0"},"south":{"uv":[4,4,5.5,6],"texture":"#0"},"west":{"uv":[5,8,5.5,10],"texture":"#0"},"up":{"uv":[9,6,10.5,6.5],"texture":"#0"},"down":{"uv":[9,7,10.5,6.5],"texture":"#0"}}},{"from":[12.66989,10.49238,4.55],"to":[15.66989,14.49238,5.45],"rotation":{"angle":45,"axis":"z","origin":[15.7,14.5,6]},"faces":{"north":{"uv":[4,2,5.5,4],"texture":"#0"},"east":{"uv":[4.5,8,5,10],"texture":"#0"},"south":{"uv":[4,0,5.5,2],"texture":"#0"},"west":{"uv":[4,8,4.5,10],"texture":"#0"},"up":{"uv":[9,4,10.5,4.5],"texture":"#0"},"down":{"uv":[9,5,10.5,4.5],"texture":"#0"}}},{"from":[12,12.8,4.5],"to":[16,16,5.5],"rotation":{"angle":-22.5,"axis":"z","origin":[12,16,6]},"faces":{"north":{"uv":[2,3,4,4.5],"texture":"#0"},"east":{"uv":[9,2.5,9.5,4],"texture":"#0"},"south":{"uv":[0,3,2,4.5],"texture":"#0"},"west":{"uv":[9,1,9.5,2.5],"texture":"#0"},"up":{"uv":[4,7.5,6,8],"texture":"#0"},"down":{"uv":[6,8,8,7.5],"texture":"#0"}}},{"from":[11.66169,-0.87125,4.5],"to":[15.66169,0.12875,5.5],"rotation":{"angle":45,"axis":"z","origin":[15.7,-0.8,6]},"faces":{"north":{"uv":[8,7.5,10,8],"texture":"#0"},"east":{"uv":[9.5,3,10,3.5],"texture":"#0"},"south":{"uv":[7,8,9,8.5],"texture":"#0"},"west":{"uv":[1.5,9.5,2,10],"texture":"#0"},"up":{"uv":[8.5,0,10.5,0.5],"texture":"#0"},"down":{"uv":[8.5,1,10.5,0.5],"texture":"#0"}}},{"from":[16.66989,10.99238,3.5],"to":[17.66989,13.99238,6.5],"rotation":{"angle":45,"axis":"z","origin":[15.7,14.5,6]},"faces":{"north":{"uv":[6.5,9,6,10.5],"texture":"#0"},"east":{"uv":[1.5,6,3,7.5],"texture":"#0"},"south":{"uv":[6,9,6.5,10.5],"texture":"#0"},"west":{"uv":[1.5,4.5,3,6],"texture":"#0"},"up":{"uv":[9,8,9.5,9.5],"texture":"#0"},"down":{"uv":[1,11,1.5,9.5],"texture":"#0"}}},{"from":[10.66989,11.49238,4],"to":[16.66989,13.49238,6],"rotation":{"angle":45,"axis":"z","origin":[15.7,14.5,6]},"faces":{"north":{"uv":[8.5,0,5.5,1],"texture":"#0"},"east":{"uv":[6,8,7,9],"texture":"#0"},"south":{"uv":[5.5,0,8.5,1],"texture":"#0"},"west":{"uv":[3,4.5,4,5.5],"texture":"#0"},"up":{"uv":[5.5,4,8.5,3],"texture":"#0"},"down":{"uv":[5.5,4,8.5,3],"texture":"#0"}}},{"from":[6.5,17,3.5],"to":[9.5,18,6.5],"rotation":{"angle":0,"axis":"y","origin":[16,0,6]},"faces":{"north":{"uv":[6.5,9,6,10.5],"rotation":90,"texture":"#0"},"east":{"uv":[1.5,11,1,9.5],"rotation":90,"texture":"#0"},"south":{"uv":[6.5,9,6,10.5],"rotation":90,"texture":"#0"},"west":{"uv":[1.5,11,1,9.5],"rotation":90,"texture":"#0"},"up":{"uv":[3,6,1.5,7.5],"rotation":90,"texture":"#0"},"down":{"uv":[1,11,1.5,9.5],"texture":"#0"}}},{"from":[-0.66989,11.49238,4],"to":[5.33011,13.49238,6],"rotation":{"angle":-45,"axis":"z","origin":[0.3,14.5,6]},"faces":{"north":{"uv":[5.5,0,8.5,1],"texture":"#0"},"east":{"uv":[4,4.5,3,5.5],"texture":"#0"},"south":{"uv":[8.5,0,5.5,1],"texture":"#0"},"west":{"uv":[7,8,6,9],"texture":"#0"},"up":{"uv":[8.5,4,5.5,3],"texture":"#0"},"down":{"uv":[8.5,4,5.5,3],"texture":"#0"}}},{"from":[-1.66989,10.99238,3.5],"to":[-0.66989,13.99238,6.5],"rotation":{"angle":-45,"axis":"z","origin":[0.3,14.5,6]},"faces":{"north":{"uv":[6,9,6.5,10.5],"texture":"#0"},"east":{"uv":[3,4.5,1.5,6],"texture":"#0"},"south":{"uv":[6.5,9,6,10.5],"texture":"#0"},"west":{"uv":[3,6,1.5,7.5],"texture":"#0"},"up":{"uv":[9.5,8,9,9.5],"texture":"#0"},"down":{"uv":[1.5,11,1,9.5],"texture":"#0"}}},{"from":[-3.5406,5.62289,4],"to":[2.4594,7.62289,6],"rotation":{"angle":-22.5,"axis":"z","origin":[-2.5,11.6,6]},"faces":{"north":{"uv":[5.5,0,8.5,1],"texture":"#0"},"east":{"uv":[4,4.5,3,5.5],"texture":"#0"},"south":{"uv":[8.5,0,5.5,1],"texture":"#0"},"west":{"uv":[7,8,6,9],"texture":"#0"},"up":{"uv":[8.5,2,5.5,3],"texture":"#0"},"down":{"uv":[8.5,4,5.5,3],"texture":"#0"}}},{"from":[-4.5406,5.12289,3.5],"to":[-3.5406,8.12289,6.5],"rotation":{"angle":-22.5,"axis":"z","origin":[-2.5,11.6,6]},"faces":{"north":{"uv":[6,9,6.5,10.5],"texture":"#0"},"east":{"uv":[3,4.5,1.5,6],"texture":"#0"},"south":{"uv":[6.5,9,6,10.5],"texture":"#0"},"west":{"uv":[3,6,1.5,7.5],"texture":"#0"},"up":{"uv":[9.5,8,9,9.5],"texture":"#0"},"down":{"uv":[1.5,11,1,9.5],"texture":"#0"}}},{"from":[7,11,4],"to":[9,17,6],"rotation":{"angle":0,"axis":"y","origin":[16,0,6]},"faces":{"north":{"uv":[8.5,0,5.5,1],"rotation":90,"texture":"#0"},"east":{"uv":[6,8,7,9],"texture":"#0"},"south":{"uv":[8.5,1,5.5,0],"rotation":90,"texture":"#0"},"west":{"uv":[3,4.5,4,5.5],"texture":"#0"},"up":{"uv":[5.5,2,8.5,3],"texture":"#0"},"down":{"uv":[4,5.5,3,4.5],"texture":"#0"}}},{"from":[0.33831,-0.87125,4.5],"to":[4.33831,0.12875,5.5],"rotation":{"angle":-45,"axis":"z","origin":[0.3,-0.8,6]},"faces":{"north":{"uv":[10,7.5,8,8],"texture":"#0"},"east":{"uv":[2,9.5,1.5,10],"texture":"#0"},"south":{"uv":[9,8,7,8.5],"texture":"#0"},"west":{"uv":[10,3,9.5,3.5],"texture":"#0"},"up":{"uv":[10.5,0,8.5,0.5],"texture":"#0"},"down":{"uv":[10.5,1,8.5,0.5],"texture":"#0"}}},{"from":[-1.2707,-1.17657,4.5],"to":[-0.2707,2.82343,5.5],"rotation":{"angle":22.5,"axis":"z","origin":[-1.3,2.8,6]},"faces":{"north":{"uv":[9,1,8.5,3],"texture":"#0"},"east":{"uv":[1,8.5,0.5,10.5],"texture":"#0"},"south":{"uv":[0.5,8.5,0,10.5],"texture":"#0"},"west":{"uv":[2.5,8.5,2,10.5],"texture":"#0"},"up":{"uv":[10,3.5,9.5,4],"texture":"#0"},"down":{"uv":[10,8.5,9.5,8],"texture":"#0"}}},{"from":[-1.2707,2.82343,4.5],"to":[-0.2707,6.82343,5.5],"rotation":{"angle":0,"axis":"y","origin":[-0.3,6.8,6]},"faces":{"north":{"uv":[9,3,8.5,5],"texture":"#0"},"east":{"uv":[3.5,8.5,3,10.5],"texture":"#0"},"south":{"uv":[3,8.5,2.5,10.5],"texture":"#0"},"west":{"uv":[4,8.5,3.5,10.5],"texture":"#0"},"up":{"uv":[10,8.5,9.5,9],"texture":"#0"},"down":{"uv":[9.5,10,9,9.5],"texture":"#0"}}},{"from":[1.93244,1.98126,4],"to":[3.93244,5.98126,6],"rotation":{"angle":0,"axis":"y","origin":[1.9,5.9,5]},"faces":{"north":{"uv":[1,16,3,15],"rotation":90,"texture":"#0"},"east":{"uv":[2,15,4,14],"rotation":90,"texture":"#0"},"south":{"uv":[1,15,3,16],"rotation":90,"texture":"#0"},"west":{"uv":[0,15,2,14],"rotation":90,"texture":"#0"},"up":{"uv":[1,15,0,16],"rotation":90,"texture":"#0"},"down":{"uv":[1,15,0,16],"rotation":90,"texture":"#0"}}},{"from":[2.72044,5.81974,4.025],"to":[4.52044,7.81974,5.975],"rotation":{"angle":-22.5,"axis":"z","origin":[2.7,7.8,5]},"faces":{"north":{"uv":[1,14,2,13],"rotation":270,"texture":"#0"},"east":{"uv":[2,14,3,13],"rotation":90,"texture":"#0"},"south":{"uv":[1,13,2,14],"rotation":270,"texture":"#0"},"west":{"uv":[0,13,1,12],"rotation":90,"texture":"#0"},"up":{"uv":[1,13,0,14],"rotation":90,"texture":"#0"},"down":{"uv":[1,13,0,14],"rotation":90,"texture":"#0"}}},{"from":[2.16913,7.25027,4],"to":[4.16913,9.25027,6],"rotation":{"angle":45,"axis":"z","origin":[4.2,9.2,5]},"faces":{"north":{"uv":[3.25,12,2.25,13],"texture":"#0"},"east":{"uv":[2.25,12,1.25,13],"texture":"#0"},"south":{"uv":[3.25,12,2.25,13],"texture":"#0"},"west":{"uv":[2.25,12,1.25,13],"texture":"#0"},"up":{"uv":[3.25,13,4.25,12],"texture":"#0"},"down":{"uv":[3.25,14,4.25,13],"texture":"#0"}}},{"from":[4,8.1,4.025],"to":[6,10,5.975],"rotation":{"angle":22.5,"axis":"z","origin":[6,10,5]},"faces":{"north":{"uv":[5.25,15,4.25,16],"texture":"#0"},"east":{"uv":[4.25,15,3.25,16],"texture":"#0"},"south":{"uv":[5.25,15,4.25,16],"texture":"#0"},"west":{"uv":[4.25,15,3.25,16],"texture":"#0"},"up":{"uv":[4.25,14,5.25,13],"texture":"#0"},"down":{"uv":[4.25,15,5.25,14],"texture":"#0"}}},{"from":[10,8.1,4.025],"to":[12,10,5.975],"rotation":{"angle":-22.5,"axis":"z","origin":[10,10,5]},"faces":{"north":{"uv":[11.75,15,12.75,16],"texture":"#0"},"east":{"uv":[10.75,15,11.75,16],"texture":"#0"},"south":{"uv":[11.75,15,12.75,16],"texture":"#0"},"west":{"uv":[10.75,15,11.75,16],"texture":"#0"},"up":{"uv":[12.75,14,11.75,13],"texture":"#0"},"down":{"uv":[12.75,15,11.75,14],"texture":"#0"}}},{"from":[11.83087,7.25027,4],"to":[13.83087,9.25027,6],"rotation":{"angle":-45,"axis":"z","origin":[11.8,9.2,5]},"faces":{"north":{"uv":[9.75,12,10.75,13],"texture":"#0"},"east":{"uv":[8.75,12,9.75,13],"texture":"#0"},"south":{"uv":[9.75,12,10.75,13],"texture":"#0"},"west":{"uv":[8.75,12,9.75,13],"texture":"#0"},"up":{"uv":[11.75,13,10.75,12],"texture":"#0"},"down":{"uv":[11.75,14,10.75,13],"texture":"#0"}}},{"from":[11.47956,5.81974,4.025],"to":[13.27956,7.81974,5.975],"rotation":{"angle":22.5,"axis":"z","origin":[13.3,7.8,5]},"faces":{"north":{"uv":[8.5,13,9.5,14],"rotation":270,"texture":"#0"},"east":{"uv":[7.5,12,8.5,13],"rotation":90,"texture":"#0"},"south":{"uv":[8.5,14,9.5,13],"rotation":270,"texture":"#0"},"west":{"uv":[9.5,13,10.5,14],"rotation":90,"texture":"#0"},"up":{"uv":[8.5,14,7.5,13],"rotation":90,"texture":"#0"},"down":{"uv":[8.5,14,7.5,13],"rotation":90,"texture":"#0"}}},{"from":[6,8,4],"to":[10,10,6],"rotation":{"angle":0,"axis":"y","origin":[16,1,6]},"faces":{"north":{"uv":[7.25,15,5.25,16],"texture":"#0"},"east":{"uv":[4.25,12,5.25,13],"texture":"#0"},"south":{"uv":[5.25,15,7.25,16],"texture":"#0"},"west":{"uv":[4.25,12,5.25,13],"texture":"#0"},"up":{"uv":[7.25,14,5.25,13],"texture":"#0"},"down":{"uv":[5.25,15,7.25,14],"texture":"#0"}}},{"from":[6,-2,4],"to":[10,0,6],"rotation":{"angle":0,"axis":"y","origin":[16,7,6]},"faces":{"north":{"uv":[16,4,14,3],"texture":"#0"},"east":{"uv":[13,1,14,0],"texture":"#0"},"south":{"uv":[14,4,16,3],"texture":"#0"},"west":{"uv":[13,1,14,0],"texture":"#0"},"up":{"uv":[14,2,16,3],"texture":"#0"},"down":{"uv":[16,1,14,2],"texture":"#0"}}},{"from":[12.06756,2.01874,4],"to":[14.06756,6.01874,6],"rotation":{"angle":0,"axis":"y","origin":[14.1,2.1,5]},"faces":{"north":{"uv":[10.5,15,8.5,16],"rotation":90,"texture":"#0"},"east":{"uv":[9.5,14,7.5,15],"rotation":90,"texture":"#0"},"south":{"uv":[10.5,16,8.5,15],"rotation":90,"texture":"#0"},"west":{"uv":[11.5,14,9.5,15],"rotation":90,"texture":"#0"},"up":{"uv":[7.5,16,8.5,15],"rotation":90,"texture":"#0"},"down":{"uv":[7.5,16,8.5,15],"rotation":90,"texture":"#0"}}},{"from":[11.47956,0.18026,4.025],"to":[13.27956,2.18026,5.975],"rotation":{"angle":-22.5,"axis":"z","origin":[13.3,0.2,5]},"faces":{"north":{"uv":[12,11,11,12],"rotation":90,"texture":"#0"},"east":{"uv":[11,10,10,11],"rotation":270,"texture":"#0"},"south":{"uv":[12,12,11,11],"rotation":90,"texture":"#0"},"west":{"uv":[13,11,12,12],"rotation":270,"texture":"#0"},"up":{"uv":[10,12,11,11],"rotation":270,"texture":"#0"},"down":{"uv":[10,12,11,11],"rotation":270,"texture":"#0"}}},{"from":[11.83087,-1.25027,4],"to":[13.83087,0.74973,6],"rotation":{"angle":45,"axis":"z","origin":[11.8,-1.2,5]},"faces":{"north":{"uv":[12.25,11,13.25,10],"rotation":180,"texture":"#0"},"east":{"uv":[11.25,11,12.25,10],"rotation":180,"texture":"#0"},"south":{"uv":[12.25,11,13.25,10],"rotation":180,"texture":"#0"},"west":{"uv":[11.25,11,12.25,10],"rotation":180,"texture":"#0"},"up":{"uv":[14.25,11,13.25,12],"rotation":180,"texture":"#0"},"down":{"uv":[14.25,10,13.25,11],"rotation":180,"texture":"#0"}}},{"from":[10,-2,4.025],"to":[12,-0.1,5.975],"rotation":{"angle":22.5,"axis":"z","origin":[10,-2,5]},"faces":{"north":{"uv":[14.25,14,15.25,13],"rotation":180,"texture":"#0"},"east":{"uv":[13.25,14,14.25,13],"rotation":180,"texture":"#0"},"south":{"uv":[14.25,14,15.25,13],"rotation":180,"texture":"#0"},"west":{"uv":[13.25,14,14.25,13],"rotation":180,"texture":"#0"},"up":{"uv":[15.25,12,14.25,13],"rotation":180,"texture":"#0"},"down":{"uv":[15.25,11,14.25,12],"rotation":180,"texture":"#0"}}},{"from":[4,-2,4.025],"to":[6,-0.1,5.975],"rotation":{"angle":-22.5,"axis":"z","origin":[6,-2,5]},"faces":{"north":{"uv":[16,9.75,15,8.75],"rotation":180,"texture":"#0"},"east":{"uv":[15,9.75,14,8.75],"rotation":180,"texture":"#0"},"south":{"uv":[16,9.75,15,8.75],"rotation":180,"texture":"#0"},"west":{"uv":[15,9.75,14,8.75],"rotation":180,"texture":"#0"},"up":{"uv":[15,7.75,16,8.75],"rotation":180,"texture":"#0"},"down":{"uv":[15,6.75,16,7.75],"rotation":180,"texture":"#0"}}},{"from":[2.16913,-1.25027,4],"to":[4.16913,0.74973,6],"rotation":{"angle":-45,"axis":"z","origin":[4.2,-1.2,5]},"faces":{"north":{"uv":[14,6.75,13,5.75],"rotation":180,"texture":"#0"},"east":{"uv":[13,6.75,12,5.75],"rotation":180,"texture":"#0"},"south":{"uv":[14,6.75,13,5.75],"rotation":180,"texture":"#0"},"west":{"uv":[13,6.75,12,5.75],"rotation":180,"texture":"#0"},"up":{"uv":[14,6.75,15,7.75],"rotation":180,"texture":"#0"},"down":{"uv":[14,5.75,15,6.75],"rotation":180,"texture":"#0"}}},{"from":[2.72044,0.18026,4.025],"to":[4.52044,2.18026,5.975],"rotation":{"angle":22.5,"axis":"z","origin":[2.7,0.2,5]},"faces":{"north":{"uv":[12.75,7.75,11.75,6.75],"rotation":90,"texture":"#0"},"east":{"uv":[13.75,7.75,12.75,6.75],"rotation":270,"texture":"#0"},"south":{"uv":[12.75,6.75,11.75,7.75],"rotation":90,"texture":"#0"},"west":{"uv":[11.75,6.75,10.75,5.75],"rotation":270,"texture":"#0"},"up":{"uv":[10.75,6.75,11.75,7.75],"rotation":270,"texture":"#0"},"down":{"uv":[10.75,6.75,11.75,7.75],"rotation":270,"texture":"#0"}}},{"from":[-15,5.25,5],"to":[-5.5,11.25,5],"rotation":{"angle":-22.5,"axis":"z","origin":[-7,10,5]},"faces":{"north":{"uv":[5,2,11,11.5],"rotation":90,"texture":"#1"},"east":{"uv":[10.5,1,10.5,3],"texture":"#1"},"south":{"uv":[5,11.5,11,2],"rotation":90,"texture":"#1"},"west":{"uv":[10.5,1,10.5,3],"texture":"#1"},"up":{"uv":[0,0,3.5,0],"texture":"#1"},"down":{"uv":[0,0,3.5,0],"texture":"#1"}}},{"from":[-16,13.25,5],"to":[-6.5,19.25,5],"rotation":{"angle":-45,"axis":"z","origin":[-7,10,5]},"faces":{"north":{"uv":[4.5,2,10.5,11.5],"rotation":90,"texture":"#1"},"east":{"uv":[10.5,1,10.5,3],"texture":"#1"},"south":{"uv":[4.5,11.5,10.5,2],"rotation":90,"texture":"#1"},"west":{"uv":[10.5,1,10.5,3],"texture":"#1"},"up":{"uv":[0,0,3.5,0],"texture":"#1"},"down":{"uv":[0,0,3.5,0],"texture":"#1"}}},{"from":[21.5,5.25,5],"to":[31,11.25,5],"rotation":{"angle":22.5,"axis":"z","origin":[23,10,5]},"faces":{"north":{"uv":[5,11.5,11,2],"rotation":90,"texture":"#1"},"east":{"uv":[10.5,1,10.5,3],"texture":"#1"},"south":{"uv":[5,2,11,11.5],"rotation":90,"texture":"#1"},"west":{"uv":[10.5,1,10.5,3],"texture":"#1"},"up":{"uv":[3.5,0,0,0],"texture":"#1"},"down":{"uv":[3.5,0,0,0],"texture":"#1"}}},{"from":[22.5,13.25,5],"to":[32,19.25,5],"rotation":{"angle":45,"axis":"z","origin":[23,10,5]},"faces":{"north":{"uv":[4.5,11.5,10.5,2],"rotation":90,"texture":"#1"},"east":{"uv":[10.5,1,10.5,3],"texture":"#1"},"south":{"uv":[4.5,2,10.5,11.5],"rotation":90,"texture":"#1"},"west":{"uv":[10.5,1,10.5,3],"texture":"#1"},"up":{"uv":[3.5,0,0,0],"texture":"#1"},"down":{"uv":[3.5,0,0,0],"texture":"#1"}}},{"from":[2,0,13],"to":[14,14,13],"rotation":{"angle":0,"axis":"y","origin":[0,0,16]},"faces":{"north":{"uv":[14,1.5,2,15.5],"texture":"#2"},"east":{"uv":[0,0,0,2.25],"texture":"#2"},"south":{"uv":[2,1.5,14,15.5],"texture":"#2"},"west":{"uv":[0,0,0,2.25],"texture":"#2"},"up":{"uv":[0,0,0,3],"rotation":90,"texture":"#2"},"down":{"uv":[0,0,0,3],"rotation":270,"texture":"#2"}}}],"gui_light":"front","display":{"thirdperson_righthand":{"rotation":[67.5,-180,0],"translation":[0,2.25,-0.25],"scale":[0.47656,0.47656,0.47656]},"thirdperson_lefthand":{"rotation":[67.5,0,0],"translation":[-5.75,-8.2,12]},"firstperson_righthand":{"translation":[-23.25,0,0],"scale":[0,0,0]},"firstperson_lefthand":{"rotation":[0,180,0],"translation":[-18.5,4.25,0],"scale":[0.35938,0.35938,0.35938]},"ground":{"translation":[0,6,3.75],"scale":[0.5,0.5,0.5]},"gui":{"rotation":[30,-45,0],"translation":[-1.25,-0.75,0],"scale":[0.61031,0.61031,0.61031]},"head":{"translation":[0,-44.75,10.5],"scale":[1.63086,1.63086,1.63086]},"fixed":{"rotation":[0,180,0],"translation":[0,5.75,-9],"scale":[2,2,2]}}}