{"textures​":{"layer0":"minecraft:item/gold_nugget"},"credit":"Made with Blockbench","texture_size":[12,12],"\u0074\u0065\u0078\u0074\u0075\u0072\u0065\u0073":{"0":"\u0065\u006e\u0064\u0065\u0072_\u0065\u0079\u0065_\u0073\u0065\u0074:\u0065\u006e\u0064\u0065\u0072_\u0065\u0079\u0065_\u0073\u0065\u0074/\u006b\u0065\u0079","1":"\u0065\u006e\u0064\u0065\u0072_\u0065\u0079\u0065_\u0073\u0065\u0074:\u0065\u006e\u0064\u0065\u0072_\u0065\u0079\u0065_\u0073\u0065\u0074/\u0061\u006e\u0069\u006d\u0061\u0074\u0069\u006f\u006e_1","\u0070\u0061\u0072\u0074\u0069\u0063\u006c\u0065":"\u0065\u006e\u0064\u0065\u0072_\u0065\u0079\u0065_\u0073\u0065\u0074:\u0065\u006e\u0064\u0065\u0072_\u0065\u0079\u0065_\u0073\u0065\u0074/\u006b\u0065\u0079"},"elements":[{"from":[7.5,6.75503,9.64645],"to":[8.5,9.75503,10.64645],"rotation":{"angle":-45,"axis":"x","origin":[8,8.25503,11.14645]},"faces":{"north":{"uv":[2.66667,5.33333,4,9.33333],"texture":"#0"},"east":{"uv":[4,5.33333,5.33333,9.33333],"texture":"#0"},"south":{"uv":[5.33333,5.33333,6.66667,9.33333],"texture":"#0"},"west":{"uv":[6.66667,0,8,4],"texture":"#0"},"up":{"uv":[12,12,10.66667,10.66667],"texture":"#0"},"down":{"uv":[1.33333,12,0,13.33333],"texture":"#0"}}},{"from":[7.5,6.75503,11.64645],"to":[8.5,9.75503,12.64645],"rotation":{"angle":-45,"axis":"x","origin":[8,8.25503,11.14645]},"faces":{"north":{"uv":[6.66667,4,8,8],"texture":"#0"},"east":{"uv":[8,0,9.33333,4],"texture":"#0"},"south":{"uv":[8,4,9.33333,8],"texture":"#0"},"west":{"uv":[6.66667,8,8,12],"texture":"#0"},"up":{"uv":[13.33333,1.33333,12,0],"texture":"#0"},"down":{"uv":[2.66667,12,1.33333,13.33333],"texture":"#0"}}},{"from":[7.5,8.75503,10.64645],"to":[8.5,9.75503,11.64645],"rotation":{"angle":-45,"axis":"x","origin":[8,8.25503,11.14645]},"faces":{"north":{"uv":[12,1.33333,13.33333,2.66667],"texture":"#0"},"east":{"uv":[2.66667,12,4,13.33333],"texture":"#0"},"south":{"uv":[12,2.66667,13.33333,4],"texture":"#0"},"west":{"uv":[4,12,5.33333,13.33333],"texture":"#0"},"up":{"uv":[13.33333,5.33333,12,4],"texture":"#0"},"down":{"uv":[6.66667,12,5.33333,13.33333],"texture":"#0"}}},{"from":[7.5,6.75503,10.64645],"to":[8.5,7.75503,11.64645],"rotation":{"angle":-45,"axis":"x","origin":[8,8.25503,11.14645]},"faces":{"north":{"uv":[12,5.33333,13.33333,6.66667],"texture":"#0"},"east":{"uv":[6.66667,12,8,13.33333],"texture":"#0"},"south":{"uv":[12,6.66667,13.33333,8],"texture":"#0"},"west":{"uv":[12,8,13.33333,9.33333],"texture":"#0"},"up":{"uv":[13.33333,10.66667,12,9.33333],"texture":"#0"},"down":{"uv":[12,12,10.66667,13.33333],"texture":"#0"}}},{"from":[7.55,7.55503,5.14645],"to":[8.45,8.95503,10.14645],"rotation":{"angle":0,"axis":"y","origin":[7.55,7.95503,6.14645]},"faces":{"north":{"uv":[10.66667,5.33333,12,7.33333],"texture":"#0"},"east":{"uv":[0,0,6.66667,2],"texture":"#0"},"south":{"uv":[8,10.66667,9.33333,12.66667],"texture":"#0"},"west":{"uv":[0,2.66667,6.66667,4.66667],"texture":"#0"},"up":{"uv":[1.33333,12,0,5.33333],"texture":"#0"},"down":{"uv":[2.66667,5.33333,1.33333,12],"texture":"#0"}}},{"from":[7.45,7.45503,3.14645],"to":[8.55,9.05503,5.14645],"rotation":{"angle":0,"axis":"y","origin":[7.55,7.95503,1.14645]},"faces":{"north":{"uv":[10.66667,8,12,10],"texture":"#0"},"east":{"uv":[8,8,10.66667,10],"texture":"#0"},"south":{"uv":[9.33333,10.66667,10.66667,12.66667],"texture":"#0"},"west":{"uv":[9.33333,0,12,2],"texture":"#0"},"up":{"uv":[6.66667,12,5.33333,9.33333],"texture":"#0"},"down":{"uv":[10.66667,5.33333,9.33333,8],"texture":"#0"}}},{"from":[7.75,6.23787,3.34645],"to":[8.25,7.83787,4.94645],"rotation":{"angle":-45,"axis":"x","origin":[8,7.03787,4.14645]},"faces":{"north":{"uv":[0,13.33333,0.66667,15.33333],"rotation":180,"texture":"#0"},"east":{"uv":[2.66667,9.33333,4.66667,11.33333],"rotation":180,"texture":"#0"},"south":{"uv":[12,10.66667,12.66667,12.66667],"rotation":180,"texture":"#0"},"west":{"uv":[9.33333,2.66667,11.33333,4.66667],"rotation":180,"texture":"#0"},"up":{"uv":[2,13.33333,1.33333,15.33333],"texture":"#0"},"down":{"uv":[14,2,13.33333,0],"texture":"#0"}}},{"from":[4,4,7],"to":[12,12,7],"rotation":{"angle":0,"axis":"y","origin":[8,8,7]},"faces":{"north":{"uv":[0,0,16,16],"rotation":180,"texture":"#1"},"east":{"uv":[0,0,0,10.66667],"rotation":180,"texture":"#1"},"south":{"uv":[16,0,0,16],"rotation":180,"texture":"#1"},"west":{"uv":[0,0,0,10.66667],"rotation":180,"texture":"#1"},"up":{"uv":[0,0,0,10.66667],"rotation":90,"texture":"#1"},"down":{"uv":[0,0,0,10.66667],"rotation":270,"texture":"#1"}}}],"gui_light":"front","display":{"thirdperson_righthand":{"rotation":[63.85,16,0.99],"translation":[-0.75,2.25,-1]},"thirdperson_lefthand":{"rotation":[63.85,16,0.99],"translation":[-0.75,2.25,-1]},"firstperson_righthand":{"rotation":[16.75,0,-25],"translation":[-2.75,5,3.5],"scale":[0.69531,0.69531,0.69531]},"firstperson_lefthand":{"rotation":[16.75,0,-25],"translation":[-2.75,5,3.5],"scale":[0.69531,0.69531,0.69531]},"ground":{"rotation":[45,-123,0],"translation":[0,1,0],"scale":[1.14453,1.14453,1.14453]},"gui":{"rotation":[-90,33.5,-90],"translation":[0.25,0,0],"scale":[1.375,1.375,1.375]},"head":{"scale":[0,0,0]},"fixed":{"rotation":[-90,135,90],"translation":[0,0,-1.25],"scale":[2.75391,2.75391,2.75391]}}}