{"textures​":{"layer0":"minecraft:item/dark_oak_pressure_plate"},"credit":"Made with Blockbench","texture_size":[128,128],"\u0074\u0065\u0078\u0074\u0075\u0072\u0065\u0073":{"1":"\u0068\u0061\u006c\u006c\u006f\u0077\u0065\u0065\u006e_\u0063\u0072\u0065\u0061\u0074\u0069\u0066:\u0068\u0061\u006c\u006c\u006f\u0077\u0065\u0065\u006e_\u0063\u0072\u0065\u0061\u0074\u0069\u0066/\u0062\u006c\u006f\u0063\u006b/\u0067\u0072\u0061\u0076\u0065\u0073","\u0070\u0061\u0072\u0074\u0069\u0063\u006c\u0065":"\u0068\u0061\u006c\u006c\u006f\u0077\u0065\u0065\u006e_\u0063\u0072\u0065\u0061\u0074\u0069\u0066:\u0068\u0061\u006c\u006c\u006f\u0077\u0065\u0065\u006e_\u0063\u0072\u0065\u0061\u0074\u0069\u0066/\u0062\u006c\u006f\u0063\u006b/\u0067\u0072\u0061\u0076\u0065\u0073"},"elements":[{"from":[0,0,4],"to":[16,3.25,12],"rotation":{"angle":0,"axis":"y","origin":[8,1.625,8]},"faces":{"north":{"uv":[12.25,10.25,14.25,10.625],"texture":"#1"},"east":{"uv":[13.875,4.25,14.875,4.625],"texture":"#1"},"south":{"uv":[12.375,5.25,14.375,5.625],"texture":"#1"},"west":{"uv":[13.875,4.625,14.875,5],"texture":"#1"},"up":{"uv":[10.5,7.75,8.5,6.75],"texture":"#1"},"down":{"uv":[8.25,8.75,6.25,9.75],"texture":"#1"}}}],"gui_light":"front","display":{"thirdperson_righthand":{"translation":[0.5,3,1],"scale":[0.44,0.44,0.44]},"thirdperson_lefthand":{"translation":[0.5,3,1],"scale":[0.44,0.44,0.44]},"firstperson_righthand":{"translation":[0.5,3,1],"scale":[0.44,0.44,0.44]},"firstperson_lefthand":{"translation":[0.5,3,1],"scale":[0.44,0.44,0.44]},"ground":{"rotation":[180,0,0],"translation":[0,-4.2,0],"scale":[0.96,0.96,0.96]},"gui":{"rotation":[30,225,0],"translation":[0,2.75,0],"scale":[0.625,0.625,0.625]},"head":{"rotation":[180,0,0],"translation":[0,-50.7,0],"scale":[1.56,1.56,1.56]},"fixed":{"rotation":[90,0,0],"translation":[0,0,9.5],"scale":[2,2,2]}}}