{"textures​":{"layer0":"minecraft:item/glow_squid_spawn_egg"},"credit":"Made with Blockbench","texture_size":[128,128],"\u0074\u0065\u0078\u0074\u0075\u0072\u0065\u0073":{"0":"\u0068\u0061\u006c\u006c\u006f\u0077\u0065\u0065\u006e_\u0063\u0072\u0065\u0061\u0074\u0069\u0066:\u0068\u0061\u006c\u006c\u006f\u0077\u0065\u0065\u006e_\u0063\u0072\u0065\u0061\u0074\u0069\u0066/\u0062\u006c\u006f\u0063\u006b/\u0067\u0072\u0061\u0076\u0065\u0073","\u0070\u0061\u0072\u0074\u0069\u0063\u006c\u0065":"\u0068\u0061\u006c\u006c\u006f\u0077\u0065\u0065\u006e_\u0063\u0072\u0065\u0061\u0074\u0069\u0066:\u0068\u0061\u006c\u006c\u006f\u0077\u0065\u0065\u006e_\u0063\u0072\u0065\u0061\u0074\u0069\u0066/\u0062\u006c\u006f\u0063\u006b/\u0067\u0072\u0061\u0076\u0065\u0073"},"elements":[{"from":[-0.12222,2,4],"to":[15.87778,16,12],"rotation":{"angle":0,"axis":"y","origin":[8,5,8]},"faces":{"north":{"uv":[6.5,6,8.5,7.75],"texture":"#0"},"east":{"uv":[10.5,5.5,11.5,7.25],"texture":"#0"},"south":{"uv":[7.5,4,9.5,5.75],"texture":"#0"},"west":{"uv":[2,10.625,3,12.375],"texture":"#0"},"up":{"uv":[11.5,4.5,9.5,3.5],"texture":"#0"},"down":{"uv":[11.5,4.5,9.5,5.5],"texture":"#0"}}},{"from":[-1.87778,0,0],"to":[18.12222,2,16],"rotation":{"angle":0,"axis":"y","origin":[8,5,8]},"faces":{"north":{"uv":[13,8.125,15.5,8.375],"texture":"#0"},"east":{"uv":[13.375,12.875,15.375,13.125],"texture":"#0"},"south":{"uv":[13,8.375,15.5,8.625],"texture":"#0"},"west":{"uv":[13.375,13.125,15.375,13.375],"texture":"#0"},"up":{"uv":[2.5,6,0,4],"texture":"#0"},"down":{"uv":[7.625,4,5.125,2],"texture":"#0"}}}],"gui_light":"front","display":{"thirdperson_righthand":{"translation":[0.5,3,1],"scale":[0.44,0.44,0.44]},"thirdperson_lefthand":{"translation":[0.5,3,1],"scale":[0.44,0.44,0.44]},"firstperson_righthand":{"translation":[0.5,3,1],"scale":[0.44,0.44,0.44]},"firstperson_lefthand":{"translation":[0.5,3,1],"scale":[0.44,0.44,0.44]},"ground":{"translation":[0,6.8,0],"scale":[0.96,0.96,0.96]},"gui":{"rotation":[30,225,0],"scale":[0.44,0.44,0.44]},"head":{"translation":[0,-30.7,0],"scale":[1.56,1.56,1.56]},"fixed":{"rotation":[-90,0,0],"translation":[0,0,-16],"scale":[2,2,2]}}}