{"textures​":{"layer0":"minecraft:item/potted_dandelion"},"credit":"Made with Blockbench","\u0074\u0065\u0078\u0074\u0075\u0072\u0065\u0073":{"0":"\u0062\u0069\u0072\u0074\u0068\u0064\u0061\u0079\u0070\u0061\u0063\u006b:\u0070\u0061\u0063\u006b/\u0062\u0069\u0072\u0074\u0068\u0064\u0061\u0079_\u0072\u0065\u0064_\u0063\u0075\u0070_\u0063\u006c\u0075\u0073\u0074\u0065\u0072_\u0074\u0065\u0078\u0074\u0075\u0072\u0065","\u0070\u0061\u0072\u0074\u0069\u0063\u006c\u0065":"\u0062\u0069\u0072\u0074\u0068\u0064\u0061\u0079\u0070\u0061\u0063\u006b:\u0070\u0061\u0063\u006b/\u0062\u0069\u0072\u0074\u0068\u0064\u0061\u0079_\u0072\u0065\u0064_\u0063\u0075\u0070_\u0063\u006c\u0075\u0073\u0074\u0065\u0072_\u0074\u0065\u0078\u0074\u0075\u0072\u0065"},"elements":[{"from":[11,0,11],"to":[15,5,15],"faces":{"north":{"uv":[4,4,8,9],"texture":"#0"},"east":{"uv":[0,4,4,9],"texture":"#0"},"south":{"uv":[12,4,16,9],"texture":"#0"},"west":{"uv":[8,4,12,9],"texture":"#0"},"up":{"uv":[8,4,4,0],"texture":"#0"},"down":{"uv":[12,0,8,4],"texture":"#0"}}},{"from":[6,0,11],"to":[10,5,15],"faces":{"north":{"uv":[4,4,8,9],"texture":"#0"},"east":{"uv":[0,4,4,9],"texture":"#0"},"south":{"uv":[12,4,16,9],"texture":"#0"},"west":{"uv":[8,4,12,9],"texture":"#0"},"up":{"uv":[8,4,4,0],"texture":"#0"},"down":{"uv":[12,0,8,4],"texture":"#0"}}},{"from":[1,0,11],"to":[5,5,15],"faces":{"north":{"uv":[4,4,8,9],"texture":"#0"},"east":{"uv":[0,4,4,9],"texture":"#0"},"south":{"uv":[12,4,16,9],"texture":"#0"},"west":{"uv":[8,4,12,9],"texture":"#0"},"up":{"uv":[8,4,4,0],"texture":"#0"},"down":{"uv":[12,0,8,4],"texture":"#0"}}},{"from":[11,0,6],"to":[15,5,10],"faces":{"north":{"uv":[4,4,8,9],"texture":"#0"},"east":{"uv":[0,4,4,9],"texture":"#0"},"south":{"uv":[12,4,16,9],"texture":"#0"},"west":{"uv":[8,4,12,9],"texture":"#0"},"up":{"uv":[8,4,4,0],"texture":"#0"},"down":{"uv":[12,0,8,4],"texture":"#0"}}},{"from":[6,0,6],"to":[10,5,10],"faces":{"north":{"uv":[4,4,8,9],"texture":"#0"},"east":{"uv":[0,4,4,9],"texture":"#0"},"south":{"uv":[12,4,16,9],"texture":"#0"},"west":{"uv":[8,4,12,9],"texture":"#0"},"up":{"uv":[8,4,4,0],"texture":"#0"},"down":{"uv":[12,0,8,4],"texture":"#0"}}},{"from":[1,0,6],"to":[5,5,10],"faces":{"north":{"uv":[4,4,8,9],"texture":"#0"},"east":{"uv":[0,4,4,9],"texture":"#0"},"south":{"uv":[12,4,16,9],"texture":"#0"},"west":{"uv":[8,4,12,9],"texture":"#0"},"up":{"uv":[8,4,4,0],"texture":"#0"},"down":{"uv":[12,0,8,4],"texture":"#0"}}},{"from":[11,0,1],"to":[15,5,5],"faces":{"north":{"uv":[4,4,8,9],"texture":"#0"},"east":{"uv":[0,4,4,9],"texture":"#0"},"south":{"uv":[12,4,16,9],"texture":"#0"},"west":{"uv":[8,4,12,9],"texture":"#0"},"up":{"uv":[8,4,4,0],"texture":"#0"},"down":{"uv":[12,0,8,4],"texture":"#0"}}},{"from":[6,0,1],"to":[10,5,5],"faces":{"north":{"uv":[4,4,8,9],"texture":"#0"},"east":{"uv":[0,4,4,9],"texture":"#0"},"south":{"uv":[12,4,16,9],"texture":"#0"},"west":{"uv":[8,4,12,9],"texture":"#0"},"up":{"uv":[8,4,4,0],"texture":"#0"},"down":{"uv":[12,0,8,4],"texture":"#0"}}},{"from":[1,0,1],"to":[5,5,5],"faces":{"north":{"uv":[4,4,8,9],"texture":"#0"},"east":{"uv":[0,4,4,9],"texture":"#0"},"south":{"uv":[12,4,16,9],"texture":"#0"},"west":{"uv":[8,4,12,9],"texture":"#0"},"up":{"uv":[8,4,4,0],"texture":"#0"},"down":{"uv":[12,0,8,4],"texture":"#0"}}}],"gui_light":"front","display":{"thirdperson_righthand":{"rotation":[75,45,0],"translation":[0,1.5,0.75],"scale":[0.375,0.375,0.375]},"thirdperson_lefthand":{"rotation":[75,45,0],"translation":[0,1.5,0.75],"scale":[0.375,0.375,0.375]},"firstperson_righthand":{"rotation":[0,-90,25],"translation":[1.13,4.45,1.13],"scale":[0.68,0.68,0.68]},"firstperson_lefthand":{"rotation":[0,-90,25],"translation":[1.13,4.45,1.13],"scale":[0.68,0.68,0.68]},"ground":{"translation":[0,3,0],"scale":[0.5,0.5,0.5]},"gui":{"rotation":[30,45,0],"translation":[0,3.5,0],"scale":[0.71,0.71,0.71]},"head":{"translation":[0,14.5,0]},"fixed":{"rotation":[-90,0,0],"translation":[0,0,-16],"scale":[2,2,2]}}}