{"textures​":{"layer0":"minecraft:item/villager_spawn_egg"},"credit":"Made with Blockbench","texture_size":[64,64],"\u0074\u0065\u0078\u0074\u0075\u0072\u0065\u0073":{"0":"\u0062\u0069\u0072\u0074\u0068\u0064\u0061\u0079\u0070\u0061\u0063\u006b:\u0070\u0061\u0063\u006b/\u0062\u0069\u0072\u0074\u0068\u0064\u0061\u0079_\u0063\u006f\u006e\u0066\u0065\u0074\u0074\u0069_\u0074\u0065\u0078\u0074\u0075\u0072\u0065","\u0070\u0061\u0072\u0074\u0069\u0063\u006c\u0065":"\u0062\u0069\u0072\u0074\u0068\u0064\u0061\u0079\u0070\u0061\u0063\u006b:\u0070\u0061\u0063\u006b/\u0062\u0069\u0072\u0074\u0068\u0064\u0061\u0079_\u0063\u006f\u006e\u0066\u0065\u0074\u0074\u0069_\u0074\u0065\u0078\u0074\u0075\u0072\u0065"},"elements":[{"from":[0,0.1,0],"to":[16,0.1,16],"faces":{"north":{"uv":[4,4,8,4],"texture":"#0"},"east":{"uv":[0,4,4,4],"texture":"#0"},"south":{"uv":[12,4,16,4],"texture":"#0"},"west":{"uv":[8,4,12,4],"texture":"#0"},"up":{"uv":[8,4,4,0],"texture":"#0"},"down":{"uv":[12,0,8,4],"texture":"#0"}}}],"gui_light":"front","display":{"thirdperson_righthand":{"translation":[0,3,-2.75],"scale":[0.55,0.55,0.55]},"thirdperson_lefthand":{"translation":[0,3,-2.75],"scale":[0.55,0.55,0.55]},"firstperson_righthand":{"translation":[4,7.5,0]},"firstperson_lefthand":{"translation":[4,7.5,0]},"ground":{"translation":[0,4.5,0],"scale":[0.5,0.5,0.5]},"gui":{"rotation":[90,0,0],"scale":[0.8,0.8,0.8]},"head":{"translation":[0,14.75,0]},"fixed":{"rotation":[-90,0,0],"translation":[0,0,-16],"scale":[2,2,2]}}}