{"textures​":{"0":"\u0062\u0069\u0072\u0074\u0068\u0064\u0061\u0079\u0070\u0061\u0063\u006b:\u0070\u0061\u0063\u006b/\u0062\u0069\u0072\u0074\u0068\u0064\u0061\u0079_\u0063\u0075\u0070\u0063\u0061\u006b\u0065_\u0063\u006c\u0075\u0073\u0074\u0065\u0072_\u0074\u0065\u0078\u0074\u0075\u0072\u0065","\u0070\u0061\u0072\u0074\u0069\u0063\u006c\u0065":"\u0062\u0069\u0072\u0074\u0068\u0064\u0061\u0079\u0070\u0061\u0063\u006b:\u0070\u0061\u0063\u006b/\u0062\u0069\u0072\u0074\u0068\u0064\u0061\u0079_\u0063\u0075\u0070\u0063\u0061\u006b\u0065_\u0063\u006c\u0075\u0073\u0074\u0065\u0072_\u0074\u0065\u0078\u0074\u0075\u0072\u0065"},"credit":"Made with Blockbench","texture_size":[64,64],"\u0074\u0065\u0078\u0074\u0075\u0072\u0065\u0073":{"0":"\u0062\u0069\u0072\u0074\u0068\u0064\u0061\u0079\u0070\u0061\u0063\u006b:\u0070\u0061\u0063\u006b/\u0062\u0069\u0072\u0074\u0068\u0064\u0061\u0079_\u0063\u0075\u0070\u0063\u0061\u006b\u0065_\u0063\u006c\u0075\u0073\u0074\u0065\u0072_\u0074\u0065\u0078\u0074\u0075\u0072\u0065","\u0070\u0061\u0072\u0074\u0069\u0063\u006c\u0065":"\u0062\u0069\u0072\u0074\u0068\u0064\u0061\u0079\u0070\u0061\u0063\u006b:\u0070\u0061\u0063\u006b/\u0062\u0069\u0072\u0074\u0068\u0064\u0061\u0079_\u0063\u0075\u0070\u0063\u0061\u006b\u0065_\u0063\u006c\u0075\u0073\u0074\u0065\u0072_\u0074\u0065\u0078\u0074\u0075\u0072\u0065"},"elements":[{"from":[8.4,3,8.4],"to":[8.4,7.1,15.6],"rotation":{"angle":0,"axis":"y","origin":[4,0,20]},"faces":{"north":{"uv":[1.75,13,1.75,14],"texture":"#0"},"east":{"uv":[0,13,1.75,14],"texture":"#0"},"south":{"uv":[3.5,13,3.5,14],"texture":"#0"},"west":{"uv":[1.75,13,3.5,14],"texture":"#0"},"up":{"uv":[1.75,13,1.75,11.25],"texture":"#0"},"down":{"uv":[1.75,11.25,1.75,13],"texture":"#0"}}},{"from":[8.4,3,15.6],"to":[15.6,7.1,15.6],"rotation":{"angle":0,"axis":"y","origin":[4,0,20]},"faces":{"north":{"uv":[12.25,5.75,14,6.75],"texture":"#0"},"east":{"uv":[12.25,5.75,12.25,6.75],"texture":"#0"},"south":{"uv":[14,5.75,15.75,6.75],"texture":"#0"},"west":{"uv":[14,5.75,14,6.75],"texture":"#0"},"up":{"uv":[14,5.75,12.25,5.75],"texture":"#0"},"down":{"uv":[15.75,5.75,14,5.75],"texture":"#0"}}},{"from":[15.6,3,8.4],"to":[15.6,7.1,15.6],"rotation":{"angle":0,"axis":"y","origin":[4,0,20]},"faces":{"north":{"uv":[5.25,12.25,5.25,13.25],"texture":"#0"},"east":{"uv":[3.5,12.25,5.25,13.25],"texture":"#0"},"south":{"uv":[7,12.25,7,13.25],"texture":"#0"},"west":{"uv":[5.25,12.25,7,13.25],"texture":"#0"},"up":{"uv":[5.25,12.25,5.25,10.5],"texture":"#0"},"down":{"uv":[5.25,10.5,5.25,12.25],"texture":"#0"}}},{"from":[8.4,3,8.4],"to":[15.6,7.1,8.4],"rotation":{"angle":0,"axis":"y","origin":[4,0,4]},"faces":{"north":{"uv":[12.25,4.75,14,5.75],"texture":"#0"},"east":{"uv":[12.25,4.75,12.25,5.75],"texture":"#0"},"south":{"uv":[14,4.75,15.75,5.75],"texture":"#0"},"west":{"uv":[14,4.75,14,5.75],"texture":"#0"},"up":{"uv":[14,4.75,12.25,4.75],"texture":"#0"},"down":{"uv":[15.75,4.75,14,4.75],"texture":"#0"}}},{"from":[8.4,7.1,8.4],"to":[15.6,7.1,15.6],"rotation":{"angle":0,"axis":"y","origin":[4,0,20]},"faces":{"north":{"uv":[1.75,9,3.5,9],"texture":"#0"},"east":{"uv":[0,9,1.75,9],"texture":"#0"},"south":{"uv":[5.25,9,7,9],"texture":"#0"},"west":{"uv":[3.5,9,5.25,9],"texture":"#0"},"up":{"uv":[3.5,9,1.75,7.25],"texture":"#0"},"down":{"uv":[5.25,7.25,3.5,9],"texture":"#0"}}},{"from":[9.5,0,9.5],"to":[14.5,3,14.5],"rotation":{"angle":0,"axis":"y","origin":[4,0,20]},"faces":{"north":{"uv":[5,11.5,6.25,12.25],"texture":"#0"},"east":{"uv":[3.75,11.5,5,12.25],"texture":"#0"},"south":{"uv":[7.5,11.5,8.75,12.25],"texture":"#0"},"west":{"uv":[6.25,11.5,7.5,12.25],"texture":"#0"},"up":{"uv":[6.25,11.5,5,10.25],"texture":"#0"},"down":{"uv":[7.5,10.25,6.25,11.5],"texture":"#0"}}},{"from":[8.5,3,8.5],"to":[15.5,7,15.5],"rotation":{"angle":0,"axis":"y","origin":[4,0,20]},"faces":{"north":{"uv":[7,5.5,8.75,6.5],"texture":"#0"},"east":{"uv":[5.25,5.5,7,6.5],"texture":"#0"},"south":{"uv":[10.5,5.5,12.25,6.5],"texture":"#0"},"west":{"uv":[8.75,5.5,10.5,6.5],"texture":"#0"},"up":{"uv":[8.75,5.5,7,3.75],"texture":"#0"},"down":{"uv":[10.5,3.75,8.75,5.5],"texture":"#0"}}},{"from":[7.6,3,8.4],"to":[7.6,7.1,15.6],"rotation":{"angle":0,"axis":"y","origin":[12,0,20]},"faces":{"north":{"uv":[12.25,3.75,12.25,4.75],"texture":"#0"},"east":{"uv":[10.5,3.75,12.25,4.75],"texture":"#0"},"south":{"uv":[14,3.75,14,4.75],"texture":"#0"},"west":{"uv":[12.25,3.75,14,4.75],"texture":"#0"},"up":{"uv":[12.25,3.75,12.25,2],"texture":"#0"},"down":{"uv":[12.25,2,12.25,3.75],"texture":"#0"}}},{"from":[0.4,3,15.6],"to":[7.6,7.1,15.6],"rotation":{"angle":0,"axis":"y","origin":[12,0,20]},"faces":{"north":{"uv":[12.25,2.75,14,3.75],"texture":"#0"},"east":{"uv":[12.25,2.75,12.25,3.75],"texture":"#0"},"south":{"uv":[14,2.75,15.75,3.75],"texture":"#0"},"west":{"uv":[14,2.75,14,3.75],"texture":"#0"},"up":{"uv":[14,2.75,12.25,2.75],"texture":"#0"},"down":{"uv":[15.75,2.75,14,2.75],"texture":"#0"}}},{"from":[0.4,3,8.4],"to":[0.4,7.1,15.6],"rotation":{"angle":0,"axis":"y","origin":[12,0,20]},"faces":{"north":{"uv":[12.25,1.75,12.25,2.75],"texture":"#0"},"east":{"uv":[10.5,1.75,12.25,2.75],"texture":"#0"},"south":{"uv":[14,1.75,14,2.75],"texture":"#0"},"west":{"uv":[12.25,1.75,14,2.75],"texture":"#0"},"up":{"uv":[12.25,1.75,12.25,0],"texture":"#0"},"down":{"uv":[12.25,0,12.25,1.75],"texture":"#0"}}},{"from":[0.4,3,8.4],"to":[7.6,7.1,8.4],"rotation":{"angle":0,"axis":"y","origin":[12,0,4]},"faces":{"north":{"uv":[12.25,0,14,1],"texture":"#0"},"east":{"uv":[12.25,0,12.25,1],"texture":"#0"},"south":{"uv":[14,0,15.75,1],"texture":"#0"},"west":{"uv":[14,0,14,1],"texture":"#0"},"up":{"uv":[14,0,12.25,0],"texture":"#0"},"down":{"uv":[15.75,0,14,0],"texture":"#0"}}},{"from":[0.4,7.1,8.4],"to":[7.6,7.1,15.6],"rotation":{"angle":0,"axis":"y","origin":[12,0,20]},"faces":{"north":{"uv":[8.75,8.25,10.5,8.25],"texture":"#0"},"east":{"uv":[7,8.25,8.75,8.25],"texture":"#0"},"south":{"uv":[12.25,8.25,14,8.25],"texture":"#0"},"west":{"uv":[10.5,8.25,12.25,8.25],"texture":"#0"},"up":{"uv":[10.5,8.25,8.75,6.5],"texture":"#0"},"down":{"uv":[12.25,6.5,10.5,8.25],"texture":"#0"}}},{"from":[1.5,0,9.5],"to":[6.5,3,14.5],"rotation":{"angle":0,"axis":"y","origin":[12,0,20]},"faces":{"north":{"uv":[9,10.25,10.25,11],"texture":"#0"},"east":{"uv":[7.75,10.25,9,11],"texture":"#0"},"south":{"uv":[11.5,10.25,12.75,11],"texture":"#0"},"west":{"uv":[10.25,10.25,11.5,11],"texture":"#0"},"up":{"uv":[10.25,10.25,9,9],"texture":"#0"},"down":{"uv":[11.5,9,10.25,10.25],"texture":"#0"}}},{"from":[0.5,3,8.5],"to":[7.5,7,15.5],"rotation":{"angle":0,"axis":"y","origin":[12,0,20]},"faces":{"north":{"uv":[7,2.75,8.75,3.75],"texture":"#0"},"east":{"uv":[5.25,2.75,7,3.75],"texture":"#0"},"south":{"uv":[10.5,2.75,12.25,3.75],"texture":"#0"},"west":{"uv":[8.75,2.75,10.5,3.75],"texture":"#0"},"up":{"uv":[8.75,2.75,7,1],"texture":"#0"},"down":{"uv":[10.5,1,8.75,2.75],"texture":"#0"}}},{"from":[7.6,3,0.4],"to":[7.6,7.1,7.6],"rotation":{"angle":0,"axis":"y","origin":[12,0,-4]},"faces":{"north":{"uv":[10.5,12,10.5,13],"texture":"#0"},"east":{"uv":[8.75,12,10.5,13],"texture":"#0"},"south":{"uv":[12.25,12,12.25,13],"texture":"#0"},"west":{"uv":[10.5,12,12.25,13],"texture":"#0"},"up":{"uv":[10.5,12,10.5,10.25],"texture":"#0"},"down":{"uv":[10.5,10.25,10.5,12],"texture":"#0"}}},{"from":[0.4,3,0.4],"to":[7.6,7.1,0.4],"rotation":{"angle":0,"axis":"y","origin":[12,0,-4]},"faces":{"north":{"uv":[11.5,9.25,13.25,10.25],"texture":"#0"},"east":{"uv":[11.5,9.25,11.5,10.25],"texture":"#0"},"south":{"uv":[13.25,9.25,15,10.25],"texture":"#0"},"west":{"uv":[13.25,9.25,13.25,10.25],"texture":"#0"},"up":{"uv":[13.25,9.25,11.5,9.25],"texture":"#0"},"down":{"uv":[15,9.25,13.25,9.25],"texture":"#0"}}},{"from":[0.4,3,0.4],"to":[0.4,7.1,7.6],"rotation":{"angle":0,"axis":"y","origin":[12,0,-4]},"faces":{"north":{"uv":[1.75,12,1.75,13],"texture":"#0"},"east":{"uv":[0,12,1.75,13],"texture":"#0"},"south":{"uv":[3.5,12,3.5,13],"texture":"#0"},"west":{"uv":[1.75,12,3.5,13],"texture":"#0"},"up":{"uv":[1.75,12,1.75,10.25],"texture":"#0"},"down":{"uv":[1.75,10.25,1.75,12],"texture":"#0"}}},{"from":[0.4,3,7.6],"to":[7.6,7.1,7.6],"rotation":{"angle":0,"axis":"y","origin":[12,0,12]},"faces":{"north":{"uv":[11.5,8.25,13.25,9.25],"texture":"#0"},"east":{"uv":[11.5,8.25,11.5,9.25],"texture":"#0"},"south":{"uv":[13.25,8.25,15,9.25],"texture":"#0"},"west":{"uv":[13.25,8.25,13.25,9.25],"texture":"#0"},"up":{"uv":[13.25,8.25,11.5,8.25],"texture":"#0"},"down":{"uv":[15,8.25,13.25,8.25],"texture":"#0"}}},{"from":[0.4,7.1,0.4],"to":[7.6,7.1,7.6],"rotation":{"angle":0,"axis":"y","origin":[12,0,-4]},"faces":{"north":{"uv":[5.25,8.25,7,8.25],"texture":"#0"},"east":{"uv":[3.5,8.25,5.25,8.25],"texture":"#0"},"south":{"uv":[8.75,8.25,10.5,8.25],"texture":"#0"},"west":{"uv":[7,8.25,8.75,8.25],"texture":"#0"},"up":{"uv":[7,8.25,5.25,6.5],"texture":"#0"},"down":{"uv":[8.75,6.5,7,8.25],"texture":"#0"}}},{"from":[1.5,0,1.5],"to":[6.5,3,6.5],"rotation":{"angle":0,"axis":"y","origin":[12,0,-4]},"faces":{"north":{"uv":[1.25,10.25,2.5,11],"texture":"#0"},"east":{"uv":[0,10.25,1.25,11],"texture":"#0"},"south":{"uv":[3.75,10.25,5,11],"texture":"#0"},"west":{"uv":[2.5,10.25,3.75,11],"texture":"#0"},"up":{"uv":[2.5,10.25,1.25,9],"texture":"#0"},"down":{"uv":[3.75,9,2.5,10.25],"texture":"#0"}}},{"from":[0.5,3,0.5],"to":[7.5,7,7.5],"rotation":{"angle":0,"axis":"y","origin":[12,0,-4]},"faces":{"north":{"uv":[1.75,4.5,3.5,5.5],"texture":"#0"},"east":{"uv":[0,4.5,1.75,5.5],"texture":"#0"},"south":{"uv":[5.25,4.5,7,5.5],"texture":"#0"},"west":{"uv":[3.5,4.5,5.25,5.5],"texture":"#0"},"up":{"uv":[3.5,4.5,1.75,2.75],"texture":"#0"},"down":{"uv":[5.25,2.75,3.5,4.5],"texture":"#0"}}},{"from":[8.4,3,0.4],"to":[8.4,7.1,7.6],"rotation":{"angle":0,"axis":"y","origin":[4,0,-4]},"faces":{"north":{"uv":[10.5,11,10.5,12],"texture":"#0"},"east":{"uv":[8.75,11,10.5,12],"texture":"#0"},"south":{"uv":[12.25,11,12.25,12],"texture":"#0"},"west":{"uv":[10.5,11,12.25,12],"texture":"#0"},"up":{"uv":[10.5,11,10.5,9.25],"texture":"#0"},"down":{"uv":[10.5,9.25,10.5,11],"texture":"#0"}}},{"from":[8.4,3,0.4],"to":[15.6,7.1,0.4],"rotation":{"angle":0,"axis":"y","origin":[4,0,-4]},"faces":{"north":{"uv":[8.75,0,10.5,1],"texture":"#0"},"east":{"uv":[8.75,0,8.75,1],"texture":"#0"},"south":{"uv":[10.5,0,12.25,1],"texture":"#0"},"west":{"uv":[10.5,0,10.5,1],"texture":"#0"},"up":{"uv":[10.5,0,8.75,0],"texture":"#0"},"down":{"uv":[12.25,0,10.5,0],"texture":"#0"}}},{"from":[15.6,3,0.4],"to":[15.6,7.1,7.6],"rotation":{"angle":0,"axis":"y","origin":[4,0,-4]},"faces":{"north":{"uv":[1.75,11,1.75,12],"texture":"#0"},"east":{"uv":[0,11,1.75,12],"texture":"#0"},"south":{"uv":[3.5,11,3.5,12],"texture":"#0"},"west":{"uv":[1.75,11,3.5,12],"texture":"#0"},"up":{"uv":[1.75,11,1.75,9.25],"texture":"#0"},"down":{"uv":[1.75,9.25,1.75,11],"texture":"#0"}}},{"from":[8.4,3,7.6],"to":[15.6,7.1,7.6],"rotation":{"angle":0,"axis":"y","origin":[4,0,12]},"faces":{"north":{"uv":[5.25,0,7,1],"texture":"#0"},"east":{"uv":[5.25,0,5.25,1],"texture":"#0"},"south":{"uv":[7,0,8.75,1],"texture":"#0"},"west":{"uv":[7,0,7,1],"texture":"#0"},"up":{"uv":[7,0,5.25,0],"texture":"#0"},"down":{"uv":[8.75,0,7,0],"texture":"#0"}}},{"from":[8.4,7.1,0.4],"to":[15.6,7.1,7.6],"rotation":{"angle":0,"axis":"y","origin":[4,0,-4]},"faces":{"north":{"uv":[1.75,7.25,3.5,7.25],"texture":"#0"},"east":{"uv":[0,7.25,1.75,7.25],"texture":"#0"},"south":{"uv":[5.25,7.25,7,7.25],"texture":"#0"},"west":{"uv":[3.5,7.25,5.25,7.25],"texture":"#0"},"up":{"uv":[3.5,7.25,1.75,5.5],"texture":"#0"},"down":{"uv":[5.25,5.5,3.5,7.25],"texture":"#0"}}},{"from":[9.5,0,1.5],"to":[14.5,3,6.5],"rotation":{"angle":0,"axis":"y","origin":[4,0,-4]},"faces":{"north":{"uv":[5.25,9.5,6.5,10.25],"texture":"#0"},"east":{"uv":[4,9.5,5.25,10.25],"texture":"#0"},"south":{"uv":[7.75,9.5,9,10.25],"texture":"#0"},"west":{"uv":[6.5,9.5,7.75,10.25],"texture":"#0"},"up":{"uv":[6.5,9.5,5.25,8.25],"texture":"#0"},"down":{"uv":[7.75,8.25,6.5,9.5],"texture":"#0"}}},{"from":[8.5,3,0.5],"to":[15.5,7,7.5],"rotation":{"angle":0,"axis":"y","origin":[4,0,-4]},"faces":{"north":{"uv":[1.75,1.75,3.5,2.75],"texture":"#0"},"east":{"uv":[0,1.75,1.75,2.75],"texture":"#0"},"south":{"uv":[5.25,1.75,7,2.75],"texture":"#0"},"west":{"uv":[3.5,1.75,5.25,2.75],"texture":"#0"},"up":{"uv":[3.5,1.75,1.75,0],"texture":"#0"},"down":{"uv":[5.25,0,3.5,1.75],"texture":"#0"}}}],"display":{"thirdperson_righthand":{"rotation":[75,45,0],"translation":[0,2.5,0],"scale":[0.375,0.375,0.375]},"thirdperson_lefthand":{"rotation":[75,45,0],"translation":[0,2.5,0],"scale":[0.375,0.375,0.375]},"firstperson_righthand":{"rotation":[0,45,0],"translation":[1,2.25,0],"scale":[0.4,0.4,0.4]},"firstperson_lefthand":{"rotation":[0,45,0],"translation":[1,2.25,0],"scale":[0.4,0.4,0.4]},"ground":{"translation":[0,3.5,0],"scale":[0.5,0.5,0.5]},"gui":{"rotation":[30,45,0],"translation":[0,2.5,0],"scale":[0.69,0.69,0.69]},"head":{"translation":[0,14.5,0]},"fixed":{"rotation":[-90,0,0],"translation":[0,0,-16],"scale":[2,2,2]}}}