{"textures​":{"0":"\u0062\u0069\u0072\u0074\u0068\u0064\u0061\u0079\u0070\u0061\u0063\u006b:\u0070\u0061\u0063\u006b/\u0062\u0069\u0072\u0074\u0068\u0064\u0061\u0079_\u0070\u0069\u007a\u007a\u0061_02_\u0074\u0065\u0078\u0074\u0075\u0072\u0065","\u0070\u0061\u0072\u0074\u0069\u0063\u006c\u0065":"\u0062\u0069\u0072\u0074\u0068\u0064\u0061\u0079\u0070\u0061\u0063\u006b:\u0070\u0061\u0063\u006b/\u0062\u0069\u0072\u0074\u0068\u0064\u0061\u0079_\u0070\u0069\u007a\u007a\u0061_02_\u0074\u0065\u0078\u0074\u0075\u0072\u0065"},"credit":"Made with Blockbench","texture_size":[64,64],"\u0074\u0065\u0078\u0074\u0075\u0072\u0065\u0073":{"0":"\u0062\u0069\u0072\u0074\u0068\u0064\u0061\u0079\u0070\u0061\u0063\u006b:\u0070\u0061\u0063\u006b/\u0062\u0069\u0072\u0074\u0068\u0064\u0061\u0079_\u0070\u0069\u007a\u007a\u0061_02_\u0074\u0065\u0078\u0074\u0075\u0072\u0065","\u0070\u0061\u0072\u0074\u0069\u0063\u006c\u0065":"\u0062\u0069\u0072\u0074\u0068\u0064\u0061\u0079\u0070\u0061\u0063\u006b:\u0070\u0061\u0063\u006b/\u0062\u0069\u0072\u0074\u0068\u0064\u0061\u0079_\u0070\u0069\u007a\u007a\u0061_02_\u0074\u0065\u0078\u0074\u0075\u0072\u0065"},"elements":[{"from":[0,0.025,0],"to":[16,0.025,16],"faces":{"north":{"uv":[4,4,8,4],"texture":"#0"},"east":{"uv":[0,4,4,4],"texture":"#0"},"south":{"uv":[12,4,16,4],"texture":"#0"},"west":{"uv":[8,4,12,4],"texture":"#0"},"up":{"uv":[8,4,4,0],"texture":"#0"},"down":{"uv":[12,0,8,4],"texture":"#0"}}},{"from":[0,0,0],"to":[0,2,16],"faces":{"north":{"uv":[4,4.5,4,5],"texture":"#0"},"east":{"uv":[0,4.5,4,5],"texture":"#0"},"south":{"uv":[8,4.5,8,5],"texture":"#0"},"west":{"uv":[4,4.5,8,5],"texture":"#0"},"up":{"uv":[4,4.5,4,0.5],"texture":"#0"},"down":{"uv":[4,0.5,4,4.5],"texture":"#0"}}},{"from":[16,0,0],"to":[16,2,16],"rotation":{"angle":0,"axis":"y","origin":[16,0,0]},"faces":{"north":{"uv":[4,4,4,4.5],"texture":"#0"},"east":{"uv":[0,4,4,4.5],"texture":"#0"},"south":{"uv":[8,4,8,4.5],"texture":"#0"},"west":{"uv":[4,4,8,4.5],"texture":"#0"},"up":{"uv":[4,4,4,0],"texture":"#0"},"down":{"uv":[4,0,4,4],"texture":"#0"}}},{"from":[0.05,0,16],"to":[15.95,16,16],"rotation":{"angle":22.5,"axis":"x","origin":[8,0,16]},"faces":{"north":{"uv":[0,5,3.75,9],"texture":"#0"},"east":{"uv":[0,5,0,9],"texture":"#0"},"south":{"uv":[3.75,5,7.5,9],"texture":"#0"},"west":{"uv":[3.75,5,3.75,9],"texture":"#0"},"up":{"uv":[3.75,5,0,5],"texture":"#0"},"down":{"uv":[7.5,5,3.75,5],"texture":"#0"}}},{"from":[0,0,0],"to":[16,2,0],"rotation":{"angle":0,"axis":"y","origin":[16,0,16]},"faces":{"north":{"uv":[7.5,5.5,11.5,6],"texture":"#0"},"east":{"uv":[7.5,5.5,7.5,6],"texture":"#0"},"south":{"uv":[11.5,5.5,15.5,6],"texture":"#0"},"west":{"uv":[11.5,5.5,11.5,6],"texture":"#0"},"up":{"uv":[11.5,5.5,7.5,5.5],"texture":"#0"},"down":{"uv":[15.5,5.5,11.5,5.5],"texture":"#0"}}},{"from":[0.05,0,14],"to":[0.05,16,16],"rotation":{"angle":22.5,"axis":"x","origin":[8,0,16]},"faces":{"north":{"uv":[0.5,9,0.5,13],"texture":"#0"},"east":{"uv":[0,9,0.5,13],"texture":"#0"},"south":{"uv":[1,9,1,13],"texture":"#0"},"west":{"uv":[0.5,9,1,13],"texture":"#0"},"up":{"uv":[0.5,9,0.5,8.5],"texture":"#0"},"down":{"uv":[0.5,8.5,0.5,9],"texture":"#0"}}},{"from":[15.95,0,14],"to":[15.95,16,16],"rotation":{"angle":22.5,"axis":"x","origin":[8,0,16]},"faces":{"north":{"uv":[8,6,8,10],"texture":"#0"},"east":{"uv":[7.5,6,8,10],"texture":"#0"},"south":{"uv":[8.5,6,8.5,10],"texture":"#0"},"west":{"uv":[8,6,8.5,10],"texture":"#0"},"up":{"uv":[8,6,8,5.5],"texture":"#0"},"down":{"uv":[8,5.5,8,6],"texture":"#0"}}},{"from":[0.05,16,14],"to":[15.95,16,16],"rotation":{"angle":22.5,"axis":"x","origin":[8,0,16]},"faces":{"north":{"uv":[7.5,5.5,11.25,5.5],"texture":"#0"},"east":{"uv":[7,5.5,7.5,5.5],"texture":"#0"},"south":{"uv":[11.75,5.5,15.5,5.5],"texture":"#0"},"west":{"uv":[11.25,5.5,11.75,5.5],"texture":"#0"},"up":{"uv":[11.25,5.5,7.5,5],"texture":"#0"},"down":{"uv":[15,5,11.25,5.5],"texture":"#0"}}},{"from":[10,0.1,10],"to":[14,1.1,14],"faces":{"north":{"uv":[1,1,2,1.25],"texture":"#0"},"east":{"uv":[0,1,1,1.25],"texture":"#0"},"south":{"uv":[3,1,4,1.25],"texture":"#0"},"west":{"uv":[2,1,3,1.25],"texture":"#0"},"up":{"uv":[2,1,1,0],"texture":"#0"},"down":{"uv":[3,0,2,1],"texture":"#0"}}},{"from":[6,0.1,9],"to":[8,1.1,11],"faces":{"north":{"uv":[0.5,1.75,1,2],"texture":"#0"},"east":{"uv":[0,1.75,0.5,2],"texture":"#0"},"south":{"uv":[1.5,1.75,2,2],"texture":"#0"},"west":{"uv":[1,1.75,1.5,2],"texture":"#0"},"up":{"uv":[1,1.75,0.5,1.25],"texture":"#0"},"down":{"uv":[1.5,1.25,1,1.75],"texture":"#0"}}},{"from":[10,0.1,7],"to":[11,1.1,8],"faces":{"north":{"uv":[0.25,0.25,0.5,0.5],"texture":"#0"},"east":{"uv":[0,0.25,0.25,0.5],"texture":"#0"},"south":{"uv":[0.75,0.25,1,0.5],"texture":"#0"},"west":{"uv":[0.5,0.25,0.75,0.5],"texture":"#0"},"up":{"uv":[0.5,0.25,0.25,0],"texture":"#0"},"down":{"uv":[0.75,0,0.5,0.25],"texture":"#0"}}}],"gui_light":"front","display":{"thirdperson_righthand":{"rotation":[75,45,0],"translation":[-1.75,4,-1.25],"scale":[0.375,0.375,0.375]},"thirdperson_lefthand":{"rotation":[75,45,0],"translation":[-1.75,4,-1.25],"scale":[0.375,0.375,0.375]},"firstperson_righthand":{"rotation":[0,45,0],"translation":[0,2.75,0],"scale":[0.4,0.4,0.4]},"firstperson_lefthand":{"rotation":[0,45,0],"translation":[0,2.75,0],"scale":[0.4,0.4,0.4]},"ground":{"translation":[0,2,0],"scale":[0.5,0.5,0.5]},"gui":{"rotation":[55,180,0],"translation":[0,-1.25,0],"scale":[0.57,0.57,0.57]},"head":{"translation":[0,14.5,-0.5]},"fixed":{"rotation":[-90,0,0],"translation":[0,0,-16],"scale":[2,2,2]}}}