{"textures​":{"layer0":"minecraft:item/dark_prismarine_slab"},"credit":"Made with Blockbench","texture_size":[128,128],"\u0074\u0065\u0078\u0074\u0075\u0072\u0065\u0073":{"0":"\u0062\u0069\u0072\u0074\u0068\u0064\u0061\u0079\u0070\u0061\u0063\u006b:\u0070\u0061\u0063\u006b/\u0062\u0069\u0072\u0074\u0068\u0064\u0061\u0079_\u0068\u0061\u0070\u0070\u0079_\u006c\u0065\u0074\u0074\u0065\u0072_\u0062\u0061\u006e\u006e\u0065\u0072_\u0074\u0065\u0078\u0074\u0075\u0072\u0065","\u0070\u0061\u0072\u0074\u0069\u0063\u006c\u0065":"\u0062\u0069\u0072\u0074\u0068\u0064\u0061\u0079\u0070\u0061\u0063\u006b:\u0070\u0061\u0063\u006b/\u0062\u0069\u0072\u0074\u0068\u0064\u0061\u0079_\u0068\u0061\u0070\u0070\u0079_\u006c\u0065\u0074\u0074\u0065\u0072_\u0062\u0061\u006e\u006e\u0065\u0072_\u0074\u0065\u0078\u0074\u0075\u0072\u0065"},"elements":[{"from":[-16,0,8],"to":[32,16,8],"faces":{"north":{"uv":[0,0,6,2],"texture":"#0"},"east":{"uv":[0,0,0,2],"texture":"#0"},"south":{"uv":[6,0,12,2],"texture":"#0"},"west":{"uv":[6,0,6,2],"texture":"#0"},"up":{"uv":[6,0,0,0],"texture":"#0"},"down":{"uv":[12,0,6,0],"texture":"#0"}}}],"gui_light":"front","display":{"thirdperson_righthand":{"translation":[0,-4.25,-0.25],"scale":[0.5,0.5,0.5]},"thirdperson_lefthand":{"translation":[0,-4.25,-0.25],"scale":[0.5,0.5,0.5]},"firstperson_righthand":{"translation":[5,0,0],"scale":[0.5,0.5,0.5]},"firstperson_lefthand":{"translation":[5,0,0],"scale":[0.5,0.5,0.5]},"ground":{"translation":[0,1.5,0],"scale":[0.5,0.5,0.5]},"gui":{"rotation":[0,180,0],"translation":[0,-1.5,0],"scale":[0.32,0.32,0.32]},"head":{"translation":[0,5.5,0]},"fixed":{"rotation":[90,0,0],"translation":[0,0,-16],"scale":[2,2,2]}}}