{"model":{"type":"range_dispatch","property":"custom_model_data","index":0,"fallback":{"type":"minecraft:model","model":"minecraft:item/diamond_hoe"},"entries":[{"threshold":10000,"model":{"type":"model","model":"purpleworldset:purpleworldset/purpleworld_hoe"}},{"threshold":10001,"model":{"type":"model","model":"default_tools:diamond/diamond_hoe"}},{"threshold":10002,"model":{"type":"model","model":"minecraft:item/diamond_hoe"}},{"threshold":10003,"model":{"type":"model","model":"purpledragon:purpledragon/purple_dragon_hoe"}},{"threshold":10004,"model":{"type":"model","model":"akaleaf_discord_nitro:item/discord_nitro_hoe"}},{"threshold":10006,"model":{"type":"model","model":"bonekeeper_set:bonekeeper_set/hoe"}},{"threshold":10007,"model":{"type":"model","model":"warden_set:hoe"}},{"threshold":10008,"model":{"type":"model","model":"warden_set:staff"}},{"threshold":10010,"model":{"type":"model","model":"darkworldpack:normal/hoe"}},{"threshold":10012,"model":{"type":"model","model":"elitecreatures:wukong_animated/hoe"}},{"threshold":10013,"model":{"type":"model","model":"hmcwraps:emerald_hoe"}},{"threshold":10014,"model":{"type":"model","model":"cutiecatpack:cutiecatpack/hoe"}},{"threshold":10015,"model":{"type":"model","model":"item/diamond_hoe"}}]},"oversized_in_gui":true}