{"model":{"type":"range_dispatch","property":"custom_model_data","index":0,"fallback":{"type":"minecraft:model","model":"minecraft:item/iron_pickaxe"},"entries":[{"threshold":5000,"model":{"type":"model","model":"hmcwraps:fire_pickaxe"}},{"threshold":10000,"model":{"type":"model","model":"default_tools:iron/iron_pickaxe"}},{"threshold":10001,"model":{"type":"model","model":"unicornfantasyset:pickaxe"}},{"threshold":10002,"model":{"type":"model","model":"elitecreatures:valentines_animated_weapon_and_tool_set_v1/pickaxe"}},{"threshold":10004,"model":{"type":"model","model":"elitecreatures:valentines/pickaxe"}},{"threshold":10007,"model":{"type":"model","model":"fiendskullset:pickaxe"}},{"threshold":10015,"model":{"type":"model","model":"elitecreatures:mad_hatter_animated_weapon_set/pickaxe"}},{"threshold":10016,"model":{"type":"model","model":"elitecreatures:oni_weapon_set/pickaxe"}},{"threshold":10017,"model":{"type":"model","model":"littlesharkset:pickaxe"}},{"threshold":10018,"model":{"type":"model","model":"hmcwraps:silver_pickaxe"}},{"threshold":10019,"model":{"type":"model","model":"necros_set:pickaxe"}},{"threshold":10020,"model":{"type":"model","model":"item/iron_pickaxe"}}]},"oversized_in_gui":true}