{"model":{"type":"range_dispatch","property":"custom_model_data","index":0,"fallback":{"type":"minecraft:model","model":"minecraft:item/netherite_axe"},"entries":[{"threshold":10000,"model":{"type":"model","model":"default_tools:netherite/netherite_axe"}},{"threshold":10001,"model":{"type":"model","model":"bear_set:axe"}},{"threshold":10002,"model":{"type":"model","model":"littleduckset:axe"}},{"threshold":10003,"model":{"type":"model","model":"nexusset:axe"}},{"threshold":10004,"model":{"type":"model","model":"ender_eye_set:ender_eye_set/axe"}},{"threshold":10005,"model":{"type":"model","model":"garnet_pack:garnet_pack/axe_garnet"}},{"threshold":10006,"model":{"type":"model","model":"elitecreatures:darkflame_animated_weapon_set/axe"}},{"threshold":10007,"model":{"type":"model","model":"elitecreatures:darkflame_animated_weapon_set/mace"}},{"threshold":10008,"model":{"type":"model","model":"elitecreatures:bahamut_animated_weapon_set/axe"}},{"threshold":10009,"model":{"type":"model","model":"elitecreatures:bahamut_animated_weapon_set/hammer"}},{"threshold":10010,"model":{"type":"model","model":"elitecreatures:bahamut_animated_weapon_set/mace"}},{"threshold":10011,"model":{"type":"model","model":"elitecreatures:headlesshorseman_animated_weapon_set/axe"}},{"threshold":10012,"model":{"type":"model","model":"elitecreatures:headlesshorseman_animated_weapon_set/club"}},{"threshold":10013,"model":{"type":"model","model":"elitecreatures:headlesshorseman_animated_weapon_set/hammer"}},{"threshold":10014,"model":{"type":"model","model":"elitecreatures:headlesshorseman_animated_weapon_set/mace"}},{"threshold":10015,"model":{"type":"model","model":"elitecreatures:christmas_2023_animated/axe"}},{"threshold":10016,"model":{"type":"model","model":"winterset:axe"}},{"threshold":10017,"model":{"type":"model","model":"lunarset:axe"}},{"threshold":10018,"model":{"type":"model","model":"valentineset:axe"}},{"threshold":10019,"model":{"type":"model","model":"abyss_pack:axe"}},{"threshold":10020,"model":{"type":"model","model":"elitecreatures:ifrit_animated/axe"}},{"threshold":10021,"model":{"type":"model","model":"elitecreatures:ghostly_animated_weapon_set/axe"}},{"threshold":10022,"model":{"type":"model","model":"elitecreatures:ghostly_animated_weapon_set/club"}},{"threshold":10023,"model":{"type":"model","model":"elitecreatures:ghostly_animated_weapon_set/hammer"}},{"threshold":10024,"model":{"type":"model","model":"elitecreatures:ghostly_animated_weapon_set/mace"}},{"threshold":10025,"model":{"type":"model","model":"saintpatricksset:axe"}},{"threshold":10026,"model":{"type":"model","model":"lunardragonset:axe"}},{"threshold":10029,"model":{"type":"model","model":"protocalset:axe"}},{"threshold":10030,"model":{"type":"model","model":"radiance_collection:axe"}},{"threshold":10031,"model":{"type":"model","model":"elitecreatures:assortment/battle_axe"}},{"threshold":10032,"model":{"type":"model","model":"elitecreatures:assortment/hammer"}},{"threshold":10033,"model":{"type":"model","model":"evergreen_collection:axe"}},{"threshold":10034,"model":{"type":"model","model":"slime_collection:slimeaxe"}},{"threshold":10035,"model":{"type":"model","model":"starlight:axe"}},{"threshold":10036,"model":{"type":"model","model":"mickeysr:axe"}},{"threshold":10038,"model":{"type":"model","model":"blueflame:axe"}},{"threshold":10039,"model":{"type":"model","model":"lunaria_pack:blunaria_axe/blunaria_axe_1"}},{"threshold":10040,"model":{"type":"model","model":"lunaria_pack:wlunaria_axe/wlunaria_axe_1"}},{"threshold":10041,"model":{"type":"model","model":"devil_animated_weapon_set:axe"}},{"threshold":10042,"model":{"type":"model","model":"littlepandaset:axe"}},{"threshold":10043,"model":{"type":"model","model":"item/netherite_axe"}}]},"oversized_in_gui":true}