{"textures​":{"layer0":"minecraft:item/pink_concrete_powder"},"credit":"MadewithBlockbench","texture_size":[64,64],"\u0074\u0065\u0078\u0074\u0075\u0072\u0065\u0073":{"1":"\u0077\u0061\u0072\u0064\u0065\u006e_\u0073\u0065\u0074:\u0077\u0061\u0072\u0064\u0065\u006e_\u0077\u0065\u0061\u0070\u006f\u006e_1","2":"\u0077\u0061\u0072\u0064\u0065\u006e_\u0073\u0065\u0074:\u0061\u006e\u0069\u006d\u0061\u0074\u0069\u006f\u006e_1","3":"\u0077\u0061\u0072\u0064\u0065\u006e_\u0073\u0065\u0074:\u0061\u006e\u0069\u006d\u0061\u0074\u0069\u006f\u006e_2","4":"\u0077\u0061\u0072\u0064\u0065\u006e_\u0073\u0065\u0074:\u0061\u006e\u0069\u006d\u0061\u0074\u0069\u006f\u006e_3","\u0070\u0061\u0072\u0074\u0069\u0063\u006c\u0065":"\u0077\u0061\u0072\u0064\u0065\u006e_\u0073\u0065\u0074:\u0061\u006e\u0069\u006d\u0061\u0074\u0069\u006f\u006e_1"},"elements":[{"from":[5,15,5],"to":[11,19,11],"rotation":{"angle":0,"axis":"y","origin":[9,16,8]},"faces":{"north":{"uv":[4.5,0,6,1],"texture":"#1"},"east":{"uv":[4.5,1,6,2],"texture":"#1"},"south":{"uv":[6,0,4.5,1],"texture":"#1"},"west":{"uv":[6,1,4.5,2],"texture":"#1"},"up":{"uv":[1.5,5,0,3.5],"rotation":180,"texture":"#1"},"down":{"uv":[3,3.5,1.5,5],"rotation":180,"texture":"#1"}}},{"from":[7,8,7],"to":[9,12,9],"rotation":{"angle":0,"axis":"y","origin":[9,-0.5,8]},"faces":{"north":{"uv":[15.5,9.5,16,10.5],"texture":"#1"},"east":{"uv":[15.5,9.5,16,10.5],"texture":"#1"},"south":{"uv":[15.5,9.5,16,10.5],"texture":"#1"},"west":{"uv":[15.5,9.5,16,10.5],"texture":"#1"},"down":{"uv":[15,9.5,15.5,10],"texture":"#1"}}},{"from":[7,-14,7],"to":[9,-9,9],"rotation":{"angle":0,"axis":"y","origin":[9,-0.5,8]},"faces":{"north":{"uv":[15.5,14.75,16,16],"texture":"#1"},"east":{"uv":[15.5,14.75,16,16],"texture":"#1"},"south":{"uv":[15.5,14.75,16,16],"texture":"#1"},"west":{"uv":[15.5,14.75,16,16],"texture":"#1"},"up":{"uv":[15,9.5,15.5,10],"texture":"#1"}}},{"from":[7.5,-9,7.5],"to":[8.5,8,8.5],"rotation":{"angle":0,"axis":"y","origin":[9,-0.5,8]},"faces":{"north":{"uv":[15.75,10.5,16,14.75],"texture":"#1"},"east":{"uv":[15.75,10.5,16,14.75],"texture":"#1"},"south":{"uv":[15.75,10.5,16,14.75],"texture":"#1"},"west":{"uv":[15.75,10.5,16,14.75],"texture":"#1"}}},{"from":[6,-16,6],"to":[10,-14,10],"rotation":{"angle":0,"axis":"y","origin":[9,-5,8]},"faces":{"north":{"uv":[5.5,3.5,6.5,4],"texture":"#1"},"east":{"uv":[5.5,4,6.5,4.5],"texture":"#1"},"south":{"uv":[5.5,3.5,6.5,4],"texture":"#1"},"west":{"uv":[6.5,4,5.5,4.5],"texture":"#1"},"up":{"uv":[5.5,3.75,4.5,2.75],"rotation":180,"texture":"#1"},"down":{"uv":[4,4.5,3,5.5],"rotation":180,"texture":"#1"}}},{"from":[6,19,6],"to":[10,21,10],"rotation":{"angle":0,"axis":"y","origin":[9,21,8]},"faces":{"north":{"uv":[5.5,4,6.5,3.5],"texture":"#1"},"east":{"uv":[5.5,4.5,6.5,4],"texture":"#1"},"south":{"uv":[5.5,4,6.5,3.5],"texture":"#1"},"west":{"uv":[6.5,4.5,5.5,4],"texture":"#1"},"up":{"uv":[3,4.5,4,5.5],"texture":"#1"},"down":{"uv":[4.5,3.75,5.5,2.75],"texture":"#1"}}},{"from":[6.5,-13,6.5],"to":[9.5,-12,9.5],"rotation":{"angle":0,"axis":"y","origin":[9,-5,8]},"faces":{"north":{"uv":[5.5,5.75,6.25,6],"texture":"#1"},"east":{"uv":[0,6,0.75,6.25],"texture":"#1"},"south":{"uv":[5.5,5.75,6.25,6],"texture":"#1"},"west":{"uv":[5.5,5.75,6.25,6],"texture":"#1"},"up":{"uv":[3.5,6.25,2.75,5.5],"rotation":180,"texture":"#1"},"down":{"uv":[6.25,2.75,5.5,3.5],"rotation":180,"texture":"#1"}}},{"from":[6,12,6],"to":[10,16,10],"rotation":{"angle":0,"axis":"y","origin":[9,5,8]},"faces":{"north":{"uv":[4.5,3.75,5.5,4.75],"texture":"#1"},"east":{"uv":[4,4.75,5,5.75],"texture":"#1"},"south":{"uv":[5.5,3.75,4.5,4.75],"texture":"#1"},"west":{"uv":[5,4.75,4,5.75],"texture":"#1"},"down":{"uv":[1,5,0,6],"rotation":180,"texture":"#1"}}},{"from":[4,24,4],"to":[12,24,12],"rotation":{"angle":0,"axis":"y","origin":[9,16,8]},"faces":{"north":{"uv":[0.25,10.5,1.5,8.5],"rotation":90,"texture":"#1"},"east":{"uv":[0.25,10.5,1.5,8.5],"rotation":90,"texture":"#1"},"south":{"uv":[0.25,10.5,1.5,8.5],"rotation":90,"texture":"#1"},"west":{"uv":[0.25,10.5,1.5,8.5],"rotation":90,"texture":"#1"},"up":{"uv":[1.5,10.5,3.5,8.5],"rotation":90,"texture":"#1"},"down":{"uv":[3.5,10.5,1.5,8.5],"rotation":90,"texture":"#1"}}},{"from":[4,19,12],"to":[12,24,12],"rotation":{"angle":0,"axis":"y","origin":[9,16,8]},"faces":{"north":{"uv":[0.25,10.5,1.5,8.5],"rotation":90,"texture":"#1"},"east":{"uv":[0.25,10.5,1.5,8.5],"rotation":90,"texture":"#1"},"south":{"uv":[0.25,10.5,1.5,8.5],"rotation":90,"texture":"#1"},"west":{"uv":[0.25,10.5,1.5,8.5],"rotation":90,"texture":"#1"},"up":{"uv":[1.5,10.5,3.5,8.5],"rotation":90,"texture":"#1"},"down":{"uv":[1.5,8.5,3.5,6.5],"rotation":90,"texture":"#1"}}},{"from":[4,19,4],"to":[12,19,12],"rotation":{"angle":0,"axis":"y","origin":[9,16,8]},"faces":{"north":{"uv":[0.25,10.5,1.5,8.5],"rotation":90,"texture":"#1"},"east":{"uv":[0.25,10.5,1.5,8.5],"rotation":90,"texture":"#1"},"south":{"uv":[0.25,10.5,1.5,8.5],"rotation":90,"texture":"#1"},"west":{"uv":[0.25,10.5,1.5,8.5],"rotation":90,"texture":"#1"},"up":{"uv":[3.5,8.5,1.5,6.5],"rotation":90,"texture":"#1"},"down":{"uv":[1.5,8.5,3.5,6.5],"rotation":90,"texture":"#1"}}},{"from":[4,19,4],"to":[12,24,4],"rotation":{"angle":0,"axis":"y","origin":[9,16,8]},"faces":{"north":{"uv":[0.25,10.5,1.5,8.5],"rotation":90,"texture":"#1"},"east":{"uv":[0.25,10.5,1.5,8.5],"rotation":90,"texture":"#1"},"south":{"uv":[0.25,10.5,1.5,8.5],"rotation":90,"texture":"#1"},"west":{"uv":[0.25,10.5,1.5,8.5],"rotation":90,"texture":"#1"},"up":{"uv":[1.5,10.5,3.5,8.5],"rotation":90,"texture":"#1"},"down":{"uv":[1.5,8.5,3.5,6.5],"rotation":90,"texture":"#1"}}},{"from":[12,19,4],"to":[12,24,12],"rotation":{"angle":0,"axis":"y","origin":[9,16,8]},"faces":{"north":{"uv":[0.25,10.5,1.5,8.5],"rotation":90,"texture":"#1"},"east":{"uv":[0.25,10.5,1.5,8.5],"rotation":90,"texture":"#1"},"south":{"uv":[0.25,10.5,1.5,8.5],"rotation":90,"texture":"#1"},"west":{"uv":[0.25,10.5,1.5,8.5],"rotation":90,"texture":"#1"},"up":{"uv":[1.5,10.5,3.5,8.5],"rotation":90,"texture":"#1"},"down":{"uv":[1.5,8.5,3.5,6.5],"rotation":90,"texture":"#1"}}},{"from":[4,19,4],"to":[4,24,12],"rotation":{"angle":0,"axis":"y","origin":[9,16,8]},"faces":{"north":{"uv":[0.25,10.5,1.5,8.5],"rotation":90,"texture":"#1"},"east":{"uv":[0.25,10.5,1.5,8.5],"rotation":90,"texture":"#1"},"south":{"uv":[0.25,10.5,1.5,8.5],"rotation":90,"texture":"#1"},"west":{"uv":[0.25,10.5,1.5,8.5],"rotation":90,"texture":"#1"},"up":{"uv":[1.5,10.5,3.5,8.5],"rotation":90,"texture":"#1"},"down":{"uv":[1.5,8.5,3.5,6.5],"rotation":90,"texture":"#1"}}},{"from":[7.5,-14.27978,3.65509],"to":[8.5,-12.27978,7.65509],"rotation":{"angle":45,"axis":"x","origin":[8,-13.51402,4.76734]},"faces":{"north":{"uv":[3,5,2.75,5.5],"texture":"#1"},"east":{"uv":[6.5,4.5,5.5,5],"texture":"#1"},"south":{"uv":[6.25,0,6,0.5],"texture":"#1"},"west":{"uv":[5.5,4.5,6.5,5],"texture":"#1"},"up":{"uv":[3.25,3.5,3,4.5],"rotation":180,"texture":"#1"},"down":{"uv":[5,6.75,4.75,5.75],"rotation":180,"texture":"#1"}}},{"from":[7.5,-14.27978,8.34491],"to":[8.5,-12.27978,12.34491],"rotation":{"angle":-45,"axis":"x","origin":[8,-13.51402,11.23266]},"faces":{"north":{"uv":[6,0,6.25,0.5],"texture":"#1"},"east":{"uv":[5.5,4.5,6.5,5],"texture":"#1"},"south":{"uv":[2.75,5,3,5.5],"texture":"#1"},"west":{"uv":[6.5,4.5,5.5,5],"texture":"#1"},"up":{"uv":[3.25,4.5,3,3.5],"rotation":180,"texture":"#1"},"down":{"uv":[5,5.75,4.75,6.75],"rotation":180,"texture":"#1"}}},{"from":[6,14.40223,14.80223],"to":[10,18.40223,20.80223],"rotation":{"angle":22.5,"axis":"x","origin":[8,16,17.80223]},"faces":{"north":{"uv":[2,12.5,1,13.5],"rotation":180,"texture":"#1"},"east":{"uv":[0,14,1,15.5],"rotation":270,"texture":"#1"},"south":{"uv":[2,12.5,1,13.5],"texture":"#1"},"west":{"uv":[1,14,0,15.5],"rotation":90,"texture":"#1"},"up":{"uv":[1,12.5,0,14],"rotation":180,"texture":"#1"},"down":{"uv":[1,12.5,0,14],"texture":"#1"}}},{"from":[5.9,15.36742,10.94989],"to":[10.1,19.36742,15.94989],"rotation":{"angle":0,"axis":"y","origin":[8,16,17.80223]},"faces":{"north":{"uv":[3.25,11.75,2.25,12.75],"rotation":180,"texture":"#1"},"east":{"uv":[2.25,10.5,3.25,11.75],"rotation":270,"texture":"#1"},"south":{"uv":[3.25,11.75,2.25,12.75],"texture":"#1"},"west":{"uv":[3.25,10.5,2.25,11.75],"rotation":90,"texture":"#1"},"up":{"uv":[4.25,10.5,3.25,11.75],"rotation":180,"texture":"#1"},"down":{"uv":[4.25,10.5,3.25,11.75],"texture":"#1"}}},{"from":[6.1,9.14766,17.16966],"to":[9.9,14.14766,21.16966],"rotation":{"angle":-45,"axis":"x","origin":[8,16,17.80223]},"faces":{"north":{"uv":[3,14.5,2,15.75],"rotation":180,"texture":"#1"},"east":{"uv":[2,14.5,1,15.75],"rotation":180,"texture":"#1"},"south":{"uv":[3,14.5,2,15.75],"rotation":180,"texture":"#1"},"west":{"uv":[2,14.5,1,15.75],"rotation":180,"texture":"#1"},"up":{"uv":[2,13.5,1,14.5],"texture":"#1"},"down":{"uv":[2,13.5,1,14.5],"texture":"#1"}}},{"from":[5.6,8.64766,16.66966],"to":[10.4,12.64766,21.66966],"rotation":{"angle":-45,"axis":"x","origin":[8,16,17.80223]},"faces":{"north":{"uv":[0,0,16,16],"rotation":90,"texture":"#2"},"east":{"uv":[0,0,16,16],"rotation":90,"texture":"#2"},"south":{"uv":[0,0,16,16],"rotation":90,"texture":"#2"},"west":{"uv":[0,0,16,16],"rotation":90,"texture":"#2"},"up":{"uv":[0,0,16,16],"rotation":90,"texture":"#2"},"down":{"uv":[0,0,16,16],"rotation":90,"texture":"#2"}}},{"from":[5.6,8.64766,-5.66966],"to":[10.4,12.64766,-0.66966],"rotation":{"angle":45,"axis":"x","origin":[8,16,-1.80223]},"faces":{"north":{"uv":[0,16,16,0],"rotation":90,"texture":"#2"},"east":{"uv":[0,16,16,0],"rotation":90,"texture":"#2"},"south":{"uv":[0,16,16,0],"rotation":90,"texture":"#2"},"west":{"uv":[0,16,16,0],"rotation":90,"texture":"#2"},"up":{"uv":[16,0,0,16],"rotation":90,"texture":"#2"},"down":{"uv":[16,0,0,16],"rotation":90,"texture":"#2"}}},{"from":[8,11,9],"to":[8,15,15],"rotation":{"angle":-45,"axis":"x","origin":[8,12,12]},"faces":{"east":{"uv":[3.5,8,5,7],"texture":"#1"},"west":{"uv":[5,8,3.5,7],"texture":"#1"}}},{"from":[7.9,19,13],"to":[7.9,24,20],"rotation":{"angle":-22.5,"axis":"x","origin":[8,18,19]},"faces":{"east":{"uv":[10,3.25,8.25,4.5],"texture":"#1"},"west":{"uv":[8.25,3.25,10,4.5],"texture":"#1"}}},{"from":[6.6,10.43273,19.15596],"to":[8.6,14.43273,21.15596],"rotation":{"angle":-22.5,"axis":"x","origin":[7.6,11.06579,18.68302]},"faces":{"north":{"uv":[3.25,12.25,4.25,11.75],"rotation":270,"texture":"#1"},"east":{"uv":[3.25,12.25,4.25,11.75],"rotation":270,"texture":"#1"},"south":{"uv":[3.25,12.25,4.25,11.75],"rotation":270,"texture":"#1"},"west":{"uv":[3.25,12.25,4.25,11.75],"rotation":270,"texture":"#1"},"up":{"uv":[3.25,12.75,3.75,12.25],"texture":"#1"},"down":{"uv":[3.75,12.25,4,12.5],"rotation":180,"texture":"#1"}}},{"from":[6.7,8.32822,18.9786],"to":[8.5,12.32822,20.7786],"rotation":{"angle":22.5,"axis":"x","origin":[7.6,11.06579,18.68302]},"faces":{"north":{"uv":[4.5,12.75,3.5,13.25],"rotation":90,"texture":"#1"},"east":{"uv":[4.5,12.75,3.5,13.25],"rotation":90,"texture":"#1"},"south":{"uv":[4.5,12.75,3.5,13.25],"rotation":90,"texture":"#1"},"west":{"uv":[4.5,12.75,3.5,13.25],"rotation":90,"texture":"#1"},"up":{"uv":[4.25,12.25,3.75,12.75],"rotation":180,"texture":"#1"},"down":{"uv":[4.25,12.75,3.75,12.25],"texture":"#1"}}},{"from":[7.6,8.30207,15.21008],"to":[7.6,14.30207,19.21008],"rotation":{"angle":-22.5,"axis":"x","origin":[7.6,11.06579,18.68302]},"faces":{"north":{"uv":[6,10.5,6.5,10],"rotation":270,"texture":"#1"},"east":{"uv":[14.5,2.25,16,1.25],"rotation":90,"texture":"#1"},"south":{"uv":[2.5,14.5,3,14],"rotation":270,"texture":"#1"},"west":{"uv":[14.5,1.25,16,2.25],"rotation":90,"texture":"#1"},"up":{"uv":[4.5,4.75,5.5,3.75],"texture":"#1"},"down":{"uv":[5.5,3.75,4.5,4.75],"rotation":180,"texture":"#1"}}},{"from":[6,14.40223,-4.80223],"to":[10,18.40223,1.19777],"rotation":{"angle":-22.5,"axis":"x","origin":[8,16,-1.80223]},"faces":{"north":{"uv":[1,12.5,2,13.5],"texture":"#1"},"east":{"uv":[0,15.5,1,14],"rotation":270,"texture":"#1"},"south":{"uv":[1,12.5,2,13.5],"rotation":180,"texture":"#1"},"west":{"uv":[1,15.5,0,14],"rotation":90,"texture":"#1"},"up":{"uv":[1,14,0,12.5],"rotation":180,"texture":"#1"},"down":{"uv":[1,14,0,12.5],"texture":"#1"}}},{"from":[5.9,15.36742,0.05011],"to":[10.1,19.36742,5.05011],"rotation":{"angle":0,"axis":"y","origin":[8,16,-1.80223]},"faces":{"north":{"uv":[2.25,11.75,3.25,12.75],"texture":"#1"},"east":{"uv":[2.25,11.75,3.25,10.5],"rotation":270,"texture":"#1"},"south":{"uv":[2.25,11.75,3.25,12.75],"rotation":180,"texture":"#1"},"west":{"uv":[3.25,11.75,2.25,10.5],"rotation":90,"texture":"#1"},"up":{"uv":[4.25,11.75,3.25,10.5],"rotation":180,"texture":"#1"},"down":{"uv":[4.25,11.75,3.25,10.5],"texture":"#1"}}},{"from":[6.1,9.14766,-5.16966],"to":[9.9,14.14766,-1.16966],"rotation":{"angle":45,"axis":"x","origin":[8,16,-1.80223]},"faces":{"north":{"uv":[2,14.5,3,15.75],"rotation":180,"texture":"#1"},"east":{"uv":[1,14.5,2,15.75],"rotation":180,"texture":"#1"},"south":{"uv":[2,14.5,3,15.75],"rotation":180,"texture":"#1"},"west":{"uv":[1,14.5,2,15.75],"rotation":180,"texture":"#1"},"up":{"uv":[2,14.5,1,13.5],"texture":"#1"},"down":{"uv":[2,14.5,1,13.5],"texture":"#1"}}},{"from":[8,11,1],"to":[8,15,7],"rotation":{"angle":45,"axis":"x","origin":[8,12,4]},"faces":{"east":{"uv":[5,8,3.5,7],"texture":"#1"},"west":{"uv":[3.5,8,5,7],"texture":"#1"}}},{"from":[7.9,19,-4],"to":[7.9,24,3],"rotation":{"angle":22.5,"axis":"x","origin":[8,18,-3]},"faces":{"east":{"uv":[8.25,3.25,10,4.5],"texture":"#1"},"west":{"uv":[10,3.25,8.25,4.5],"texture":"#1"}}},{"from":[6.6,10.43273,-5.15596],"to":[8.6,14.43273,-3.15596],"rotation":{"angle":22.5,"axis":"x","origin":[7.6,11.06579,-2.68302]},"faces":{"north":{"uv":[3.25,11.75,4.25,12.25],"rotation":270,"texture":"#1"},"east":{"uv":[3.25,11.75,4.25,12.25],"rotation":270,"texture":"#1"},"south":{"uv":[3.25,11.75,4.25,12.25],"rotation":270,"texture":"#1"},"west":{"uv":[3.25,11.75,4.25,12.25],"rotation":270,"texture":"#1"},"up":{"uv":[3.25,12.25,3.75,12.75],"texture":"#1"},"down":{"uv":[3.75,12.5,4,12.25],"rotation":180,"texture":"#1"}}},{"from":[6.7,8.32822,-4.7786],"to":[8.5,12.32822,-2.9786],"rotation":{"angle":-22.5,"axis":"x","origin":[7.6,11.06579,-2.68302]},"faces":{"north":{"uv":[4.5,13.25,3.5,12.75],"rotation":90,"texture":"#1"},"east":{"uv":[4.5,13.25,3.5,12.75],"rotation":90,"texture":"#1"},"south":{"uv":[4.5,13.25,3.5,12.75],"rotation":90,"texture":"#1"},"west":{"uv":[4.5,13.25,3.5,12.75],"rotation":90,"texture":"#1"},"up":{"uv":[4.25,12.75,3.75,12.25],"rotation":180,"texture":"#1"},"down":{"uv":[4.25,12.25,3.75,12.75],"texture":"#1"}}},{"from":[7.6,8.30207,-3.21008],"to":[7.6,14.30207,0.78992],"rotation":{"angle":22.5,"axis":"x","origin":[7.6,11.06579,-2.68302]},"faces":{"north":{"uv":[2.5,14,3,14.5],"rotation":270,"texture":"#1"},"east":{"uv":[14.5,1.25,16,2.25],"rotation":90,"texture":"#1"},"south":{"uv":[6,10,6.5,10.5],"rotation":270,"texture":"#1"},"west":{"uv":[14.5,2.25,16,1.25],"rotation":90,"texture":"#1"},"up":{"uv":[4.5,3.75,5.5,4.75],"texture":"#1"},"down":{"uv":[5.5,4.75,4.5,3.75],"rotation":180,"texture":"#1"}}},{"from":[4.5,15,4.5],"to":[11.5,19,11.5],"rotation":{"angle":0,"axis":"y","origin":[8,16,8]},"faces":{"north":{"uv":[2,4,7.5,7.5],"texture":"#3"},"east":{"uv":[7.5,7.5,2,11],"texture":"#3"},"south":{"uv":[13,7.5,7.5,11],"texture":"#3"},"west":{"uv":[13,4,7.5,7.5],"texture":"#3"}}},{"from":[7,-6,7],"to":[9,10,9],"rotation":{"angle":0,"axis":"y","origin":[8,16,8]},"faces":{"north":{"uv":[6,0,4,16],"texture":"#3"},"east":{"uv":[8,0,6,16],"texture":"#3"},"south":{"uv":[10,0,8,16],"texture":"#3"},"west":{"uv":[12,0,10,16],"texture":"#3"}}},{"from":[0,-11,8],"to":[16,5,8],"rotation":{"angle":45,"axis":"y","origin":[8,16,8]},"faces":{"north":{"uv":[0,0,16,16],"texture":"#4"},"east":{"uv":[0.25,10.5,1.5,8.5],"rotation":90,"texture":"#1"},"south":{"uv":[16,0,0,16],"texture":"#4"},"west":{"uv":[0.25,10.5,1.5,8.5],"rotation":90,"texture":"#1"},"up":{"uv":[1.5,10.5,3.5,8.5],"rotation":270,"texture":"#1"},"down":{"uv":[1.5,8.5,3.5,6.5],"rotation":270,"texture":"#1"}}},{"from":[8,-3,0],"to":[8,13,16],"rotation":{"angle":45,"axis":"y","origin":[8,-3,8]},"faces":{"north":{"uv":[0.25,10.5,1.5,8.5],"rotation":90,"texture":"#1"},"east":{"uv":[0,0,16,16],"texture":"#4"},"south":{"uv":[0.25,10.5,1.5,8.5],"rotation":90,"texture":"#1"},"west":{"uv":[16,0,0,16],"texture":"#4"},"up":{"uv":[1.5,10.5,3.5,8.5],"texture":"#1"},"down":{"uv":[1.5,8.5,3.5,6.5],"rotation":180,"texture":"#1"}}}],"gui_light":"front","display":{"thirdperson_righthand":{"translation":[0,3.75,1.75],"scale":[0.55,0.55,0.55]},"thirdperson_lefthand":{"translation":[0,3.75,1.75],"scale":[0.55,0.55,0.55]},"firstperson_righthand":{"rotation":[-20,0,9],"translation":[0.25,4.25,1],"scale":[0.41797,0.41797,0.41797]},"firstperson_lefthand":{"rotation":[-20,0,9],"translation":[0.25,4.25,1],"scale":[0.41797,0.41797,0.41797]},"ground":{"rotation":[0,0,-80],"translation":[2.5,0,0],"scale":[0.56836,0.56836,0.56836]},"gui":{"rotation":[88,45,-88],"translation":[0.5,0.25,-2],"scale":[0.36719,0.36719,0.36719]},"head":{"rotation":[-135.5,0,0],"translation":[0,14,5.75],"scale":[0.7,0.7,0.7]},"fixed":{"rotation":[0,90,0],"translation":[0,3.25,-2],"scale":[1.25,1.25,1.25]}}}