{"credit":"Made by PolygonMC","texture_size":[24,24],"textures":{"1":"lunardragonset:tail"},"elements":[{"from":[6,8.89905,0.26513],"to":[10,12.89905,5.26513],"rotation":{"angle":45,"axis":"x","origin":[6,8.89905,0.26513]},"faces":{"north":{"uv":[2.66667,6,5.33333,8.66667],"texture":"#1"},"east":{"uv":[0,3.33333,3.33333,6],"texture":"#1"},"south":{"uv":[5.33333,6,8,8.66667],"texture":"#1"},"west":{"uv":[3.33333,3.33333,6.66667,6],"texture":"#1"},"up":{"uv":[6.66667,3.33333,4,0],"texture":"#1"},"down":{"uv":[2.66667,6,0,9.33333],"texture":"#1"}}},{"from":[7.975,12.89905,0.26513],"to":[8.025,14.39905,5.26513],"rotation":{"angle":45,"axis":"x","origin":[7.975,8.89905,0.26513]},"faces":{"east":{"uv":[10,9.33333,6.66667,10.33333],"texture":"#1"},"west":{"uv":[6.66667,9.33333,10,10.33333],"texture":"#1"}}},{"from":[7.98,10.03955,4.68536],"to":[8.02,11.53955,7.68536],"rotation":{"angle":22.5,"axis":"x","origin":[7.98,6.03955,0.68536]},"faces":{"east":{"uv":[12,6,10,7],"texture":"#1"},"west":{"uv":[10,6,12,7],"texture":"#1"}}},{"from":[7.995,6.80987,8.65866],"to":[8.005,8.30987,10.65866],"rotation":{"angle":0,"axis":"x","origin":[7.995,7.80987,8.90866]},"faces":{"east":{"uv":[8,4,6.66667,5],"texture":"#1"},"west":{"uv":[6.66667,4,8,5],"texture":"#1"}}},{"from":[6.4,4.51352,3.87909],"to":[9.6,7.71352,7.87909],"rotation":{"angle":22.5,"axis":"x","origin":[8,5.36352,6.62909]},"faces":{"east":{"uv":[6.66667,0,9.33333,2],"texture":"#1"},"south":{"uv":[2.66667,8.66667,4.66667,10.66667],"texture":"#1"},"west":{"uv":[6.66667,2,9.33333,4],"texture":"#1"},"up":{"uv":[10,6.66667,8,4],"texture":"#1"},"down":{"uv":[10,6.66667,8,9.33333],"texture":"#1"}}},{"from":[6.72,4.24987,7.45866],"to":[9.28,6.80987,10.65866],"rotation":{"angle":0,"axis":"x","origin":[8,5.37987,9.05866]},"faces":{"east":{"uv":[4.66667,8.66667,6.66667,10.33333],"texture":"#1"},"south":{"uv":[10,4,11.66667,5.66667],"texture":"#1"},"west":{"uv":[0,9.33333,2,11],"texture":"#1"},"up":{"uv":[11,2,9.33333,0],"texture":"#1"},"down":{"uv":[11,2,9.33333,4],"texture":"#1"}}},{"from":[7.985,3.00996,9.55289],"to":[8.015,8.00996,15.55289],"rotation":{"angle":0,"axis":"y","origin":[7.985,0.00996,-1.44711]},"faces":{"east":{"uv":[16,0,12,3.33333],"texture":"#1"},"west":{"uv":[12,0,16,3.33333],"texture":"#1"}}}],"gui_light":"front","display":{"thirdperson_righthand":{"rotation":[-173,0,-180],"translation":[0,2.25,-1.5]},"thirdperson_lefthand":{"rotation":[64.25,0,0],"translation":[-5.25,-11.75,4.75]},"firstperson_righthand":{"rotation":[32.5,0,0],"translation":[0,4,-0.25]},"firstperson_lefthand":{"translation":[0,3.25,-0.25],"scale":[0,0,0]},"ground":{"translation":[0,5,0]},"gui":{"rotation":[0,55,0],"translation":[0.75,0.25,0]},"head":{"translation":[0,-24.75,12.75],"scale":[2,2,2]},"fixed":{"rotation":[0,180,0],"translation":[0,-1.25,-8.5],"scale":[2,2,2]}}}