{"textures​":{"layer0":"minecraft:item/diamond_pickaxe"},"credit":"Made with Blockbench","texture_size":[128,128],"\u0074\u0065\u0078\u0074\u0075\u0072\u0065\u0073":{"0":"\u0065\u006c\u0069\u0074\u0065\u0063\u0072\u0065\u0061\u0074\u0075\u0072\u0065\u0073:\u0063\u0068\u0072\u0069\u0073\u0074\u006d\u0061\u0073_2023_\u0061\u006e\u0069\u006d\u0061\u0074\u0065\u0064/\u0063\u0072\u0069\u0073\u0074\u006d\u0061\u0073_\u0074\u0065\u0078\u0074\u0075\u0072\u0065_01","1":"\u0065\u006c\u0069\u0074\u0065\u0063\u0072\u0065\u0061\u0074\u0075\u0072\u0065\u0073:\u0063\u0068\u0072\u0069\u0073\u0074\u006d\u0061\u0073_2023_\u0061\u006e\u0069\u006d\u0061\u0074\u0065\u0064/\u0063\u0072\u0069\u0073\u0074\u006d\u0061\u0073_\u0061\u006e\u0069\u006d\u0061\u0074\u0069\u006f\u006e_01","\u0070\u0061\u0072\u0074\u0069\u0063\u006c\u0065":"\u0065\u006c\u0069\u0074\u0065\u0063\u0072\u0065\u0061\u0074\u0075\u0072\u0065\u0073:\u0063\u0068\u0072\u0069\u0073\u0074\u006d\u0061\u0073_2023_\u0061\u006e\u0069\u006d\u0061\u0074\u0065\u0064/\u0063\u0072\u0069\u0073\u0074\u006d\u0061\u0073_\u0074\u0065\u0078\u0074\u0075\u0072\u0065_01"},"elements":[{"from":[7,-11,7],"to":[9,9,9],"rotation":{"angle":0,"axis":"y","origin":[0,-3,17]},"faces":{"north":{"uv":[0,5.875,0.25,8.375],"texture":"#0"},"east":{"uv":[0,5.875,0.25,8.375],"texture":"#0"},"south":{"uv":[0,5.875,0.25,8.375],"texture":"#0"},"west":{"uv":[0,5.875,0.25,8.375],"texture":"#0"},"up":{"uv":[0,5.875,0.25,6.125],"texture":"#0"},"down":{"uv":[0,5.875,0.25,6.125],"texture":"#0"}}},{"from":[7.35,16,4.5],"to":[8.65,22,11.5],"rotation":{"angle":0,"axis":"y","origin":[0,3,0]},"faces":{"north":{"uv":[6.375,3.625,6.5375,4.375],"texture":"#0"},"east":{"uv":[5.5,3.625,6.375,4.375],"texture":"#0"},"south":{"uv":[6.5375,3.625,6.375,4.375],"texture":"#0"},"west":{"uv":[5.5,3.625,6.375,4.375],"texture":"#0"},"up":{"uv":[4.875,4.625,5.0375,5.5],"texture":"#0"},"down":{"uv":[4.875,4.625,5.0375,5.5],"texture":"#0"}}},{"from":[7.15,22,7],"to":[8.65,27,9],"rotation":{"angle":22.5,"axis":"z","origin":[8.76863,21.95442,8]},"faces":{"north":{"uv":[4.4375,5.75,4.25,6.375],"texture":"#0"},"east":{"uv":[5.25,4.125,5.5,4.75],"texture":"#0"},"south":{"uv":[5.0625,4.875,5.25,5.5],"texture":"#0"},"west":{"uv":[5.5,4.125,5.25,4.75],"texture":"#0"},"up":{"uv":[5.0625,4.875,5.25,4.625],"texture":"#0"},"down":{"uv":[5.0625,4.625,5.25,4.875],"texture":"#0"}}},{"from":[7.15,22,4],"to":[8.65,27,6],"rotation":{"angle":22.5,"axis":"z","origin":[8.76863,21.95442,8]},"faces":{"north":{"uv":[4.4375,5.75,4.25,6.375],"texture":"#0"},"east":{"uv":[5.25,4.125,5.5,4.75],"texture":"#0"},"south":{"uv":[5.0625,4.875,5.25,5.5],"texture":"#0"},"west":{"uv":[5.5,4.125,5.25,4.75],"texture":"#0"},"up":{"uv":[5.0625,4.875,5.25,4.625],"texture":"#0"},"down":{"uv":[5.0625,4.625,5.25,4.875],"texture":"#0"}}},{"from":[7.15,22,10],"to":[8.65,27,12],"rotation":{"angle":22.5,"axis":"z","origin":[8.76863,21.95442,8]},"faces":{"north":{"uv":[4.4375,5.75,4.25,6.375],"texture":"#0"},"east":{"uv":[5.25,4.125,5.5,4.75],"texture":"#0"},"south":{"uv":[5.0625,4.875,5.25,5.5],"texture":"#0"},"west":{"uv":[5.5,4.125,5.25,4.75],"texture":"#0"},"up":{"uv":[5.0625,4.875,5.25,4.625],"texture":"#0"},"down":{"uv":[5.0625,4.875,5.25,4.625],"texture":"#0"}}},{"from":[6.5,-15,5.5],"to":[9.5,-12,8.5],"rotation":{"angle":45,"axis":"x","origin":[7.7625,-14.5,8.0625]},"faces":{"north":{"uv":[2.25,1.5625,2.625,1.9375],"rotation":270,"texture":"#0"},"east":{"uv":[2.25,1.9375,1.875,1.5625],"texture":"#0"},"south":{"uv":[2.625,1.5625,3,1.9375],"texture":"#0"},"west":{"uv":[1.875,1.9375,2.25,1.5625],"texture":"#0"},"up":{"uv":[2.25,1.5625,2.625,1.9375],"rotation":270,"texture":"#0"},"down":{"uv":[2.625,1.9375,3,1.5625],"texture":"#0"}}},{"from":[6.75,-13.5,6.75],"to":[9.25,-11,9.25],"rotation":{"angle":0,"axis":"y","origin":[7,15.5,25]},"faces":{"north":{"uv":[2.1875,2.4375,2.5,2.125],"texture":"#0"},"east":{"uv":[2.1875,2.4375,2.5,2.125],"texture":"#0"},"south":{"uv":[2.1875,2.4375,2.5,2.125],"texture":"#0"},"west":{"uv":[2.1875,2.4375,2.5,2.125],"texture":"#0"},"up":{"uv":[2.5,2.4375,2.8125,2.125],"texture":"#0"},"down":{"uv":[2.5,2.4375,2.8125,2.125],"texture":"#0"}}},{"from":[7.9,-16,5.5],"to":[7.9,-9,13.5],"rotation":{"angle":-22.5,"axis":"x","origin":[7.9,-7.5,10.5]},"faces":{"north":{"uv":[0,0,0,12],"texture":"#missing"},"east":{"uv":[14.5,0,13.5,0.875],"texture":"#0"},"south":{"uv":[0,0,0,12],"texture":"#missing"},"west":{"uv":[13.5,0,14.5,0.875],"texture":"#0"},"up":{"uv":[0,0,0,10],"texture":"#missing"},"down":{"uv":[0,0,0,10],"texture":"#missing"}}},{"from":[6.4,-16,5.5],"to":[6.4,-11,10.5],"rotation":{"angle":0,"axis":"y","origin":[0,16,0]},"faces":{"north":{"uv":[0,14,0,0],"texture":"#missing"},"east":{"uv":[16,1.9375,15,0.9375],"texture":"#0"},"south":{"uv":[0,14,0,0],"texture":"#missing"},"west":{"uv":[15,1.9375,16,0.9375],"texture":"#0"},"up":{"uv":[0,16,0,0],"texture":"#missing"},"down":{"uv":[0,16,0,0],"texture":"#missing"}}},{"from":[9.6,-16,5.5],"to":[9.6,-11,10.5],"rotation":{"angle":0,"axis":"y","origin":[16,16,0]},"faces":{"north":{"uv":[0,14,0,0],"texture":"#missing"},"east":{"uv":[16,1.9375,15,0.9375],"texture":"#0"},"south":{"uv":[0,14,0,0],"texture":"#missing"},"west":{"uv":[15,1.9375,16,0.9375],"texture":"#0"},"up":{"uv":[0,16,0,0],"texture":"#missing"},"down":{"uv":[0,16,0,0],"texture":"#missing"}}},{"from":[5.75,12.3,7.5],"to":[10.25,14.8,10],"rotation":{"angle":-45,"axis":"x","origin":[7,12.8,8]},"faces":{"north":{"uv":[2.1875,1,2.5,1.5625],"rotation":90,"texture":"#0"},"east":{"uv":[2.25,0.4375,2.5625,0.75],"rotation":90,"texture":"#0"},"south":{"uv":[1.875,1,2.1875,1.5625],"rotation":90,"texture":"#0"},"west":{"uv":[2.25,0.75,2.5625,0.4375],"rotation":90,"texture":"#0"},"up":{"uv":[1.875,1,2.1875,1.5625],"rotation":90,"texture":"#0"},"down":{"uv":[2.1875,1,2.5,1.5625],"rotation":90,"texture":"#0"}}},{"from":[10.1,11,5.5],"to":[10.1,18,10.5],"rotation":{"angle":22.5,"axis":"x","origin":[10.1,19.5,5.5]},"faces":{"north":{"uv":[0,0,0,12],"texture":"#missing"},"east":{"uv":[14.5,0,15.125,0.875],"texture":"#0"},"south":{"uv":[0,0,0,12],"texture":"#missing"},"west":{"uv":[15.125,0,14.5,0.875],"texture":"#0"},"up":{"uv":[0,10,0,0],"texture":"#missing"},"down":{"uv":[0,10,0,0],"texture":"#missing"}}},{"from":[10.1,11,5.5],"to":[10.1,18,10.5],"rotation":{"angle":-22.5,"axis":"x","origin":[10.1,19.5,10.5]},"faces":{"north":{"uv":[0,0,0,12],"texture":"#missing"},"east":{"uv":[15.125,0,14.5,0.875],"texture":"#0"},"south":{"uv":[0,0,0,12],"texture":"#missing"},"west":{"uv":[14.5,0,15.125,0.875],"texture":"#0"},"up":{"uv":[0,0,0,10],"texture":"#missing"},"down":{"uv":[0,0,0,10],"texture":"#missing"}}},{"from":[5.9,11,5.5],"to":[5.9,18,10.5],"rotation":{"angle":-22.5,"axis":"x","origin":[5.9,19.5,10.5]},"faces":{"north":{"uv":[0,0,0,12],"texture":"#missing"},"east":{"uv":[15.125,0,14.5,0.875],"texture":"#0"},"south":{"uv":[0,0,0,12],"texture":"#missing"},"west":{"uv":[14.5,0,15.125,0.875],"texture":"#0"},"up":{"uv":[0,0,0,10],"texture":"#missing"},"down":{"uv":[0,0,0,10],"texture":"#missing"}}},{"from":[5.9,11,5.5],"to":[5.9,18,10.5],"rotation":{"angle":22.5,"axis":"x","origin":[5.9,19.5,5.5]},"faces":{"north":{"uv":[0,0,0,12],"texture":"#missing"},"east":{"uv":[14.5,0,15.125,0.875],"texture":"#0"},"south":{"uv":[0,0,0,12],"texture":"#missing"},"west":{"uv":[15.125,0,14.5,0.875],"texture":"#0"},"up":{"uv":[0,10,0,0],"texture":"#missing"},"down":{"uv":[0,10,0,0],"texture":"#missing"}}},{"from":[6.45,11.5,5],"to":[9.55,15,8.5],"rotation":{"angle":45,"axis":"x","origin":[7.7625,12,8.0625]},"faces":{"north":{"uv":[2.6875,0.4375,3.075,0],"texture":"#0"},"east":{"uv":[2.6875,0.4375,2.25,0],"texture":"#0"},"south":{"uv":[2.6875,0.4375,3.075,0],"texture":"#0"},"west":{"uv":[2.25,0.4375,2.6875,0],"texture":"#0"},"up":{"uv":[3.125,0,3.5625,0.3875],"rotation":270,"texture":"#0"},"down":{"uv":[3.125,0,3.5625,0.3875],"rotation":270,"texture":"#0"}}},{"from":[6.7625,13.0875,5],"to":[10.2625,16.1875,8.5],"rotation":{"angle":45,"axis":"y","origin":[9.7625,14.4,8.0625]},"faces":{"north":{"uv":[2.6875,0.4375,3.075,0],"rotation":90,"texture":"#0"},"east":{"uv":[3.125,0,3.5625,0.3875],"rotation":180,"texture":"#0"},"south":{"uv":[2.6875,0.4375,3.075,0],"rotation":270,"texture":"#0"},"west":{"uv":[3.125,0,3.5625,0.3875],"rotation":180,"texture":"#0"},"up":{"uv":[2.6875,0.4375,2.25,0],"rotation":270,"texture":"#0"},"down":{"uv":[2.25,0.4375,2.6875,0],"rotation":270,"texture":"#0"}}},{"from":[6.9625,12.3875,7.5],"to":[9.4625,16.8875,10],"rotation":{"angle":-45,"axis":"y","origin":[8.9625,13.6375,8]},"faces":{"north":{"uv":[2.1875,1,2.5,1.5625],"rotation":180,"texture":"#0"},"east":{"uv":[2.1875,1,2.5,1.5625],"texture":"#0"},"south":{"uv":[1.875,1,2.1875,1.5625],"texture":"#0"},"west":{"uv":[1.875,1,2.1875,1.5625],"texture":"#0"},"up":{"uv":[2.25,0.4375,2.5625,0.75],"texture":"#0"},"down":{"uv":[2.25,0.75,2.5625,0.4375],"texture":"#0"}}},{"from":[6.5,11,3.5],"to":[9.5,14,12.5],"rotation":{"angle":0,"axis":"y","origin":[8,5.38858,8.0625]},"faces":{"north":{"uv":[1.125,2.5,1.5,2.125],"texture":"#0"},"east":{"uv":[1.125,2.625,0,2.25],"texture":"#0"},"south":{"uv":[1.125,2.5,1.5,2.125],"texture":"#0"},"west":{"uv":[0,2.625,1.125,2.25],"texture":"#0"},"up":{"uv":[0,2.625,1.125,3],"rotation":270,"texture":"#0"},"down":{"uv":[3.5,4.125,4.625,4.5],"rotation":270,"texture":"#0"}}},{"from":[6.75,9,6.75],"to":[9.25,11.5,9.25],"rotation":{"angle":0,"axis":"y","origin":[7,4.5,25]},"faces":{"north":{"uv":[1.5625,2.125,1.875,2.4375],"texture":"#0"},"east":{"uv":[1.5625,2.125,1.875,2.4375],"texture":"#0"},"south":{"uv":[1.5625,2.125,1.875,2.4375],"texture":"#0"},"west":{"uv":[1.5625,2.125,1.875,2.4375],"texture":"#0"},"up":{"uv":[1.875,2.125,2.1875,2.4375],"texture":"#0"},"down":{"uv":[1.875,2.125,2.1875,2.4375],"texture":"#0"}}},{"from":[6.45,8.1,-1.1],"to":[9.55,11.3,1.9],"rotation":{"angle":22.5,"axis":"x","origin":[8,5.38858,10.0625]},"faces":{"north":{"uv":[1.5,2.9,1.8875,2.5],"texture":"#0"},"east":{"uv":[1.5,2.9,1.125,2.5],"texture":"#0"},"south":{"uv":[1.5,2.9,1.8875,2.5],"texture":"#0"},"west":{"uv":[1.125,2.9,1.5,2.5],"texture":"#0"},"up":{"uv":[2.25,2.9375,2.625,3.325],"rotation":270,"texture":"#0"},"down":{"uv":[3.5,4.5,3.875,4.8875],"rotation":270,"texture":"#0"}}},{"from":[6.45,8.1,14.1],"to":[9.55,11.3,17.1],"rotation":{"angle":-22.5,"axis":"x","origin":[8,5.38858,5.9375]},"faces":{"north":{"uv":[2.325,2.9,1.9375,2.5],"texture":"#0"},"east":{"uv":[1.5,3.3375,1.875,2.9375],"texture":"#0"},"south":{"uv":[2.325,2.9,1.9375,2.5],"texture":"#0"},"west":{"uv":[1.875,3.3375,1.5,2.9375],"texture":"#0"},"up":{"uv":[2.75,2.5,2.375,2.8875],"rotation":270,"texture":"#0"},"down":{"uv":[4.25,4.5,3.875,4.8875],"rotation":270,"texture":"#0"}}},{"from":[5.3,10,4],"to":[5.3,18,12],"rotation":{"angle":0,"axis":"y","origin":[0,12,0]},"faces":{"north":{"uv":[0,0,0,16],"texture":"#1"},"east":{"uv":[16,0,0,16],"texture":"#1"},"south":{"uv":[0,0,0,16],"texture":"#1"},"west":{"uv":[0,0,16,16],"texture":"#1"},"up":{"uv":[0,16,0,0],"texture":"#1"},"down":{"uv":[0,0,0,16],"texture":"#1"}}},{"from":[10.7,10,4],"to":[10.7,18,12],"rotation":{"angle":0,"axis":"y","origin":[16,12,0]},"faces":{"north":{"uv":[0,0,0,16],"texture":"#1"},"east":{"uv":[16,0,0,16],"texture":"#1"},"south":{"uv":[0,0,0,16],"texture":"#1"},"west":{"uv":[0,0,16,16],"texture":"#1"},"up":{"uv":[0,16,0,0],"texture":"#1"},"down":{"uv":[0,0,0,16],"texture":"#1"}}},{"from":[5,7.5,8],"to":[11,9.5,13],"rotation":{"angle":-45,"axis":"x","origin":[17,11.375,10]},"faces":{"north":{"uv":[1.75,1.875,1,2.125],"texture":"#0"},"east":{"uv":[1,1.625,1.625,1.875],"texture":"#0"},"south":{"uv":[1.75,1.875,1,2.125],"texture":"#0"},"west":{"uv":[1.625,1.625,1,1.875],"texture":"#0"},"up":{"uv":[1,1.5,1.75,0.875],"texture":"#0"},"down":{"uv":[1,1.5,1.75,0.875],"texture":"#0"}}},{"from":[6,9.5,9],"to":[10,12.5,12],"rotation":{"angle":-45,"axis":"x","origin":[17,11.375,10]},"faces":{"north":{"uv":[2.125,0,1.625,0.375],"texture":"#0"},"east":{"uv":[1.125,0,1.5,0.375],"texture":"#0"},"south":{"uv":[2.125,0,1.625,0.375],"texture":"#0"},"west":{"uv":[1.5,0,1.125,0.375],"texture":"#0"},"up":{"uv":[1.125,0.75,1.625,0.375],"texture":"#0"},"down":{"uv":[1.125,0.75,1.625,0.375],"texture":"#0"}}},{"from":[5,7.5,3],"to":[11,9.5,8],"rotation":{"angle":45,"axis":"x","origin":[17,11.375,6]},"faces":{"north":{"uv":[1,1.875,1.75,2.125],"texture":"#0"},"east":{"uv":[1.625,1.625,1,1.875],"texture":"#0"},"south":{"uv":[1,1.875,1.75,2.125],"texture":"#0"},"west":{"uv":[1,1.625,1.625,1.875],"texture":"#0"},"up":{"uv":[1,0.875,1.75,1.5],"texture":"#0"},"down":{"uv":[1,0.875,1.75,1.5],"texture":"#0"}}},{"from":[6,9.5,4],"to":[10,12.5,7],"rotation":{"angle":45,"axis":"x","origin":[17,11.375,6]},"faces":{"north":{"uv":[1.625,0,2.125,0.375],"texture":"#0"},"east":{"uv":[1.5,0,1.125,0.375],"texture":"#0"},"south":{"uv":[1.625,0,2.125,0.375],"texture":"#0"},"west":{"uv":[1.125,0,1.5,0.375],"texture":"#0"},"up":{"uv":[1.125,0.375,1.625,0.75],"texture":"#0"},"down":{"uv":[1.125,0.375,1.625,0.75],"texture":"#0"}}},{"from":[8,16,10.5],"to":[8,20,14.5],"rotation":{"angle":22.5,"axis":"x","origin":[8,17,11.5]},"faces":{"north":{"uv":[0,0,0,14],"texture":"#missing"},"east":{"uv":[14.1875,0.9375,13.6875,1.4375],"texture":"#0"},"south":{"uv":[0,0,0,14],"texture":"#missing"},"west":{"uv":[13.6875,0.9375,14.1875,1.4375],"texture":"#0"},"up":{"uv":[0,0,0,16],"texture":"#missing"},"down":{"uv":[0,0,0,16],"texture":"#missing"}}},{"from":[8,16,1.5],"to":[8,20,5.5],"rotation":{"angle":-22.5,"axis":"x","origin":[8,17,4.5]},"faces":{"north":{"uv":[0,0,0,14],"texture":"#missing"},"east":{"uv":[13.6875,0.9375,14.1875,1.4375],"texture":"#0"},"south":{"uv":[0,0,0,14],"texture":"#missing"},"west":{"uv":[14.1875,0.9375,13.6875,1.4375],"texture":"#0"},"up":{"uv":[0,16,0,0],"texture":"#missing"},"down":{"uv":[0,16,0,0],"texture":"#missing"}}}],"gui_light":"front","display":{"thirdperson_righthand":{"translation":[0,5,1.25],"scale":[0.6,0.6,0.6]},"thirdperson_lefthand":{"translation":[0,5,1.25],"scale":[0.6,0.6,0.6]},"firstperson_righthand":{"rotation":[-12,15,3],"translation":[1.25,4.25,-1],"scale":[0.5,0.5,0.5]},"firstperson_lefthand":{"rotation":[-12,15,3],"translation":[1.25,4.25,-1],"scale":[0.5,0.5,0.5]},"ground":{"rotation":[0,0,90],"translation":[-3,0.25,0],"scale":[0.5,0.5,0.5]},"gui":{"rotation":[119,135,-115],"translation":[-1,0.75,-1.25],"scale":[0.43609,0.43609,0.43609]},"head":{"rotation":[90,-168,90],"translation":[-0.5,11.75,0],"scale":[0.56,0.56,0.56]},"fixed":{"rotation":[0,90,0],"translation":[0,3,-2.25],"scale":[1.07898,1.07898,1.07898]}}}