{"textures​":{"2":"\u0073\u006c\u0061\u0079\u0065\u0072_\u0063\u006f\u006c\u006c\u0065\u0063\u0074\u0069\u006f\u006e:\u0073\u0077\u006f\u0072\u006401\u0061\u006e\u0069","3":"\u0073\u006c\u0061\u0079\u0065\u0072_\u0063\u006f\u006c\u006c\u0065\u0063\u0074\u0069\u006f\u006e:\u0073\u0077\u006f\u0072\u006401\u0074\u0065\u0078","\u0070\u0061\u0072\u0074\u0069\u0063\u006c\u0065":"#2"},"credit":"Made with Blockbench","texture_size":[32,32],"\u0074\u0065\u0078\u0074\u0075\u0072\u0065\u0073":{"2":"\u0073\u006c\u0061\u0079\u0065\u0072_\u0063\u006f\u006c\u006c\u0065\u0063\u0074\u0069\u006f\u006e:\u0073\u0077\u006f\u0072\u006401\u0061\u006e\u0069","3":"\u0073\u006c\u0061\u0079\u0065\u0072_\u0063\u006f\u006c\u006c\u0065\u0063\u0074\u0069\u006f\u006e:\u0073\u0077\u006f\u0072\u006401\u0074\u0065\u0078","\u0070\u0061\u0072\u0074\u0069\u0063\u006c\u0065":"#2"},"elements":[{"from":[7,-8,7.25],"to":[9,-1,8.75],"rotation":{"angle":0,"axis":"y","origin":[6,1,0]},"faces":{"north":{"uv":[12.5,6.5,16,7.5],"rotation":90,"texture":"#3"},"east":{"uv":[12.5,8.25,16,7.5],"rotation":270,"texture":"#3"},"south":{"uv":[12.5,6.5,16,7.5],"rotation":90,"texture":"#3"},"west":{"uv":[12.5,7.5,16,8.25],"rotation":270,"texture":"#3"},"up":{"uv":[13.25,5,14,6],"rotation":270,"texture":"#3"},"down":{"uv":[13.25,5,14,6],"rotation":270,"texture":"#3"}}},{"from":[7.25,-11,7.5],"to":[8.75,-8,8.5],"rotation":{"angle":0,"axis":"y","origin":[6,1,0]},"faces":{"north":{"uv":[10.75,7,12.25,7.75],"rotation":90,"texture":"#3"},"east":{"uv":[10.75,8.25,12.25,7.75],"rotation":270,"texture":"#3"},"south":{"uv":[10.75,7,12.25,7.75],"rotation":90,"texture":"#3"},"west":{"uv":[10.75,7.75,12.25,8.25],"rotation":270,"texture":"#3"},"up":{"uv":[11.75,6.25,12.25,7],"rotation":270,"texture":"#3"},"down":{"uv":[11.75,6.25,12.25,7],"rotation":270,"texture":"#3"}}},{"from":[5.7,-0.3,8.5],"to":[9.7,3.7,9.5],"rotation":{"angle":45,"axis":"z","origin":[8,2,8]},"faces":{"north":{"uv":[16,0,14,2],"rotation":180,"texture":"#3"},"east":{"uv":[16,2.5,14,2],"rotation":90,"texture":"#3"},"south":{"uv":[16,0,14,2],"texture":"#3"},"west":{"uv":[13,2,13.5,0],"texture":"#3"},"up":{"uv":[14,2.5,16,2],"texture":"#3"},"down":{"uv":[13.5,0,13,2],"rotation":90,"texture":"#3"}}},{"from":[5.7,-0.3,6.5],"to":[9.7,3.7,7.5],"rotation":{"angle":45,"axis":"z","origin":[8,2,8]},"faces":{"north":{"uv":[14,0,16,2],"texture":"#3"},"east":{"uv":[16,2,14,2.5],"rotation":90,"texture":"#3"},"south":{"uv":[14,0,16,2],"rotation":180,"texture":"#3"},"west":{"uv":[13.5,2,13,0],"texture":"#3"},"up":{"uv":[14,2,16,2.5],"texture":"#3"},"down":{"uv":[13,0,13.5,2],"rotation":90,"texture":"#3"}}},{"from":[6.5,-3.1,6.75],"to":[9.5,-2.6,9.25],"rotation":{"angle":0,"axis":"y","origin":[6,1,0]},"faces":{"north":{"uv":[9,10.25,9.25,11.75],"rotation":90,"texture":"#3"},"east":{"uv":[8.75,10.5,9,11.75],"rotation":270,"texture":"#3"},"south":{"uv":[9,10.25,9.25,11.75],"rotation":90,"texture":"#3"},"west":{"uv":[8.75,10.5,9,11.75],"rotation":270,"texture":"#3"},"up":{"uv":[9.25,10.25,10.5,11.75],"rotation":270,"texture":"#3"},"down":{"uv":[9.25,8.75,10.5,10.25],"rotation":270,"texture":"#3"}}},{"from":[7,-11.5,7.25],"to":[9,-10,8.75],"rotation":{"angle":0,"axis":"y","origin":[6,-2,0]},"faces":{"north":{"uv":[11.25,11,12,12],"rotation":90,"texture":"#3"},"east":{"uv":[12.75,12.75,13.5,12],"rotation":270,"texture":"#3"},"south":{"uv":[11.25,11,12,12],"rotation":90,"texture":"#3"},"west":{"uv":[12.75,12,13.5,12.75],"rotation":270,"texture":"#3"},"up":{"uv":[12.75,11,13.5,12],"rotation":270,"texture":"#3"},"down":{"uv":[12,11,12.75,12],"rotation":270,"texture":"#3"}}},{"from":[7,-14.5,7],"to":[9,-13.5,9],"rotation":{"angle":0,"axis":"y","origin":[6,-2,0]},"faces":{"north":{"uv":[10.5,15,11,14],"rotation":90,"texture":"#3"},"east":{"uv":[11,14,11.5,15],"rotation":270,"texture":"#3"},"south":{"uv":[10.5,14,11,15],"rotation":90,"texture":"#3"},"west":{"uv":[11,14,11.5,15],"rotation":270,"texture":"#3"},"up":{"uv":[9.5,14,10.5,15],"rotation":270,"texture":"#3"},"down":{"uv":[11.5,14,12.5,15],"rotation":270,"texture":"#3"}}},{"from":[4.5,-14.5,7.25],"to":[7,-13.5,8.75],"rotation":{"angle":-45,"axis":"z","origin":[7,-14.5,8]},"faces":{"north":{"uv":[12.5,14.75,13,16],"rotation":90,"texture":"#3"},"east":{"uv":[12.5,14.75,13,14],"rotation":270,"texture":"#3"},"south":{"uv":[12.5,16,13,14.75],"rotation":90,"texture":"#3"},"west":{"uv":[10.5,15.75,11,15],"rotation":270,"texture":"#3"},"up":{"uv":[13.25,14.25,14,13],"rotation":270,"texture":"#3"},"down":{"uv":[13.25,15.5,14,14.25],"rotation":270,"texture":"#3"}}},{"from":[8.95,-14.5,7.25],"to":[11.45,-13.5,8.75],"rotation":{"angle":45,"axis":"z","origin":[9,-14.5,8]},"faces":{"north":{"uv":[12.5,16,13,14.75],"rotation":90,"texture":"#3"},"east":{"uv":[10.5,15,11,15.75],"rotation":270,"texture":"#3"},"south":{"uv":[12.5,14.75,13,16],"rotation":90,"texture":"#3"},"west":{"uv":[12.5,14,13,14.75],"rotation":270,"texture":"#3"},"up":{"uv":[13.25,13,14,14.25],"rotation":270,"texture":"#3"},"down":{"uv":[13.25,14.25,14,15.5],"rotation":270,"texture":"#3"}}},{"from":[4,-2,7.5],"to":[8,0,8.5],"rotation":{"angle":-45,"axis":"z","origin":[6,-2,8]},"faces":{"north":{"uv":[16,4,14,5],"texture":"#3"},"east":{"uv":[13.5,3,14,4],"texture":"#3"},"south":{"uv":[14,4,16,5],"texture":"#3"},"west":{"uv":[13.5,3,14,4],"texture":"#3"},"up":{"uv":[14,3.5,16,4],"texture":"#3"},"down":{"uv":[14,3,16,3.5],"texture":"#3"}}},{"from":[4.56863,-0.58457,7.25],"to":[6.56863,1.41543,8.75],"rotation":{"angle":0,"axis":"y","origin":[4.57868,-0.56447,8]},"faces":{"north":{"uv":[14,6,15,5],"rotation":90,"texture":"#3"},"east":{"uv":[15,5,16,5.75],"rotation":90,"texture":"#3"},"south":{"uv":[14,5,15,6],"rotation":90,"texture":"#3"},"west":{"uv":[15,5.75,16,6.5],"rotation":90,"texture":"#3"},"up":{"uv":[13.25,4,14,5],"rotation":90,"texture":"#3"},"down":{"uv":[13.25,4,14,5],"rotation":90,"texture":"#3"}}},{"from":[9,6.3,7.5],"to":[10,8.3,8.5],"rotation":{"angle":0,"axis":"y","origin":[0,0.3,7]},"faces":{"north":{"uv":[15.25,11.75,14.75,12.75],"texture":"#3"},"east":{"uv":[14.75,12.75,15.25,13.75],"texture":"#3"},"south":{"uv":[14.75,11.75,15.25,12.75],"texture":"#3"},"west":{"uv":[14.75,10.75,15.25,11.75],"texture":"#3"},"up":{"uv":[15.5,10.25,16,10.75],"texture":"#3"},"down":{"uv":[15.5,10.25,16,10.75],"texture":"#3"}}},{"from":[9,8.3,7.75],"to":[10,10.3,8.25],"rotation":{"angle":22.5,"axis":"z","origin":[10,8.3,8]},"faces":{"north":{"uv":[14.75,11.75,14.25,12.75],"texture":"#3"},"east":{"uv":[14.25,12.75,14.5,13.75],"texture":"#3"},"south":{"uv":[14.25,11.75,14.75,12.75],"texture":"#3"},"west":{"uv":[14.25,12,14,13],"texture":"#3"},"up":{"uv":[14.25,11.5,14.75,11.75],"texture":"#3"},"down":{"uv":[14.25,11.5,14.75,11.75],"texture":"#3"}}},{"from":[5.5,6.3,7.25],"to":[10,7.8,8.75],"rotation":{"angle":45,"axis":"z","origin":[10,6.3,8]},"faces":{"north":{"uv":[15.25,13.75,16,11.5],"rotation":90,"texture":"#3"},"east":{"uv":[15.25,10.75,16,11.5],"rotation":90,"texture":"#3"},"south":{"uv":[15.25,11.5,16,13.75],"rotation":90,"texture":"#3"},"west":{"uv":[15.25,10.75,16,11.5],"rotation":90,"texture":"#3"},"up":{"uv":[15.25,13.75,16,16],"rotation":90,"texture":"#3"},"down":{"uv":[14.5,13.75,15.25,16],"rotation":90,"texture":"#3"}}},{"from":[12.65027,1.61524,7.25],"to":[14.65027,4.61524,8.75],"rotation":{"angle":45,"axis":"z","origin":[10.9,2.6,8]},"faces":{"north":{"uv":[10,1.25,11,2.75],"rotation":180,"texture":"#3"},"east":{"uv":[7,1.75,8.5,1],"rotation":90,"texture":"#3"},"south":{"uv":[11,1.25,10,2.75],"rotation":180,"texture":"#3"},"west":{"uv":[8.5,1.75,10,1],"rotation":90,"texture":"#3"},"up":{"uv":[10.25,1.25,11,0.25],"rotation":90,"texture":"#3"},"down":{"uv":[10.25,1.25,11,0.25],"rotation":90,"texture":"#3"}}},{"from":[9.1,4.65,7],"to":[12.1,6.65,9],"rotation":{"angle":0,"axis":"y","origin":[13.8,-2.1,0]},"faces":{"north":{"uv":[8.5,3.75,10,4.75],"texture":"#3"},"east":{"uv":[5,5.75,4,6.75],"texture":"#3"},"south":{"uv":[10,3.75,8.5,4.75],"texture":"#3"},"west":{"uv":[11,5.75,10,6.75],"texture":"#3"},"up":{"uv":[10,5.75,8.5,6.75],"texture":"#3"},"down":{"uv":[10,4.75,8.5,5.75],"texture":"#3"}}},{"from":[9.95027,2.61524,7],"to":[11.95027,4.61524,9],"rotation":{"angle":45,"axis":"z","origin":[11.9,2.6,8]},"faces":{"north":{"uv":[7.5,4.75,8.5,5.75],"rotation":90,"texture":"#3"},"east":{"uv":[6.5,6.75,7.5,5.75],"rotation":90,"texture":"#3"},"south":{"uv":[7.5,5.75,8.5,4.75],"rotation":90,"texture":"#3"},"west":{"uv":[6.5,5.75,7.5,4.75],"rotation":90,"texture":"#3"},"up":{"uv":[7.5,6.75,8.5,5.75],"rotation":90,"texture":"#3"},"down":{"uv":[4.5,5.75,5.5,4.75],"rotation":90,"texture":"#3"}}},{"from":[10.7,0.78437,7.1],"to":[12.7,2.78437,8.9],"rotation":{"angle":22.5,"axis":"z","origin":[12.7,0.8,8]},"faces":{"north":{"uv":[7,2.75,8,3.75],"rotation":90,"texture":"#3"},"east":{"uv":[7.5,4.75,8.5,3.75],"rotation":90,"texture":"#3"},"south":{"uv":[7,3.75,8,2.75],"rotation":90,"texture":"#3"},"west":{"uv":[8,3.75,9,2.75],"rotation":90,"texture":"#3"},"up":{"uv":[6.5,4.75,7.5,3.75],"rotation":90,"texture":"#3"},"down":{"uv":[6.5,4.75,7.5,3.75],"rotation":90,"texture":"#3"}}},{"from":[9.54475,-2.00781,7],"to":[11.54475,0.99219,9],"rotation":{"angle":-22.5,"axis":"z","origin":[11.6,-2,8]},"faces":{"north":{"uv":[6.5,6.75,5,5.75],"rotation":270,"texture":"#3"},"east":{"uv":[5,4.75,6.5,3.75],"rotation":90,"texture":"#3"},"south":{"uv":[5,6.75,6.5,5.75],"rotation":90,"texture":"#3"},"west":{"uv":[9.25,7.75,10.75,6.75],"rotation":90,"texture":"#3"},"up":{"uv":[5.5,5.75,6.5,4.75],"rotation":90,"texture":"#3"},"down":{"uv":[5.5,5.75,6.5,4.75],"rotation":90,"texture":"#3"}}},{"from":[8.8,-3.1,7.1],"to":[11.8,-1.1,8.9],"rotation":{"angle":22.5,"axis":"z","origin":[8.8,-3.1,8]},"faces":{"north":{"uv":[5.5,2.75,7,3.75],"texture":"#3"},"east":{"uv":[7,1.75,6,2.75],"texture":"#3"},"south":{"uv":[7,2.75,5.5,3.75],"texture":"#3"},"west":{"uv":[7,1.75,6,2.75],"texture":"#3"},"up":{"uv":[10,1.75,8.5,2.75],"texture":"#3"},"down":{"uv":[8.5,1.75,7,2.75],"texture":"#3"}}},{"from":[9.1,2.65,7.1],"to":[11.1,4.65,8.9],"rotation":{"angle":0,"axis":"y","origin":[14.8,-2.1,0]},"faces":{"north":{"uv":[10,3.75,11,4.75],"texture":"#3"},"east":{"uv":[10,2.75,9,3.75],"texture":"#3"},"south":{"uv":[11,3.75,10,4.75],"texture":"#3"},"west":{"uv":[11,2.75,10,3.75],"texture":"#3"},"up":{"uv":[11,4.75,10,5.75],"texture":"#3"},"down":{"uv":[11,4.75,10,5.75],"texture":"#3"}}},{"from":[4.9,2.65,7.1],"to":[6.9,4.65,8.9],"rotation":{"angle":0,"axis":"y","origin":[1.2,-2.1,0]},"faces":{"north":{"uv":[11,3.75,10,4.75],"texture":"#3"},"east":{"uv":[10,2.75,11,3.75],"texture":"#3"},"south":{"uv":[10,3.75,11,4.75],"texture":"#3"},"west":{"uv":[9,2.75,10,3.75],"texture":"#3"},"up":{"uv":[10,4.75,11,5.75],"texture":"#3"},"down":{"uv":[10,4.75,11,5.75],"texture":"#3"}}},{"from":[4.2,-3.1,7.1],"to":[7.2,-1.1,8.9],"rotation":{"angle":-22.5,"axis":"z","origin":[7.2,-3.1,8]},"faces":{"north":{"uv":[7,2.75,5.5,3.75],"texture":"#3"},"east":{"uv":[6,1.75,7,2.75],"texture":"#3"},"south":{"uv":[5.5,2.75,7,3.75],"texture":"#3"},"west":{"uv":[6,1.75,7,2.75],"texture":"#3"},"up":{"uv":[8.5,1.75,10,2.75],"texture":"#3"},"down":{"uv":[7,1.75,8.5,2.75],"texture":"#3"}}},{"from":[4.45525,-2.00781,7],"to":[6.45525,0.99219,9],"rotation":{"angle":22.5,"axis":"z","origin":[4.4,-2,8]},"faces":{"north":{"uv":[6.5,5.75,5,6.75],"rotation":270,"texture":"#3"},"east":{"uv":[9.25,6.75,10.75,7.75],"rotation":90,"texture":"#3"},"south":{"uv":[5,5.75,6.5,6.75],"rotation":90,"texture":"#3"},"west":{"uv":[5,3.75,6.5,4.75],"rotation":90,"texture":"#3"},"up":{"uv":[5.5,4.75,6.5,5.75],"rotation":90,"texture":"#3"},"down":{"uv":[5.5,4.75,6.5,5.75],"rotation":90,"texture":"#3"}}},{"from":[3.3,0.78437,7.1],"to":[5.3,2.78437,8.9],"rotation":{"angle":-22.5,"axis":"z","origin":[3.3,0.8,8]},"faces":{"north":{"uv":[7,3.75,8,2.75],"rotation":90,"texture":"#3"},"east":{"uv":[8,2.75,9,3.75],"rotation":90,"texture":"#3"},"south":{"uv":[7,2.75,8,3.75],"rotation":90,"texture":"#3"},"west":{"uv":[7.5,3.75,8.5,4.75],"rotation":90,"texture":"#3"},"up":{"uv":[6.5,3.75,7.5,4.75],"rotation":90,"texture":"#3"},"down":{"uv":[6.5,3.75,7.5,4.75],"rotation":90,"texture":"#3"}}},{"from":[4.04973,2.61524,7],"to":[6.04973,4.61524,9],"rotation":{"angle":-45,"axis":"z","origin":[4.1,2.6,8]},"faces":{"north":{"uv":[7.5,5.75,8.5,4.75],"rotation":90,"texture":"#3"},"east":{"uv":[6.5,4.75,7.5,5.75],"rotation":90,"texture":"#3"},"south":{"uv":[7.5,4.75,8.5,5.75],"rotation":90,"texture":"#3"},"west":{"uv":[6.5,5.75,7.5,6.75],"rotation":90,"texture":"#3"},"up":{"uv":[7.5,5.75,8.5,6.75],"rotation":90,"texture":"#3"},"down":{"uv":[4.5,4.75,5.5,5.75],"rotation":90,"texture":"#3"}}},{"from":[3.9,4.65,7],"to":[6.9,6.65,9],"rotation":{"angle":0,"axis":"y","origin":[2.2,-2.1,0]},"faces":{"north":{"uv":[10,3.75,8.5,4.75],"texture":"#3"},"east":{"uv":[10,5.75,11,6.75],"texture":"#3"},"south":{"uv":[8.5,3.75,10,4.75],"texture":"#3"},"west":{"uv":[4,5.75,5,6.75],"texture":"#3"},"up":{"uv":[8.5,5.75,10,6.75],"texture":"#3"},"down":{"uv":[8.5,4.75,10,5.75],"texture":"#3"}}},{"from":[1.34973,1.61524,7.25],"to":[3.34973,4.61524,8.75],"rotation":{"angle":-45,"axis":"z","origin":[5.1,2.6,8]},"faces":{"north":{"uv":[11,1.25,10,2.75],"rotation":180,"texture":"#3"},"east":{"uv":[8.5,1,10,1.75],"rotation":90,"texture":"#3"},"south":{"uv":[10,1.25,11,2.75],"rotation":180,"texture":"#3"},"west":{"uv":[7,1,8.5,1.75],"rotation":90,"texture":"#3"},"up":{"uv":[10.25,0.25,11,1.25],"rotation":90,"texture":"#3"},"down":{"uv":[10.25,0.25,11,1.25],"rotation":90,"texture":"#3"}}},{"from":[6,8.3,7.75],"to":[7,10.3,8.25],"rotation":{"angle":-22.5,"axis":"z","origin":[6,8.3,8]},"faces":{"north":{"uv":[14.25,11.75,14.75,12.75],"texture":"#3"},"east":{"uv":[14.25,12,14,13],"texture":"#3"},"south":{"uv":[14.75,11.75,14.25,12.75],"texture":"#3"},"west":{"uv":[14.5,12.75,14.25,13.75],"texture":"#3"},"up":{"uv":[14.75,11.5,14.25,11.75],"texture":"#3"},"down":{"uv":[14.75,11.5,14.25,11.75],"texture":"#3"}}},{"from":[6,6.3,7.5],"to":[7,8.3,8.5],"rotation":{"angle":0,"axis":"y","origin":[16,0.3,7]},"faces":{"north":{"uv":[14.75,11.75,15.25,12.75],"texture":"#3"},"east":{"uv":[15.25,10.75,14.75,11.75],"texture":"#3"},"south":{"uv":[15.25,11.75,14.75,12.75],"texture":"#3"},"west":{"uv":[15.25,12.75,14.75,13.75],"texture":"#3"},"up":{"uv":[16,10.25,15.5,10.75],"texture":"#3"},"down":{"uv":[16,10.25,15.5,10.75],"texture":"#3"}}},{"from":[6,6.3,7.35],"to":[10.5,7.8,8.65],"rotation":{"angle":-45,"axis":"z","origin":[6,6.3,8]},"faces":{"north":{"uv":[10.5,9.5,11.25,11.75],"rotation":90,"texture":"#3"},"east":{"uv":[10.5,9.5,11.25,8.75],"rotation":90,"texture":"#3"},"south":{"uv":[10.5,11.75,11.25,9.5],"rotation":90,"texture":"#3"},"west":{"uv":[10.5,9.5,11.25,8.75],"rotation":90,"texture":"#3"},"up":{"uv":[10.5,14,11.25,11.75],"rotation":90,"texture":"#3"},"down":{"uv":[9.75,14,10.5,11.75],"rotation":90,"texture":"#3"}}},{"from":[7.6,-1.9,7.5],"to":[11.6,0.1,8.5],"rotation":{"angle":45,"axis":"z","origin":[9.6,-1.9,8]},"faces":{"north":{"uv":[14,4,16,5],"texture":"#3"},"east":{"uv":[14,3,13.5,4],"texture":"#3"},"south":{"uv":[16,4,14,5],"texture":"#3"},"west":{"uv":[14,3,13.5,4],"texture":"#3"},"up":{"uv":[16,3.5,14,4],"texture":"#3"},"down":{"uv":[16,3,14,3.5],"texture":"#3"}}},{"from":[9.03137,-0.48457,7.25],"to":[11.03137,1.51543,8.75],"rotation":{"angle":0,"axis":"y","origin":[11.02132,-0.46447,8]},"faces":{"north":{"uv":[14,5,15,6],"rotation":90,"texture":"#3"},"east":{"uv":[15,6.5,16,5.75],"rotation":90,"texture":"#3"},"south":{"uv":[14,6,15,5],"rotation":90,"texture":"#3"},"west":{"uv":[15,5.75,16,5],"rotation":90,"texture":"#3"},"up":{"uv":[13.25,5,14,4],"rotation":90,"texture":"#3"},"down":{"uv":[13.25,5,14,4],"rotation":90,"texture":"#3"}}},{"from":[6,8,8],"to":[10,32,8],"rotation":{"angle":0,"axis":"y","origin":[0,3,0]},"faces":{"north":{"uv":[2,0,0,12],"texture":"#3"},"east":{"uv":[0,0,0,12],"texture":"#3"},"south":{"uv":[0,0,2,12],"texture":"#3"},"west":{"uv":[0,0,0,12],"texture":"#3"},"up":{"uv":[2,0,0,0],"texture":"#3"},"down":{"uv":[2,0,0,0],"texture":"#3"}}},{"from":[9.6,9.8,8],"to":[13.6,14.8,8],"rotation":{"angle":45,"axis":"z","origin":[16,0,0]},"faces":{"north":{"uv":[4.5,3.25,2.5,5.75],"texture":"#3"},"east":{"uv":[0,0,0,2.5],"texture":"#3"},"south":{"uv":[2.5,3.25,4.5,5.75],"texture":"#3"},"west":{"uv":[0,0,0,2.5],"texture":"#3"},"up":{"uv":[2,0,0,0],"texture":"#3"},"down":{"uv":[2,0,0,0],"texture":"#3"}}},{"from":[2.4,9.8,8],"to":[6.4,14.8,8],"rotation":{"angle":-45,"axis":"z","origin":[0,0,0]},"faces":{"north":{"uv":[2.5,3.25,4.5,5.75],"texture":"#3"},"east":{"uv":[0,0,0,2.5],"texture":"#3"},"south":{"uv":[4.5,3.25,2.5,5.75],"texture":"#3"},"west":{"uv":[0,0,0,2.5],"texture":"#3"},"up":{"uv":[0,0,2,0],"texture":"#3"},"down":{"uv":[0,0,2,0],"texture":"#3"}}},{"from":[4.25,-2.2,10],"to":[11.75,5.3,10],"faces":{"north":{"uv":[11.25,4.5,3.75,12],"texture":"#2"},"east":{"uv":[0,0,0,3.75],"texture":"#2"},"south":{"uv":[3.75,4.5,11.25,12],"texture":"#2"},"west":{"uv":[0,0,0,3.75],"texture":"#2"},"up":{"uv":[0,0,3.75,0],"texture":"#2"},"down":{"uv":[0,0,3.75,0],"texture":"#2"}}},{"from":[4.25,-2.2,6],"to":[11.75,5.3,6],"rotation":{"angle":0,"axis":"y","origin":[0,0,16]},"faces":{"north":{"uv":[11.25,4.5,3.75,12],"texture":"#2"},"east":{"uv":[0,0,0,3.75],"texture":"#2"},"south":{"uv":[3.75,4.5,11.25,12],"texture":"#2"},"west":{"uv":[0,0,0,3.75],"texture":"#2"},"up":{"uv":[0,0,3.75,0],"texture":"#2"},"down":{"uv":[0,0,3.75,0],"texture":"#2"}}},{"from":[7,-12.5,7.5],"to":[8,-10,8.5],"rotation":{"angle":-45,"axis":"z","origin":[7,-11,8]},"faces":{"north":{"uv":[12.5,9.25,13.75,9.75],"rotation":90,"texture":"#3"},"east":{"uv":[12.5,10.25,13.75,9.75],"rotation":270,"texture":"#3"},"south":{"uv":[12.5,9.75,13.75,9.25],"rotation":90,"texture":"#3"},"west":{"uv":[14,10.75,15.25,10.25],"rotation":270,"texture":"#3"},"up":{"uv":[14.25,11.5,14.75,11],"rotation":270,"texture":"#3"},"down":{"uv":[14.25,11.5,14.75,11],"rotation":270,"texture":"#3"}}},{"from":[8,-12.5,7.5],"to":[9,-10,8.5],"rotation":{"angle":45,"axis":"z","origin":[9,-11,8]},"faces":{"north":{"uv":[12.5,9.75,13.75,9.25],"rotation":90,"texture":"#3"},"east":{"uv":[14,10.25,15.25,10.75],"rotation":270,"texture":"#3"},"south":{"uv":[12.5,9.25,13.75,9.75],"rotation":90,"texture":"#3"},"west":{"uv":[12.5,9.75,13.75,10.25],"rotation":270,"texture":"#3"},"up":{"uv":[14.25,11,14.75,11.5],"rotation":270,"texture":"#3"},"down":{"uv":[14.25,11,14.75,11.5],"rotation":270,"texture":"#3"}}},{"from":[6.6,-4.9,8],"to":[15.6,3.1,8],"rotation":{"angle":0,"axis":"y","origin":[13.6,-4.9,0]},"faces":{"north":{"uv":[4.25,7.5,8.75,11.5],"texture":"#3"},"east":{"uv":[0,0,0,5],"texture":"#3"},"south":{"uv":[8.75,7.5,4.25,11.5],"texture":"#3"},"west":{"uv":[0,0,0,5],"texture":"#3"},"up":{"uv":[4.5,0,0,0],"texture":"#3"},"down":{"uv":[4.5,0,0,0],"texture":"#3"}}},{"from":[0.4,-4.9,8],"to":[9.4,3.1,8],"rotation":{"angle":0,"axis":"y","origin":[2.4,-4.9,0]},"faces":{"north":{"uv":[8.75,7.5,4.25,11.5],"texture":"#3"},"east":{"uv":[0,0,0,5],"texture":"#3"},"south":{"uv":[4.25,7.5,8.75,11.5],"texture":"#3"},"west":{"uv":[0,0,0,5],"texture":"#3"},"up":{"uv":[0,0,4.5,0],"texture":"#3"},"down":{"uv":[0,0,4.5,0],"texture":"#3"}}},{"from":[6,8,7.85],"to":[10,26,8.15],"rotation":{"angle":0,"axis":"y","origin":[0,3,0]},"faces":{"north":{"uv":[2,3,0,12],"texture":"#3"},"east":{"uv":[1.75,3,2,12],"texture":"#3"},"south":{"uv":[0,3,2,12],"texture":"#3"},"west":{"uv":[0,3,0.25,12],"texture":"#3"},"up":{"uv":[0,3,2,3.25],"texture":"#3"},"down":{"uv":[2,12,0,12.25],"texture":"#3"}}}],"gui_light":"front","display":{"thirdperson_righthand":{"rotation":[0,110,0],"translation":[0,9,1.75],"scale":[0.7,0.7,0.7]},"thirdperson_lefthand":{"rotation":[0,110,0],"translation":[0,8,1.75],"scale":[0.7,0.7,0.7]},"firstperson_righthand":{"rotation":[-175.56,80,170],"translation":[0.75,4.75,0.5],"scale":[0.43555,0.43555,0.43555]},"firstperson_lefthand":{"rotation":[-175.56,80,170],"translation":[0.75,4.75,0.5],"scale":[0.43555,0.43555,0.43555]},"ground":{"rotation":[82,0,0],"translation":[0,-1.25,0],"scale":[0.5,0.5,0.5]},"gui":{"rotation":[0,180,47],"translation":[0,0,-2],"scale":[0.44,0.44,0.44]},"head":{"rotation":[0,-18,105],"translation":[2.5,8.75,2.25],"scale":[0.73516,0.73516,0.73516]},"fixed":{"rotation":[0,0,45],"translation":[1.25,-0.5,-1.25],"scale":[0.96484,0.96484,0.96484]}}}