{"textures​":{"layer0":"minecraft:item/golden_hoe"},"credit":"Made by PolygonMC","texture_size":[32,32],"\u0074\u0065\u0078\u0074\u0075\u0072\u0065\u0073":{"1":"\u0062\u0065\u0061\u0072_\u0073\u0065\u0074:\u0063\u0072\u006f\u0073\u0073\u0062\u006f\u0077_1","\u0070\u0061\u0072\u0074\u0069\u0063\u006c\u0065":"\u0062\u0065\u0061\u0072_\u0073\u0065\u0074:\u0063\u0072\u006f\u0073\u0073\u0062\u006f\u0077_1"},"elements":[{"from":[7.5,0.79822,10],"to":[8.5,1.79822,11],"rotation":{"angle":-22.5,"axis":"x","origin":[8,2.43572,10.5]},"faces":{"north":{"uv":[7,2,7.5,2.5],"texture":"#1"},"east":{"uv":[10,8,10.5,8.5],"texture":"#1"},"south":{"uv":[10.5,1,11,1.5],"texture":"#1"},"west":{"uv":[10.5,10.5,11,11],"texture":"#1"},"up":{"uv":[0.5,11.5,0,11],"texture":"#1"},"down":{"uv":[11.5,0,11,0.5],"texture":"#1"}}},{"from":[7.5,3.79822,10],"to":[8.5,4.79822,11],"rotation":{"angle":-22.5,"axis":"x","origin":[8,2.43572,10.5]},"faces":{"north":{"uv":[0.5,11,1,11.5],"texture":"#1"},"east":{"uv":[11,0.5,11.5,1],"texture":"#1"},"south":{"uv":[1,11,1.5,11.5],"texture":"#1"},"west":{"uv":[11,1,11.5,1.5],"texture":"#1"},"up":{"uv":[11.5,2,11,1.5],"texture":"#1"},"down":{"uv":[11.5,2,11,2.5],"texture":"#1"}}},{"from":[7.6,1.79822,10.1],"to":[8.4,3.79822,10.9],"rotation":{"angle":-22.5,"axis":"x","origin":[8,2.43572,10.5]},"faces":{"north":{"uv":[7,10,7.5,11],"texture":"#1"},"east":{"uv":[10,7,10.5,8],"texture":"#1"},"south":{"uv":[7.5,10,8,11],"texture":"#1"},"west":{"uv":[8,10,8.5,11],"texture":"#1"},"up":{"uv":[11.5,3,11,2.5],"texture":"#1"},"down":{"uv":[11.5,3,11,3.5],"texture":"#1"}}},{"from":[7.44,0.55873,11.25699],"to":[8.56,1.67873,12.37699],"rotation":{"angle":22.5,"axis":"x","origin":[8,2.43572,10.5]},"faces":{"north":{"uv":[3.5,11,4,11.5],"texture":"#1"},"east":{"uv":[11,3.5,11.5,4],"texture":"#1"},"south":{"uv":[4,11,4.5,11.5],"texture":"#1"},"west":{"uv":[11,4,11.5,4.5],"texture":"#1"},"up":{"uv":[11.5,5,11,4.5],"texture":"#1"},"down":{"uv":[11.5,5,11,5.5],"texture":"#1"}}},{"from":[6.65,5.91681,9.104],"to":[9.35,8.61681,11.804],"rotation":{"angle":0,"axis":"y","origin":[8,7.26681,10.454]},"faces":{"north":{"uv":[5.5,5.5,6.75,6.75],"texture":"#1"},"east":{"uv":[0,7,1.25,8.25],"texture":"#1"},"south":{"uv":[5.5,7,6.75,8.25],"texture":"#1"},"west":{"uv":[7,5.5,8.25,6.75],"texture":"#1"},"up":{"uv":[8.25,8.25,7,7],"texture":"#1"},"down":{"uv":[8.75,2,7.5,3.25],"texture":"#1"}}},{"from":[6.92,4.54931,10.5315],"to":[9.08,6.43931,13.2315],"rotation":{"angle":45,"axis":"x","origin":[8,5.42681,12.15025]},"faces":{"north":{"uv":[0,8.5,1,9.5],"texture":"#1"},"east":{"uv":[7.5,3.5,8.75,4.5],"texture":"#1"},"south":{"uv":[1,8.5,2,9.5],"texture":"#1"},"west":{"uv":[7.5,4.5,8.75,5.5],"texture":"#1"},"up":{"uv":[9,1.25,8,0],"texture":"#1"},"down":{"uv":[5.5,8,4.5,9.25],"texture":"#1"}}},{"from":[6.92,4.00931,11.6065],"to":[9.08,4.54931,13.2315],"rotation":{"angle":45,"axis":"x","origin":[8,5.42681,12.15025]},"faces":{"north":{"uv":[11,5.5,12,5.75],"texture":"#1"},"east":{"uv":[0.5,11.5,1.25,11.75],"texture":"#1"},"south":{"uv":[6,11,7,11.25],"texture":"#1"},"west":{"uv":[11.5,0.5,12.25,0.75],"texture":"#1"},"down":{"uv":[10,0,9,0.75],"texture":"#1"}}},{"from":[7.19,5.91681,8.564],"to":[8.81,6.99681,9.104],"rotation":{"angle":0,"axis":"y","origin":[8,7.26681,7.754]},"faces":{"north":{"uv":[8,1.5,8.75,2],"texture":"#1"},"east":{"uv":[11.5,3.5,11.75,4],"texture":"#1"},"west":{"uv":[4,11.5,4.25,12],"texture":"#1"},"up":{"uv":[12.25,1.25,11.5,1],"texture":"#1"},"down":{"uv":[2.25,11.5,1.5,11.75],"texture":"#1"}}},{"from":[7.622,6.57291,8.4884],"to":[8.378,7.06971,8.9636],"rotation":{"angle":0,"axis":"y","origin":[7.946,7.28571,7.6244]},"faces":{"north":{"uv":[11.5,4,12,4.25],"texture":"#1"},"east":{"uv":[10,11.5,10.25,11.75],"texture":"#1"},"south":{"uv":[4.5,11.5,5,11.75],"texture":"#1"},"west":{"uv":[11.5,10,11.75,10.25],"texture":"#1"},"up":{"uv":[12,4.75,11.5,4.5],"texture":"#1"},"down":{"uv":[5.5,11.5,5,11.75],"texture":"#1"}}},{"from":[7.73,6.12349,12.54504],"to":[8.27,6.66349,13.08504],"rotation":{"angle":22.5,"axis":"x","origin":[8,5.42681,12.15025]},"faces":{"north":{"uv":[10.5,11.5,10.75,11.75],"texture":"#1"},"east":{"uv":[11,11.5,11.25,11.75],"texture":"#1"},"south":{"uv":[11.5,11.5,11.75,11.75],"texture":"#1"},"west":{"uv":[0,12,0.25,12.25],"texture":"#1"},"up":{"uv":[12.25,0.25,12,0],"texture":"#1"},"down":{"uv":[0.75,12,0.5,12.25],"texture":"#1"}}},{"from":[6.245,8.21181,10.1515],"to":[7.46,9.42681,10.7415],"rotation":{"angle":22.5,"axis":"z","origin":[6.92,8.75181,10.4465]},"faces":{"north":{"uv":[11,6,11.5,6.5],"texture":"#1"},"east":{"uv":[11.5,5,11.75,5.5],"texture":"#1"},"south":{"uv":[11,6.5,11.5,7],"texture":"#1"},"west":{"uv":[5.5,11.5,5.75,12],"texture":"#1"},"up":{"uv":[6.5,11.75,6,11.5],"texture":"#1"},"down":{"uv":[12,6,11.5,6.25],"texture":"#1"}}},{"from":[8.54,8.21181,10.1515],"to":[9.755,9.42681,10.7415],"rotation":{"angle":-22.5,"axis":"z","origin":[9.08,8.75181,10.4465]},"faces":{"north":{"uv":[7,11,7.5,11.5],"texture":"#1"},"east":{"uv":[6.5,11.5,6.75,12],"texture":"#1"},"south":{"uv":[11,7,11.5,7.5],"texture":"#1"},"west":{"uv":[11.5,6.5,11.75,7],"texture":"#1"},"up":{"uv":[7.5,11.75,7,11.5],"texture":"#1"},"down":{"uv":[12,7,11.5,7.25],"texture":"#1"}}},{"from":[6.105,4.98348,8.92914],"to":[7.32,6.19848,11.62914],"rotation":{"angle":-22.5,"axis":"x","origin":[8.4,5.59098,10.27914]},"faces":{"north":{"uv":[7.5,11,8,11.5],"texture":"#1"},"east":{"uv":[5.5,2,6.75,2.5],"texture":"#1"},"south":{"uv":[11,7.5,11.5,8],"texture":"#1"},"west":{"uv":[5.5,9.5,6.75,10],"texture":"#1"},"up":{"uv":[10,6.75,9.5,5.5],"texture":"#1"},"down":{"uv":[10,7,9.5,8.25],"texture":"#1"}}},{"from":[6.11,2.21653,12.17996],"to":[7.325,5.45653,13.39496],"rotation":{"angle":0,"axis":"x","origin":[8,3.83653,12.78746]},"faces":{"north":{"uv":[0,9.5,0.5,11],"texture":"#1"},"east":{"uv":[0.5,9.5,1,11],"texture":"#1"},"south":{"uv":[1,9.5,1.5,11],"texture":"#1"},"west":{"uv":[9.5,1,10,2.5],"texture":"#1"},"up":{"uv":[9.5,11.5,9,11],"texture":"#1"},"down":{"uv":[11.5,9,11,9.5],"texture":"#1"}}},{"from":[8.675,2.21653,12.17996],"to":[9.89,5.45653,13.39496],"rotation":{"angle":0,"axis":"x","origin":[8,3.83653,12.78746]},"faces":{"north":{"uv":[0.5,9.5,0,11],"texture":"#1"},"east":{"uv":[10,1,9.5,2.5],"texture":"#1"},"south":{"uv":[1.5,9.5,1,11],"texture":"#1"},"west":{"uv":[1,9.5,0.5,11],"texture":"#1"},"up":{"uv":[9,11.5,9.5,11],"texture":"#1"},"down":{"uv":[11,9,11.5,9.5],"texture":"#1"}}},{"from":[8.68,4.98348,8.92914],"to":[9.895,6.19848,11.62914],"rotation":{"angle":-22.5,"axis":"x","origin":[7.6,5.59098,10.27914]},"faces":{"north":{"uv":[8,11,7.5,11.5],"texture":"#1"},"east":{"uv":[6.75,9.5,5.5,10],"texture":"#1"},"south":{"uv":[11.5,7.5,11,8],"texture":"#1"},"west":{"uv":[6.75,2,5.5,2.5],"texture":"#1"},"up":{"uv":[9.5,6.75,10,5.5],"texture":"#1"},"down":{"uv":[9.5,7,10,8.25],"texture":"#1"}}},{"from":[7.25,4,8.25],"to":[8.75,5.5,10.75],"rotation":{"angle":0,"axis":"y","origin":[7.5,0,0]},"faces":{"north":{"uv":[10,1.5,10.75,2.25],"texture":"#1"},"east":{"uv":[2,8.5,3.25,9.25],"texture":"#1"},"south":{"uv":[6,10,6.75,10.75],"texture":"#1"},"west":{"uv":[5.5,8.5,6.75,9.25],"texture":"#1"},"up":{"uv":[9.25,6.75,8.5,5.5],"texture":"#1"},"down":{"uv":[7.75,8.5,7,9.75],"texture":"#1"}}},{"from":[7.25,3,2.75],"to":[8.75,5.5,8.25],"rotation":{"angle":0,"axis":"y","origin":[7.5,0,0]},"faces":{"north":{"uv":[8.5,7,9.25,8.25],"texture":"#1"},"east":{"uv":[1.5,2.5,4.25,3.75],"texture":"#1"},"south":{"uv":[8,8.5,8.75,9.75],"texture":"#1"},"west":{"uv":[1.5,4,4.25,5.25],"texture":"#1"},"up":{"uv":[2.25,8.25,1.5,5.5],"texture":"#1"},"down":{"uv":[3.25,5.5,2.5,8.25],"texture":"#1"}}},{"from":[7.5,3.25,2.5],"to":[8.5,5.75,8],"rotation":{"angle":0,"axis":"y","origin":[7.5,0,0]},"faces":{"north":{"uv":[5.5,10,6,11.25],"texture":"#1"},"east":{"uv":[4.5,2.5,7.25,3.75],"texture":"#1"},"south":{"uv":[10,5.5,10.5,6.75],"texture":"#1"},"west":{"uv":[4.5,4,7.25,5.25],"texture":"#1"},"up":{"uv":[4,10.75,3.5,8],"texture":"#1"},"down":{"uv":[4.5,8,4,10.75],"texture":"#1"}}},{"from":[7.275,2.90642,10.23411],"to":[8.725,4.90642,14.73411],"rotation":{"angle":22.5,"axis":"x","origin":[8,3.90642,11.98411]},"faces":{"north":{"uv":[1.5,9.5,2.25,10.5],"texture":"#1"},"east":{"uv":[5.5,0,7.75,1],"texture":"#1"},"south":{"uv":[2.5,9.5,3.25,10.5],"texture":"#1"},"west":{"uv":[5.5,1,7.75,2],"texture":"#1"},"up":{"uv":[4.25,7.75,3.5,5.5],"texture":"#1"},"down":{"uv":[5.25,5.5,4.5,7.75],"texture":"#1"}}},{"from":[7.525,3.15642,13.48411],"to":[8.475,5.15642,14.98411],"rotation":{"angle":22.5,"axis":"x","origin":[8,3.90642,11.98411]},"faces":{"north":{"uv":[3,10.5,3.5,11.5],"texture":"#1"},"east":{"uv":[4.5,9.5,5.25,10.5],"texture":"#1"},"south":{"uv":[10.5,3.5,11,4.5],"texture":"#1"},"west":{"uv":[9.5,4.5,10.25,5.5],"texture":"#1"},"up":{"uv":[11,7.25,10.5,6.5],"texture":"#1"},"down":{"uv":[11,7.5,10.5,8.25],"texture":"#1"}}},{"from":[8.5,3.5,2.9],"to":[9.5,5.5,3.9],"rotation":{"angle":-22.5,"axis":"z","origin":[9,4.5,3.4]},"faces":{"north":{"uv":[8.5,10,9,11],"texture":"#1"},"east":{"uv":[9,10,9.5,11],"texture":"#1"},"south":{"uv":[10,9.5,10.5,10.5],"texture":"#1"},"west":{"uv":[10.5,0,11,1],"texture":"#1"},"up":{"uv":[10,11.5,9.5,11],"texture":"#1"},"down":{"uv":[11.5,9.5,11,10],"texture":"#1"}}},{"from":[8.84462,5.23254,2.9],"to":[9.84462,7.23254,3.9],"rotation":{"angle":0,"axis":"z","origin":[9.34462,6.23254,3.4]},"faces":{"north":{"uv":[1.5,10.5,2,11.5],"texture":"#1"},"east":{"uv":[2,10.5,2.5,11.5],"texture":"#1"},"south":{"uv":[2.5,10.5,3,11.5],"texture":"#1"},"west":{"uv":[10.5,2.5,11,3.5],"texture":"#1"},"up":{"uv":[11.5,10.5,11,10],"texture":"#1"},"down":{"uv":[11,11,10.5,11.5],"texture":"#1"}}},{"from":[9.84462,5.48254,3.15],"to":[11.84462,6.98254,3.65],"rotation":{"angle":0,"axis":"z","origin":[10.34462,6.23254,3.4]},"faces":{"north":{"uv":[9.5,2.5,10.5,3.25],"texture":"#1"},"east":{"uv":[11.5,1.5,11.75,2.25],"texture":"#1"},"south":{"uv":[9.5,3.5,10.5,4.25],"texture":"#1"},"west":{"uv":[2.5,11.5,2.75,12.25],"texture":"#1"},"up":{"uv":[12,10.75,11,10.5],"texture":"#1"},"down":{"uv":[12,11,11,11.25],"texture":"#1"}}},{"from":[12.69462,5.98254,3.75],"to":[13.69462,6.48254,4.75],"rotation":{"angle":45,"axis":"y","origin":[13.19462,6.23254,4.25]},"faces":{"north":{"uv":[8.5,11.5,9,11.75],"texture":"#1"},"east":{"uv":[11.5,8.5,12,8.75],"texture":"#1"},"south":{"uv":[9,11.5,9.5,11.75],"texture":"#1"},"west":{"uv":[11.5,9,12,9.25],"texture":"#1"},"up":{"uv":[0.5,12,0,11.5],"texture":"#1"},"down":{"uv":[12,0,11.5,0.5],"texture":"#1"}}},{"from":[11.71089,5.48254,3.32231],"to":[12.71089,6.98254,3.82231],"rotation":{"angle":-22.5,"axis":"y","origin":[12.21089,6.23254,3.57231]},"faces":{"north":{"uv":[4.5,10.5,5,11.25],"texture":"#1"},"south":{"uv":[10.5,4.5,11,5.25],"texture":"#1"},"up":{"uv":[8,11.75,7.5,11.5],"texture":"#1"},"down":{"uv":[12,7.5,11.5,7.75],"texture":"#1"}}},{"from":[12.44528,5.48254,3.81301],"to":[13.44528,6.98254,4.31301],"rotation":{"angle":-45,"axis":"y","origin":[12.94528,6.23254,4.06301]},"faces":{"north":{"uv":[5,10.5,5.5,11.25],"texture":"#1"},"east":{"uv":[11.5,2.5,11.75,3.25],"texture":"#1"},"south":{"uv":[10.5,5.5,11,6.25],"texture":"#1"},"up":{"uv":[8.5,11.75,8,11.5],"texture":"#1"},"down":{"uv":[12,8,11.5,8.25],"texture":"#1"}}},{"from":[4.15538,5.48254,3.15],"to":[6.15538,6.98254,3.65],"rotation":{"angle":0,"axis":"z","origin":[5.65538,6.23254,3.4]},"faces":{"north":{"uv":[10.5,2.5,9.5,3.25],"texture":"#1"},"east":{"uv":[2.75,11.5,2.5,12.25],"texture":"#1"},"south":{"uv":[10.5,3.5,9.5,4.25],"texture":"#1"},"west":{"uv":[11.75,1.5,11.5,2.25],"texture":"#1"},"up":{"uv":[11,10.75,12,10.5],"texture":"#1"},"down":{"uv":[11,11,12,11.25],"texture":"#1"}}},{"from":[3.28911,5.48254,3.32231],"to":[4.28911,6.98254,3.82231],"rotation":{"angle":22.5,"axis":"y","origin":[3.78911,6.23254,3.57231]},"faces":{"north":{"uv":[5,10.5,4.5,11.25],"texture":"#1"},"south":{"uv":[11,4.5,10.5,5.25],"texture":"#1"},"up":{"uv":[7.5,11.75,8,11.5],"texture":"#1"},"down":{"uv":[11.5,7.5,12,7.75],"texture":"#1"}}},{"from":[2.55472,5.48254,3.81301],"to":[3.55472,6.98254,4.31301],"rotation":{"angle":45,"axis":"y","origin":[3.05472,6.23254,4.06301]},"faces":{"north":{"uv":[5.5,10.5,5,11.25],"texture":"#1"},"south":{"uv":[11,5.5,10.5,6.25],"texture":"#1"},"west":{"uv":[11.75,2.5,11.5,3.25],"texture":"#1"},"up":{"uv":[8,11.75,8.5,11.5],"texture":"#1"},"down":{"uv":[11.5,8,12,8.25],"texture":"#1"}}},{"from":[2.30538,5.98254,3.75],"to":[3.30538,6.48254,4.75],"rotation":{"angle":-45,"axis":"y","origin":[2.80538,6.23254,4.25]},"faces":{"north":{"uv":[9,11.5,8.5,11.75],"texture":"#1"},"east":{"uv":[12,9,11.5,9.25],"texture":"#1"},"south":{"uv":[9.5,11.5,9,11.75],"texture":"#1"},"west":{"uv":[12,8.5,11.5,8.75],"texture":"#1"},"up":{"uv":[0,12,0.5,11.5],"texture":"#1"},"down":{"uv":[11.5,0,12,0.5],"texture":"#1"}}},{"from":[6.15538,5.23254,2.9],"to":[7.15538,7.23254,3.9],"rotation":{"angle":0,"axis":"z","origin":[6.65538,6.23254,3.4]},"faces":{"north":{"uv":[2,10.5,1.5,11.5],"texture":"#1"},"east":{"uv":[11,2.5,10.5,3.5],"texture":"#1"},"south":{"uv":[3,10.5,2.5,11.5],"texture":"#1"},"west":{"uv":[2.5,10.5,2,11.5],"texture":"#1"},"up":{"uv":[11,10.5,11.5,10],"texture":"#1"},"down":{"uv":[10.5,11,11,11.5],"texture":"#1"}}},{"from":[6.5,3.5,2.9],"to":[7.5,5.5,3.9],"rotation":{"angle":22.5,"axis":"z","origin":[7,4.5,3.4]},"faces":{"north":{"uv":[9,10,8.5,11],"texture":"#1"},"east":{"uv":[11,0,10.5,1],"texture":"#1"},"south":{"uv":[10.5,9.5,10,10.5],"texture":"#1"},"west":{"uv":[9.5,10,9,11],"texture":"#1"},"up":{"uv":[9.5,11.5,10,11],"texture":"#1"},"down":{"uv":[11,9.5,11.5,10],"texture":"#1"}}},{"from":[7.75,2.75,8.95],"to":[8.25,4.25,9.95],"rotation":{"angle":-22.5,"axis":"x","origin":[8,3.25,8.95]},"faces":{"north":{"uv":[3,11.5,3.25,12.25],"texture":"#1"},"east":{"uv":[10.5,9.5,11,10.25],"texture":"#1"},"south":{"uv":[3.5,11.5,3.75,12.25],"texture":"#1"},"west":{"uv":[10,10.5,10.5,11.25],"texture":"#1"},"up":{"uv":[9.75,12,9.5,11.5],"texture":"#1"},"down":{"uv":[11.75,9.5,11.5,10],"texture":"#1"}}},{"from":[2.75,6.25,4.5],"to":[13.25,6.25,9.5],"rotation":{"angle":0,"axis":"y","origin":[4,6.25,4.5]},"faces":{"north":{"uv":[0,0,5.25,0],"texture":"#1"},"east":{"uv":[0,0,2.5,0],"texture":"#1"},"south":{"uv":[0,0,5.25,0],"texture":"#1"},"west":{"uv":[0,0,2.5,0],"texture":"#1"},"up":{"uv":[5.25,2.5,0,0],"texture":"#1"},"down":{"uv":[5.25,0,0,2.5],"texture":"#1"}}},{"from":[6.75,6.25,-1.75],"to":[9.25,6.25,7.25],"rotation":{"angle":45,"axis":"z","origin":[8,6.25,2.75]},"faces":{"north":{"uv":[0,0,1.25,0],"texture":"#1"},"east":{"uv":[0,0,4.5,0],"texture":"#1"},"south":{"uv":[0,0,1.25,0],"texture":"#1"},"west":{"uv":[0,0,4.5,0],"texture":"#1"},"up":{"uv":[1.25,7,0,2.5],"texture":"#1"},"down":{"uv":[1.25,2.5,0,7],"texture":"#1"}}},{"from":[8,5,-1.75],"to":[8,7.5,7.25],"rotation":{"angle":45,"axis":"z","origin":[8,6.25,2.75]},"faces":{"north":{"uv":[0,0,1.25,0],"rotation":270,"texture":"#1"},"east":{"uv":[1.25,7,0,2.5],"rotation":90,"texture":"#1"},"south":{"uv":[0,0,1.25,0],"rotation":90,"texture":"#1"},"west":{"uv":[1.25,2.5,0,7],"rotation":90,"texture":"#1"},"up":{"uv":[0,0,4.5,0],"rotation":90,"texture":"#1"},"down":{"uv":[0,0,4.5,0],"rotation":90,"texture":"#1"}}}],"gui_light":"front","display":{"thirdperson_righthand":{"translation":[0,3.75,0]},"thirdperson_lefthand":{"translation":[0,3.75,0]},"firstperson_righthand":{"rotation":[0,-12,0],"translation":[7.75,5.25,0.25]},"firstperson_lefthand":{"rotation":[0,-12,0],"translation":[7.75,5.25,0.25]},"ground":{"translation":[0,8.5,0.25]},"gui":{"rotation":[90,45,0],"translation":[0.75,-0.75,0],"scale":[1.32227,1.32227,1.32227]},"head":{"scale":[0,0,0]},"fixed":{"rotation":[-110,0,0],"translation":[0,-3,-13.75],"scale":[2.49024,2.49024,2.49024]}}}