{"credit":"Made with Blockbench","texture_size":[24,24],"textures":{"0":"bonekeeper_set:bonekeeper_set/helmet","particle":"bonekeeper_set:bonekeeper_set/helmet"},"elements":[{"from":[4,3.75,3.7875],"to":[5,5.75,10.7875],"rotation":{"angle":0,"axis":"y","origin":[0,3.75,-0.2125]},"faces":{"north":{"uv":[13.33333,11.33333,14,12.66667],"texture":"#0"},"east":{"uv":[8,6.66667,12.66667,8],"texture":"#0"},"south":{"uv":[12.66667,13.33333,13.33333,14.66667],"texture":"#0"},"west":{"uv":[8,8,12.66667,9.33333],"texture":"#0"},"up":{"uv":[10.66667,6,10,1.33333],"texture":"#0"},"down":{"uv":[0.66667,10.66667,0,15.33333],"texture":"#0"}}},{"from":[4,5.75,7.7875],"to":[5,10.75,10.7875],"rotation":{"angle":0,"axis":"y","origin":[0,3.75,-0.2125]},"faces":{"north":{"uv":[11.33333,2,12,5.33333],"texture":"#0"},"east":{"uv":[8,0,10,3.33333],"texture":"#0"},"south":{"uv":[4.66667,11.33333,5.33333,14.66667],"texture":"#0"},"west":{"uv":[8,3.33333,10,6.66667],"texture":"#0"},"up":{"uv":[13.33333,13.33333,12.66667,11.33333],"texture":"#0"},"down":{"uv":[12.66667,12.66667,12,14.66667],"texture":"#0"}}},{"from":[4,8.75,3.7875],"to":[5,10.75,7.7875],"rotation":{"angle":0,"axis":"y","origin":[0,3.75,-0.2125]},"faces":{"north":{"uv":[6.66667,14,7.33333,15.33333],"texture":"#0"},"east":{"uv":[8,9.33333,10.66667,10.66667],"texture":"#0"},"south":{"uv":[14,6.66667,14.66667,8],"texture":"#0"},"west":{"uv":[10,0,12.66667,1.33333],"texture":"#0"},"up":{"uv":[6.66667,14,6,11.33333],"texture":"#0"},"down":{"uv":[7.33333,11.33333,6.66667,14],"texture":"#0"}}},{"from":[4,5.75,3.7875],"to":[5,6.75,5.7875],"rotation":{"angle":0,"axis":"y","origin":[0,3.75,-0.2125]},"faces":{"north":{"uv":[11.33333,5.33333,12,6],"texture":"#0"},"east":{"uv":[13.33333,12.66667,14.66667,13.33333],"texture":"#0"},"south":{"uv":[14.66667,3.33333,15.33333,4],"texture":"#0"},"west":{"uv":[13.33333,13.33333,14.66667,14],"texture":"#0"},"up":{"uv":[14.66667,1.33333,14,0],"texture":"#0"},"down":{"uv":[6.66667,14,6,15.33333],"texture":"#0"}}},{"from":[5,10.75,3.7875],"to":[11,11.75,10.7875],"rotation":{"angle":0,"axis":"y","origin":[16,3.75,-0.2125]},"faces":{"north":{"uv":[6,10.66667,10,11.33333],"texture":"#0"},"east":{"uv":[10,6,14.66667,6.66667],"texture":"#0"},"south":{"uv":[10.66667,9.33333,14.66667,10],"texture":"#0"},"west":{"uv":[0.66667,10.66667,5.33333,11.33333],"texture":"#0"},"up":{"uv":[4,4.66667,0,0],"texture":"#0"},"down":{"uv":[8,0,4,4.66667],"texture":"#0"}}},{"from":[5,3.75,10.7875],"to":[11,10.75,11.7875],"rotation":{"angle":0,"axis":"y","origin":[16,3.75,-0.2125]},"faces":{"north":{"uv":[0,4.66667,4,9.33333],"texture":"#0"},"east":{"uv":[10.66667,1.33333,11.33333,6],"texture":"#0"},"south":{"uv":[4,4.66667,8,9.33333],"texture":"#0"},"west":{"uv":[5.33333,10.66667,6,15.33333],"texture":"#0"},"up":{"uv":[14,11.33333,10,10.66667],"texture":"#0"},"down":{"uv":[14.66667,10,10.66667,10.66667],"texture":"#0"}}},{"from":[5,8.75,3.7875],"to":[11,10.75,4.7875],"rotation":{"angle":0,"axis":"y","origin":[16,8.75,-0.2125]},"faces":{"north":{"uv":[0,9.33333,4,10.66667],"texture":"#0"},"east":{"uv":[13.33333,14,14,15.33333],"texture":"#0"},"south":{"uv":[4,9.33333,8,10.66667],"texture":"#0"},"west":{"uv":[14,14,14.66667,15.33333],"texture":"#0"},"up":{"uv":[4.66667,12,0.66667,11.33333],"texture":"#0"},"down":{"uv":[15.33333,1.33333,11.33333,2],"texture":"#0"}}},{"from":[5,3.75,3.7875],"to":[6,5.75,4.7875],"rotation":{"angle":0,"axis":"y","origin":[0,3.75,-0.2125]},"faces":{"north":{"uv":[7.33333,14,8,15.33333],"texture":"#0"},"east":{"uv":[8,14,8.66667,15.33333],"texture":"#0"},"south":{"uv":[8.66667,14,9.33333,15.33333],"texture":"#0"},"west":{"uv":[14,10.66667,14.66667,12],"texture":"#0"},"up":{"uv":[4.66667,15.33333,4,14.66667],"texture":"#0"},"down":{"uv":[15.33333,4,14.66667,4.66667],"texture":"#0"}}},{"from":[2,7.05996,8.3515],"to":[4,9.05996,10.3515],"rotation":{"angle":22.5,"axis":"x","origin":[8,8.09799,6.44177]},"faces":{"north":{"uv":[7.33333,11.33333,8.66667,12.66667],"texture":"#0"},"east":{"uv":[8.66667,11.33333,10,12.66667],"texture":"#0"},"south":{"uv":[10,11.33333,11.33333,12.66667],"texture":"#0"},"west":{"uv":[11.33333,11.33333,12.66667,12.66667],"texture":"#0"},"up":{"uv":[2,13.33333,0.66667,12],"texture":"#0"},"down":{"uv":[3.33333,12,2,13.33333],"texture":"#0"}}},{"from":[2.1112,6.5417,6.31816],"to":[3.6888,8.1193,8.68456],"rotation":{"angle":0,"axis":"x","origin":[8,8.09799,6.44177]},"faces":{"north":{"uv":[13.33333,3.33333,14.33333,4.33333],"texture":"#0"},"east":{"uv":[7.33333,12.66667,8.83333,13.66667],"texture":"#0"},"south":{"uv":[13.33333,4.66667,14.33333,5.66667],"texture":"#0"},"west":{"uv":[12.66667,8,14.16667,9],"texture":"#0"},"up":{"uv":[10.33333,14.16667,9.33333,12.66667],"texture":"#0"},"down":{"uv":[11.66667,12.66667,10.66667,14.16667],"texture":"#0"}}},{"from":[2.25318,6.69954,5.02254],"to":[3.54682,7.99317,6.96299],"rotation":{"angle":22.5,"axis":"x","origin":[8,8.09799,6.44177]},"faces":{"north":{"uv":[14.66667,0,15.5,0.83333],"texture":"#0"},"east":{"uv":[0.66667,13.33333,2,14.16667],"texture":"#0"},"south":{"uv":[0.66667,14.66667,1.5,15.5],"texture":"#0"},"west":{"uv":[2,13.33333,3.33333,14.16667],"texture":"#0"},"up":{"uv":[14.16667,3.33333,13.33333,2],"texture":"#0"},"down":{"uv":[4.16667,13.33333,3.33333,14.66667],"texture":"#0"}}},{"from":[2.38255,8.87619,4.68454],"to":[3.41745,10.42855,5.71945],"rotation":{"angle":-45,"axis":"x","origin":[8,8.09799,6.44177]},"faces":{"north":{"uv":[4,14.66667,3.33333,15.66667],"rotation":180,"texture":"#0"},"east":{"uv":[14,12,15,12.66667],"rotation":270,"texture":"#0"},"south":{"uv":[15.33333,3,14.66667,2],"texture":"#0"},"west":{"uv":[2,14.66667,3,15.33333],"rotation":90,"texture":"#0"},"up":{"uv":[4.66667,14.66667,5.33333,15.33333],"rotation":180,"texture":"#0"},"down":{"uv":[14.66667,4.66667,15.33333,5.33333],"texture":"#0"}}},{"from":[2.49639,9.57695,4.00755],"to":[3.30361,10.78778,4.81478],"rotation":{"angle":-22.5,"axis":"x","origin":[8,8.09799,6.44177]},"faces":{"north":{"uv":[14.66667,5.33333,15.16667,6.16667],"texture":"#0"},"east":{"uv":[14.66667,6.66667,15.16667,7.5],"texture":"#0"},"south":{"uv":[14.66667,8,15.16667,8.83333],"texture":"#0"},"west":{"uv":[9.33333,14.66667,9.83333,15.5],"texture":"#0"},"up":{"uv":[15.16667,9.83333,14.66667,9.33333],"texture":"#0"},"down":{"uv":[10.5,14.66667,10,15.16667],"texture":"#0"}}},{"from":[12,7.05996,8.3515],"to":[14,9.05996,10.3515],"rotation":{"angle":22.5,"axis":"x","origin":[8,8.09799,6.44177]},"faces":{"north":{"uv":[8.66667,11.33333,7.33333,12.66667],"texture":"#0"},"east":{"uv":[12.66667,11.33333,11.33333,12.66667],"texture":"#0"},"south":{"uv":[11.33333,11.33333,10,12.66667],"texture":"#0"},"west":{"uv":[10,11.33333,8.66667,12.66667],"texture":"#0"},"up":{"uv":[0.66667,13.33333,2,12],"texture":"#0"},"down":{"uv":[2,12,3.33333,13.33333],"texture":"#0"}}},{"from":[12.45318,6.69954,5.02254],"to":[13.74682,7.99317,6.96299],"rotation":{"angle":22.5,"axis":"x","origin":[8,8.09799,6.44177]},"faces":{"north":{"uv":[15.5,0,14.66667,0.83333],"texture":"#0"},"east":{"uv":[3.33333,13.33333,2,14.16667],"texture":"#0"},"south":{"uv":[1.5,14.66667,0.66667,15.5],"texture":"#0"},"west":{"uv":[2,13.33333,0.66667,14.16667],"texture":"#0"},"up":{"uv":[13.33333,3.33333,14.16667,2],"texture":"#0"},"down":{"uv":[3.33333,13.33333,4.16667,14.66667],"texture":"#0"}}},{"from":[12.3112,6.5417,6.31816],"to":[13.8888,8.1193,8.68456],"rotation":{"angle":0,"axis":"x","origin":[8,8.09799,6.44177]},"faces":{"north":{"uv":[14.33333,3.33333,13.33333,4.33333],"texture":"#0"},"east":{"uv":[14.16667,8,12.66667,9],"texture":"#0"},"south":{"uv":[14.33333,4.66667,13.33333,5.66667],"texture":"#0"},"west":{"uv":[8.83333,12.66667,7.33333,13.66667],"texture":"#0"},"up":{"uv":[9.33333,14.16667,10.33333,12.66667],"texture":"#0"},"down":{"uv":[10.66667,12.66667,11.66667,14.16667],"texture":"#0"}}},{"from":[12.58255,8.87619,4.68454],"to":[13.61745,10.42855,5.71945],"rotation":{"angle":-45,"axis":"x","origin":[8,8.09799,6.44177]},"faces":{"north":{"uv":[3.33333,14.66667,4,15.66667],"rotation":180,"texture":"#0"},"east":{"uv":[3,14.66667,2,15.33333],"rotation":270,"texture":"#0"},"south":{"uv":[14.66667,3,15.33333,2],"texture":"#0"},"west":{"uv":[15,12,14,12.66667],"rotation":90,"texture":"#0"},"up":{"uv":[5.33333,14.66667,4.66667,15.33333],"rotation":180,"texture":"#0"},"down":{"uv":[15.33333,4.66667,14.66667,5.33333],"texture":"#0"}}},{"from":[12.69639,9.57695,4.00755],"to":[13.50361,10.78778,4.81478],"rotation":{"angle":-22.5,"axis":"x","origin":[8,8.09799,6.44177]},"faces":{"north":{"uv":[15.16667,5.33333,14.66667,6.16667],"texture":"#0"},"east":{"uv":[9.83333,14.66667,9.33333,15.5],"texture":"#0"},"south":{"uv":[15.16667,8,14.66667,8.83333],"texture":"#0"},"west":{"uv":[15.16667,6.66667,14.66667,7.5],"texture":"#0"},"up":{"uv":[14.66667,9.83333,15.16667,9.33333],"texture":"#0"},"down":{"uv":[10,14.66667,10.5,15.16667],"texture":"#0"}}},{"from":[11,3.75,3.7875],"to":[12,5.75,10.7875],"rotation":{"angle":0,"axis":"y","origin":[16,3.75,-0.2125]},"faces":{"north":{"uv":[14,11.33333,13.33333,12.66667],"texture":"#0"},"east":{"uv":[12.66667,8,8,9.33333],"texture":"#0"},"south":{"uv":[13.33333,13.33333,12.66667,14.66667],"texture":"#0"},"west":{"uv":[12.66667,6.66667,8,8],"texture":"#0"},"up":{"uv":[10,6,10.66667,1.33333],"texture":"#0"},"down":{"uv":[0,10.66667,0.66667,15.33333],"texture":"#0"}}},{"from":[11,5.75,7.7875],"to":[12,10.75,10.7875],"rotation":{"angle":0,"axis":"y","origin":[16,3.75,-0.2125]},"faces":{"north":{"uv":[12,2,11.33333,5.33333],"texture":"#0"},"east":{"uv":[10,3.33333,8,6.66667],"texture":"#0"},"south":{"uv":[5.33333,11.33333,4.66667,14.66667],"texture":"#0"},"west":{"uv":[10,0,8,3.33333],"texture":"#0"},"up":{"uv":[12.66667,13.33333,13.33333,11.33333],"texture":"#0"},"down":{"uv":[12,12.66667,12.66667,14.66667],"texture":"#0"}}},{"from":[11,5.75,3.7875],"to":[12,6.75,5.7875],"rotation":{"angle":0,"axis":"y","origin":[16,3.75,-0.2125]},"faces":{"north":{"uv":[12,5.33333,11.33333,6],"texture":"#0"},"east":{"uv":[14.66667,13.33333,13.33333,14],"texture":"#0"},"south":{"uv":[15.33333,3.33333,14.66667,4],"texture":"#0"},"west":{"uv":[14.66667,12.66667,13.33333,13.33333],"texture":"#0"},"up":{"uv":[14,1.33333,14.66667,0],"texture":"#0"},"down":{"uv":[6,14,6.66667,15.33333],"texture":"#0"}}},{"from":[11,8.75,3.7875],"to":[12,10.75,7.7875],"rotation":{"angle":0,"axis":"y","origin":[16,3.75,-0.2125]},"faces":{"north":{"uv":[7.33333,14,6.66667,15.33333],"texture":"#0"},"east":{"uv":[12.66667,0,10,1.33333],"texture":"#0"},"south":{"uv":[14.66667,6.66667,14,8],"texture":"#0"},"west":{"uv":[10.66667,9.33333,8,10.66667],"texture":"#0"},"up":{"uv":[6,14,6.66667,11.33333],"texture":"#0"},"down":{"uv":[6.66667,11.33333,7.33333,14],"texture":"#0"}}},{"from":[10,3.75,3.7875],"to":[11,5.75,4.7875],"rotation":{"angle":0,"axis":"y","origin":[16,3.75,-0.2125]},"faces":{"north":{"uv":[8,14,7.33333,15.33333],"texture":"#0"},"east":{"uv":[14.66667,10.66667,14,12],"texture":"#0"},"south":{"uv":[9.33333,14,8.66667,15.33333],"texture":"#0"},"west":{"uv":[8.66667,14,8,15.33333],"texture":"#0"},"up":{"uv":[4,15.33333,4.66667,14.66667],"texture":"#0"},"down":{"uv":[14.66667,4,15.33333,4.66667],"texture":"#0"}}},{"from":[7,9.85,2.8625],"to":[9,11.85,4.5625],"rotation":{"angle":45,"axis":"z","origin":[8,10.85,7.5625]},"faces":{"north":{"uv":[12,2,13.33333,3.33333],"texture":"#0"},"east":{"uv":[12,3.33333,13.16667,4.66667],"texture":"#0"},"south":{"uv":[3.33333,12,4.66667,13.33333],"texture":"#0"},"west":{"uv":[12,4.66667,13.16667,6],"texture":"#0"},"up":{"uv":[14,1.16667,12.66667,0],"texture":"#0"},"down":{"uv":[14,6.66667,12.66667,7.83333],"texture":"#0"}}},{"from":[4.5,10.75,4.7875],"to":[4.5,11.75,9.7875],"rotation":{"angle":0,"axis":"y","origin":[4.5,10.75,4.7875]},"faces":{"north":{"uv":[0,0,0,1.33333],"texture":"#0"},"east":{"uv":[16,15.33333,12.66667,16],"texture":"#0"},"south":{"uv":[0,0,0,1.33333],"texture":"#0"},"west":{"uv":[12.66667,15.33333,16,16],"texture":"#0"},"up":{"uv":[0,0,0,3.33333],"texture":"#0"},"down":{"uv":[0,0,0,3.33333],"texture":"#0"}}},{"from":[11.5,10.75,4.7875],"to":[11.5,11.75,9.7875],"rotation":{"angle":0,"axis":"y","origin":[11.5,10.75,4.7875]},"faces":{"north":{"uv":[0,0,0,1.33333],"texture":"#0"},"east":{"uv":[16,15.33333,12.66667,16],"texture":"#0"},"south":{"uv":[0,0,0,1.33333],"texture":"#0"},"west":{"uv":[12.66667,15.33333,16,16],"texture":"#0"},"up":{"uv":[0,0,0,3.33333],"texture":"#0"},"down":{"uv":[0,0,0,3.33333],"texture":"#0"}}},{"from":[10.5,4.75,11.7875],"to":[10.5,9.75,12.7875],"rotation":{"angle":0,"axis":"x","origin":[7,7.25,12.2875]},"faces":{"north":{"uv":[0,0,0,3.33333],"rotation":180,"texture":"#0"},"east":{"uv":[16,15.33333,12.66667,16],"rotation":270,"texture":"#0"},"south":{"uv":[0,0,0,3.33333],"texture":"#0"},"west":{"uv":[12.66667,15.33333,16,16],"rotation":90,"texture":"#0"},"up":{"uv":[0,0,0,1.33333],"rotation":180,"texture":"#0"},"down":{"uv":[0,0,0,1.33333],"texture":"#0"}}},{"from":[5.5,4.75,11.7875],"to":[5.5,9.75,12.7875],"rotation":{"angle":0,"axis":"x","origin":[9,7.25,12.2875]},"faces":{"north":{"uv":[0,0,0,3.33333],"rotation":180,"texture":"#0"},"east":{"uv":[16,15.33333,12.66667,16],"rotation":270,"texture":"#0"},"south":{"uv":[0,0,0,3.33333],"texture":"#0"},"west":{"uv":[12.66667,15.33333,16,16],"rotation":90,"texture":"#0"},"up":{"uv":[0,0,0,1.33333],"rotation":180,"texture":"#0"},"down":{"uv":[0,0,0,1.33333],"texture":"#0"}}}],"gui_light":"front","display":{"thirdperson_righthand":{"rotation":[55,0,0],"translation":[-0.25,1.5,0.25],"scale":[0.98242,0.98242,0.98242]},"thirdperson_lefthand":{"rotation":[55,0,0],"translation":[-0.25,1.5,0.25],"scale":[0.98242,0.98242,0.98242]},"firstperson_righthand":{"rotation":[180,49,180],"translation":[-2.5,6,1],"scale":[0.86133,0.86133,0.86133]},"firstperson_lefthand":{"rotation":[180,49,180],"translation":[-2.5,6,1],"scale":[0.86133,0.86133,0.86133]},"ground":{"rotation":[40,0,0],"translation":[0,3,0],"scale":[1.01172,1.01172,1.01172]},"gui":{"rotation":[17,148,0],"translation":[0.25,0,0]},"head":{"translation":[0,1.25,1],"scale":[2,2,2]},"fixed":{"rotation":[-90,0,0],"translation":[0,0.75,-14.75],"scale":[3.37891,3.37891,3.37891]}}}