{"textures​":{"layer0":"minecraft:item/structure_void"},"credit":"Made with Blockbench","ambientocclusion":false,"texture_size":[64,64],"\u0074\u0065\u0078\u0074\u0075\u0072\u0065\u0073":{"0":"\u0076\u0061\u006c\u0065\u006e\u0074\u0069\u006e\u0065_\u0070\u0061\u0063\u006b:\u0069\u0074\u0065\u006d\u0073/\u0076\u0061\u006c\u0065\u006e\u0074\u0069\u006e\u0065_\u0073\u0075\u0069\u0074","\u0070\u0061\u0072\u0074\u0069\u0063\u006c\u0065":"\u0076\u0061\u006c\u0065\u006e\u0074\u0069\u006e\u0065_\u0070\u0061\u0063\u006b:\u0069\u0074\u0065\u006d\u0073/\u0076\u0061\u006c\u0065\u006e\u0074\u0069\u006e\u0065_\u0073\u0075\u0069\u0074"},"elements":[{"name":"head","from":[6.5,-2.25,5],"to":[9.5,-0.25,6],"shade":false,"rotation":{"angle":0,"axis":"y","origin":[8.5,-24.25,8]},"faces":{"north":{"uv":[0.25,2.25,1,2.75],"texture":"#0"},"east":{"uv":[0,2.25,0.25,2.75],"texture":"#0"},"south":{"uv":[1.25,2.25,2,2.75],"texture":"#0"},"west":{"uv":[1,2.25,1.25,2.75],"texture":"#0"},"up":{"uv":[1,2.25,0.25,2],"texture":"#0"},"down":{"uv":[1.75,2,1,2.25],"texture":"#0"}}},{"name":"head","from":[10,-1.25,5.25],"to":[13,1.75,6.25],"shade":false,"rotation":{"angle":-45,"axis":"z","origin":[9,0.75,8.25]},"faces":{"north":{"uv":[0.25,1.25,1,2],"texture":"#0"},"east":{"uv":[0,1.25,0.25,2],"texture":"#0"},"south":{"uv":[1.25,1.25,2,2],"texture":"#0"},"west":{"uv":[1,1.25,1.25,2],"texture":"#0"},"up":{"uv":[1,1.25,0.25,1],"texture":"#0"},"down":{"uv":[1.75,1,1,1.25],"texture":"#0"}}},{"name":"head","from":[5,-1.25,5.25],"to":[8,1.75,6.25],"shade":false,"rotation":{"angle":-45,"axis":"z","origin":[4,0.75,8.25]},"faces":{"north":{"uv":[0.25,0.25,1,1],"texture":"#0"},"east":{"uv":[0,0.25,0.25,1],"texture":"#0"},"south":{"uv":[1.25,0.25,2,1],"texture":"#0"},"west":{"uv":[1,0.25,1.25,1],"texture":"#0"},"up":{"uv":[1,0.25,0.25,0],"texture":"#0"},"down":{"uv":[1.75,0,1,0.25],"texture":"#0"}}},{"name":"head","from":[2,6,2],"to":[14,8,14],"shade":false,"rotation":{"angle":0,"axis":"y","origin":[8,-24,8]},"faces":{"north":{"uv":[3,3,6,3.5],"texture":"#0"},"east":{"uv":[0,3,3,3.5],"texture":"#0"},"south":{"uv":[9,3,12,3.5],"texture":"#0"},"west":{"uv":[6,3,9,3.5],"texture":"#0"},"up":{"uv":[6,3,3,0],"texture":"#0"},"down":{"uv":[9,0,6,3],"texture":"#0"}}},{"name":"head","from":[5,0,3.75],"to":[10,2,3.75],"shade":false,"rotation":{"angle":0,"axis":"y","origin":[7,-25,7.75]},"faces":{"north":{"uv":[0.25,8,1.5,8.5],"texture":"#0"},"east":{"uv":[0.25,8,0.25,8.5],"texture":"#0"},"south":{"uv":[1.5,8,2.75,8.5],"texture":"#0"},"west":{"uv":[1.5,8,1.5,8.5],"texture":"#0"},"up":{"uv":[1.5,8,0.25,8],"texture":"#0"},"down":{"uv":[2.75,8,1.5,8],"texture":"#0"}}},{"name":"head","from":[10,0,3.75],"to":[12,2,3.75],"shade":false,"rotation":{"angle":45,"axis":"y","origin":[10,1,3.75]},"faces":{"north":{"uv":[0.25,8.75,0.75,9.25],"texture":"#0"},"east":{"uv":[0.25,8.75,0.25,9.25],"texture":"#0"},"south":{"uv":[0.75,8.75,1.25,9.25],"texture":"#0"},"west":{"uv":[0.75,8.75,0.75,9.25],"texture":"#0"},"up":{"uv":[0.75,8.75,0.25,8.75],"texture":"#0"},"down":{"uv":[1.25,8.75,0.75,8.75],"texture":"#0"}}},{"name":"head","from":[3.5,0,3.5],"to":[6.5,3,3.5],"shade":false,"rotation":{"angle":0,"axis":"y","origin":[7.5,-25,7.5]},"faces":{"north":{"uv":[0,4.25,0.75,5],"texture":"#0"},"east":{"uv":[0,4.25,0,5],"texture":"#0"},"south":{"uv":[0.75,4.25,1.5,5],"texture":"#0"},"west":{"uv":[0.75,4.25,0.75,5],"texture":"#0"},"up":{"uv":[0.75,4.25,0,4.25],"texture":"#0"},"down":{"uv":[1.5,4.25,0.75,4.25],"texture":"#0"}}},{"name":"head","from":[4,0.5,3.7],"to":[6,2.5,3.7],"shade":false,"rotation":{"angle":0,"axis":"y","origin":[8,-24.5,7.7]},"faces":{"north":{"uv":[10.5,8,11,8.5],"texture":"#0"},"east":{"uv":[10.5,8,10.5,8.5],"texture":"#0"},"south":{"uv":[11,8,11.5,8.5],"texture":"#0"},"west":{"uv":[11,8,11,8.5],"texture":"#0"},"up":{"uv":[11,8,10.5,8],"texture":"#0"},"down":{"uv":[11.5,8,11,8],"texture":"#0"}}},{"name":"head","from":[4,2.5,3.75],"to":[6,4.5,3.75],"shade":false,"rotation":{"angle":-22.5,"axis":"x","origin":[5,2.5,3.75]},"faces":{"north":{"uv":[10.75,1.25,11.25,1.75],"texture":"#0"},"east":{"uv":[10.75,1.25,10.75,1.75],"texture":"#0"},"south":{"uv":[11.25,1.25,11.75,1.75],"texture":"#0"},"west":{"uv":[11.25,1.25,11.25,1.75],"texture":"#0"},"up":{"uv":[11.25,1.25,10.75,1.25],"texture":"#0"},"down":{"uv":[11.75,1.25,11.25,1.25],"texture":"#0"}}},{"name":"head","from":[2,0.5,3.75],"to":[4,2.5,3.75],"shade":false,"rotation":{"angle":-22.5,"axis":"y","origin":[4,1.5,3.75]},"faces":{"north":{"uv":[8.5,4,9,4.5],"texture":"#0"},"east":{"uv":[8.5,4,8.5,4.5],"texture":"#0"},"south":{"uv":[9,4,9.5,4.5],"texture":"#0"},"west":{"uv":[9,4,9,4.5],"texture":"#0"},"up":{"uv":[9,4,8.5,4],"texture":"#0"},"down":{"uv":[9.5,4,9,4],"texture":"#0"}}},{"name":"head","from":[6,0.5,3.75],"to":[8,2.5,3.75],"shade":false,"rotation":{"angle":22.5,"axis":"y","origin":[6,1.5,3.75]},"faces":{"north":{"uv":[12.25,12.25,11.75,12.75],"texture":"#0"},"east":{"uv":[12.25,12.25,12.25,12.75],"texture":"#0"},"south":{"uv":[12.75,12.25,12.25,12.75],"texture":"#0"},"west":{"uv":[11.75,12.25,11.75,12.75],"texture":"#0"},"up":{"uv":[11.75,12.25,12.25,12.25],"texture":"#0"},"down":{"uv":[12.25,12.25,12.75,12.25],"texture":"#0"}}},{"name":"head","from":[4,-1.5,3.75],"to":[6,0.5,3.75],"shade":false,"rotation":{"angle":22.5,"axis":"x","origin":[5,0.5,3.75]},"faces":{"north":{"uv":[13.25,8.5,13.75,9],"texture":"#0"},"east":{"uv":[13.25,8.5,13.25,9],"texture":"#0"},"south":{"uv":[13.75,8.5,14.25,9],"texture":"#0"},"west":{"uv":[13.75,8.5,13.75,9],"texture":"#0"},"up":{"uv":[13.75,8.5,13.25,8.5],"texture":"#0"},"down":{"uv":[14.25,8.5,13.75,8.5],"texture":"#0"}}},{"name":"head","from":[4,8,4],"to":[12,16,12],"shade":false,"rotation":{"angle":0,"axis":"y","origin":[8,-24,8]},"faces":{"north":{"uv":[2,5.5,4,7.5],"texture":"#0"},"east":{"uv":[0,5.5,2,7.5],"texture":"#0"},"south":{"uv":[6,5.5,8,7.5],"texture":"#0"},"west":{"uv":[4,5.5,6,7.5],"texture":"#0"},"up":{"uv":[4,5.5,2,3.5],"texture":"#0"},"down":{"uv":[6,3.5,4,5.5],"texture":"#0"}}}],"display":{"thirdperson_righthand":{"translation":[0,0.25,0],"scale":[0.5,0.5,0.5]},"thirdperson_lefthand":{"translation":[0,0.5,0],"scale":[0.5,0.5,0.5]},"firstperson_righthand":{"translation":[3.5,-2.5,0]},"firstperson_lefthand":{"translation":[3,-0.75,0]},"ground":{"scale":[0.5,0.5,0.5]},"gui":{"rotation":[6,-159,0],"translation":[0,1,0],"scale":[0.8,0.8,0.8]},"head":{"translation":[0,6.75,0],"scale":[1.6,1.6,1.6]}}}