{"model":{"type":"range_dispatch","property":"custom_model_data","index":0,"fallback":{"type":"minecraft:model","model":"minecraft:item/cooked_beef"},"entries":[{"threshold":10000,"model":{"type":"model","model":"rpgfood_vol1:ia_auto_gen/rpg_food1"}},{"threshold":10001,"model":{"type":"model","model":"rpgfood_vol1:ia_auto_gen/rpg_food10"}},{"threshold":10002,"model":{"type":"model","model":"rpgfood_vol1:ia_auto_gen/rpg_food11"}},{"threshold":10003,"model":{"type":"model","model":"rpgfood_vol1:ia_auto_gen/rpg_food12"}},{"threshold":10004,"model":{"type":"model","model":"rpgfood_vol1:ia_auto_gen/rpg_food13"}},{"threshold":10005,"model":{"type":"model","model":"rpgfood_vol1:ia_auto_gen/rpg_food14"}},{"threshold":10006,"model":{"type":"model","model":"rpgfood_vol1:ia_auto_gen/rpg_food15"}},{"threshold":10007,"model":{"type":"model","model":"rpgfood_vol1:ia_auto_gen/rpg_food16"}},{"threshold":10008,"model":{"type":"model","model":"rpgfood_vol1:ia_auto_gen/rpg_food17"}},{"threshold":10009,"model":{"type":"model","model":"rpgfood_vol1:ia_auto_gen/rpg_food18"}},{"threshold":10010,"model":{"type":"model","model":"rpgfood_vol1:ia_auto_gen/rpg_food19"}},{"threshold":10011,"model":{"type":"model","model":"rpgfood_vol1:ia_auto_gen/rpg_food2"}},{"threshold":10012,"model":{"type":"model","model":"rpgfood_vol1:ia_auto_gen/rpg_food20"}},{"threshold":10013,"model":{"type":"model","model":"rpgfood_vol1:ia_auto_gen/rpg_food21"}},{"threshold":10014,"model":{"type":"model","model":"rpgfood_vol1:ia_auto_gen/rpg_food22"}},{"threshold":10015,"model":{"type":"model","model":"rpgfood_vol1:ia_auto_gen/rpg_food23"}},{"threshold":10016,"model":{"type":"model","model":"rpgfood_vol1:ia_auto_gen/rpg_food24"}},{"threshold":10017,"model":{"type":"model","model":"rpgfood_vol1:ia_auto_gen/rpg_food25"}},{"threshold":10018,"model":{"type":"model","model":"rpgfood_vol1:ia_auto_gen/rpg_food3"}},{"threshold":10019,"model":{"type":"model","model":"rpgfood_vol1:ia_auto_gen/rpg_food4"}},{"threshold":10020,"model":{"type":"model","model":"rpgfood_vol1:ia_auto_gen/rpg_food5"}},{"threshold":10021,"model":{"type":"model","model":"rpgfood_vol1:ia_auto_gen/rpg_food6"}},{"threshold":10022,"model":{"type":"model","model":"rpgfood_vol1:ia_auto_gen/rpg_food7"}},{"threshold":10023,"model":{"type":"model","model":"rpgfood_vol1:ia_auto_gen/rpg_food8"}},{"threshold":10024,"model":{"type":"model","model":"rpgfood_vol1:ia_auto_gen/rpg_food9"}},{"threshold":10025,"model":{"type":"model","model":"item/cooked_beef"}}]},"oversized_in_gui":true}