{"model":{"type":"range_dispatch","property":"custom_model_data","index":0,"fallback":{"type":"minecraft:special","base":"minecraft:item/template_skull","model":{"type":"minecraft:head","kind":"player"}},"entries":[{"threshold":10003,"model":{"type":"special","base":"iainternal:entity/player/phead_0","model":{"type":"head","kind":"player"}}},{"threshold":10004,"model":{"type":"special","base":"iainternal:entity/player/parm_left_3","model":{"type":"head","kind":"player"}}},{"threshold":10005,"model":{"type":"special","base":"iainternal:entity/player/pbody_2","model":{"type":"head","kind":"player"}}},{"threshold":10006,"model":{"type":"special","base":"iainternal:entity/player/pleg_left_1","model":{"type":"head","kind":"player"}}},{"threshold":10007,"model":{"type":"special","base":"iainternal:entity/player/pleg_right_5","model":{"type":"head","kind":"player"}}},{"threshold":10008,"model":{"type":"special","base":"iainternal:entity/player/parm_right_4","model":{"type":"head","kind":"player"}}},{"threshold":10009,"model":{"type":"special","base":"_iainternal:entity/player/phead_0","model":{"type":"head","kind":"player"}}},{"threshold":10010,"model":{"type":"special","base":"_iainternal:entity/player/parm_left_3","model":{"type":"head","kind":"player"}}},{"threshold":10011,"model":{"type":"special","base":"_iainternal:entity/player/pbody_2","model":{"type":"head","kind":"player"}}},{"threshold":10012,"model":{"type":"special","base":"_iainternal:entity/player/pleg_left_1","model":{"type":"head","kind":"player"}}},{"threshold":10013,"model":{"type":"special","base":"_iainternal:entity/player/pleg_right_5","model":{"type":"head","kind":"player"}}},{"threshold":10014,"model":{"type":"special","base":"_iainternal:entity/player/parm_right_4","model":{"type":"head","kind":"player"}}},{"threshold":10015,"model":{"type":"special","base":"_iainternal:entity/player/dummy_0","model":{"type":"head","kind":"player"}}},{"threshold":10016,"model":{"type":"special","base":"_iainternal:entity/player/dummy_1","model":{"type":"head","kind":"player"}}},{"threshold":10017,"model":{"type":"special","base":"_iainternal:entity/player/dummy_2","model":{"type":"head","kind":"player"}}},{"threshold":10018,"model":{"type":"special","base":"_iainternal:entity/player/dummy_3","model":{"type":"head","kind":"player"}}},{"threshold":10019,"model":{"type":"special","base":"_iainternal:entity/player/dummy_4","model":{"type":"head","kind":"player"}}},{"threshold":10020,"model":{"type":"special","base":"_iainternal:entity/player/dummy_5","model":{"type":"head","kind":"player"}}},{"threshold":10021,"model":{"type":"special","base":"item/player_head","model":{"type":"head","kind":"player"}}}]},"oversized_in_gui":true}