{"model":{"type":"range_dispatch","property":"custom_model_data","index":0,"fallback":{"type":"minecraft:condition","on_false":{"type":"minecraft:special","base":"minecraft:item/shield","model":{"type":"minecraft:shield"}},"on_true":{"type":"minecraft:special","base":"minecraft:item/shield_blocking","model":{"type":"minecraft:shield"}},"property":"minecraft:using_item"},"entries":[{"threshold":10000,"model":{"type":"minecraft:condition","on_false":{"type":"model","base":"minecraft:item/shield","model":"purpledragon:purpledragon/purple_dragon_shield"},"on_true":{"type":"model","base":"minecraft:item/shield_blocking","model":"purpledragon:purpledragon/purple_dragon_shield_blocking"},"property":"minecraft:using_item"}},{"threshold":10001,"model":{"type":"minecraft:condition","on_false":{"type":"model","base":"minecraft:item/shield","model":"bear_set:shield"},"on_true":{"type":"model","base":"minecraft:item/shield_blocking","model":"bear_set:shield_blocking"},"property":"minecraft:using_item"}},{"threshold":10002,"model":{"type":"minecraft:condition","on_false":{"type":"model","base":"minecraft:item/shield","model":"unicornfantasyset:shield"},"on_true":{"type":"model","base":"minecraft:item/shield_blocking","model":"unicornfantasyset:shield_blocking"},"property":"minecraft:using_item"}},{"threshold":10003,"model":{"type":"minecraft:condition","on_false":{"type":"model","base":"minecraft:item/shield","model":"akaleaf_discord_nitro:item/discord_nitro_shield"},"on_true":{"type":"model","base":"minecraft:item/shield_blocking","model":"akaleaf_discord_nitro:item/discord_nitro_shield_blocking"},"property":"minecraft:using_item"}},{"threshold":10004,"model":{"type":"minecraft:condition","on_false":{"type":"model","base":"minecraft:item/shield","model":"elitecreatures:valentines_animated_weapon_and_tool_set_v1/shield"},"on_true":{"type":"model","base":"minecraft:item/shield_blocking","model":"elitecreatures:valentines_animated_weapon_and_tool_set_v1/shield_blocking"},"property":"minecraft:using_item"}},{"threshold":10005,"model":{"type":"minecraft:condition","on_false":{"type":"model","base":"minecraft:item/shield","model":"pheonixset:pheonixset/pheonix_shield"},"on_true":{"type":"model","base":"minecraft:item/shield_blocking","model":"pheonixset:pheonixset/pheonix_shield_blocking"},"property":"minecraft:using_item"}},{"threshold":10006,"model":{"type":"minecraft:condition","on_false":{"type":"model","base":"minecraft:item/shield","model":"littleduckset:shield"},"on_true":{"type":"model","base":"minecraft:item/shield_blocking","model":"littleduckset:shield_blocking"},"property":"minecraft:using_item"}},{"threshold":10007,"model":{"type":"minecraft:condition","on_false":{"type":"model","base":"minecraft:item/shield","model":"bonekeeper_set:bonekeeper_set/shield"},"on_true":{"type":"model","base":"minecraft:item/shield_blocking","model":"bonekeeper_set:bonekeeper_set/shield_blocking"},"property":"minecraft:using_item"}},{"threshold":10008,"model":{"type":"minecraft:condition","on_false":{"type":"model","base":"minecraft:item/shield","model":"warden_set:shield"},"on_true":{"type":"model","base":"minecraft:item/shield_blocking","model":"warden_set:shield_blocking"},"property":"minecraft:using_item"}},{"threshold":10010,"model":{"type":"minecraft:condition","on_false":{"type":"model","base":"minecraft:item/shield","model":"nexusset:shield"},"on_true":{"type":"model","base":"minecraft:item/shield_blocking","model":"nexusset:shield_blocking"},"property":"minecraft:using_item"}},{"threshold":10011,"model":{"type":"minecraft:condition","on_false":{"type":"model","base":"minecraft:item/shield","model":"elitecreatures:valentines/shield"},"on_true":{"type":"model","base":"minecraft:item/shield_blocking","model":"elitecreatures:valentines/shield_blocking"},"property":"minecraft:using_item"}},{"threshold":10012,"model":{"type":"minecraft:condition","on_false":{"type":"model","base":"minecraft:item/shield","model":"elitecreatures:bahamut_animated_weapon_set/shield"},"on_true":{"type":"model","base":"minecraft:item/shield_blocking","model":"elitecreatures:bahamut_animated_weapon_set/shield_blocking"},"property":"minecraft:using_item"}},{"threshold":10013,"model":{"type":"minecraft:condition","on_false":{"type":"model","base":"minecraft:item/shield","model":"elitecreatures:darkflame_animated_weapon_set/shield"},"on_true":{"type":"model","base":"minecraft:item/shield_blocking","model":"elitecreatures:darkflame_animated_weapon_set/shield_blocking"},"property":"minecraft:using_item"}},{"threshold":10014,"model":{"type":"minecraft:condition","on_false":{"type":"model","base":"minecraft:item/shield","model":"darkworldpack:normal/shield"},"on_true":{"type":"model","base":"minecraft:item/shield_blocking","model":"darkworldpack:normal/shield_blocking"},"property":"minecraft:using_item"}},{"threshold":10015,"model":{"type":"minecraft:condition","on_false":{"type":"model","base":"minecraft:item/shield","model":"fiendskullset:shield"},"on_true":{"type":"model","base":"minecraft:item/shield_blocking","model":"fiendskullset:shield_blocking"},"property":"minecraft:using_item"}},{"threshold":10016,"model":{"type":"minecraft:condition","on_false":{"type":"model","base":"minecraft:item/shield","model":"elitecreatures:ghostly_animated_weapon_set/shield"},"on_true":{"type":"model","base":"minecraft:item/shield_blocking","model":"elitecreatures:ghostly_animated_weapon_set/shield_blocking"},"property":"minecraft:using_item"}},{"threshold":10017,"model":{"type":"minecraft:condition","on_false":{"type":"model","base":"minecraft:item/shield","model":"elitecreatures:headlesshorseman_animated_weapon_set/shield"},"on_true":{"type":"model","base":"minecraft:item/shield_blocking","model":"elitecreatures:headlesshorseman_animated_weapon_set/shield_blocking"},"property":"minecraft:using_item"}},{"threshold":10018,"model":{"type":"minecraft:condition","on_false":{"type":"model","base":"minecraft:item/shield","model":"elitecreatures:sakura/shield"},"on_true":{"type":"model","base":"minecraft:item/shield_blocking","model":"elitecreatures:sakura/shield_blocking"},"property":"minecraft:using_item"}},{"threshold":10019,"model":{"type":"minecraft:condition","on_false":{"type":"model","base":"minecraft:item/shield","model":"elitecreatures:christmas_2023_animated/shield"},"on_true":{"type":"model","base":"minecraft:item/shield_blocking","model":"elitecreatures:christmas_2023_animated/shield_blocking"},"property":"minecraft:using_item"}},{"threshold":10020,"model":{"type":"minecraft:condition","on_false":{"type":"model","base":"minecraft:item/shield","model":"winterset:shield"},"on_true":{"type":"model","base":"minecraft:item/shield_blocking","model":"winterset:shield_blocking"},"property":"minecraft:using_item"}},{"threshold":10021,"model":{"type":"minecraft:condition","on_false":{"type":"model","base":"minecraft:item/shield","model":"lunarset:shield"},"on_true":{"type":"model","base":"minecraft:item/shield_blocking","model":"lunarset:shield_blocking"},"property":"minecraft:using_item"}},{"threshold":10022,"model":{"type":"minecraft:condition","on_false":{"type":"model","base":"minecraft:item/shield","model":"valentineset:shield"},"on_true":{"type":"model","base":"minecraft:item/shield_blocking","model":"valentineset:shield_blocking"},"property":"minecraft:using_item"}},{"threshold":10023,"model":{"type":"minecraft:condition","on_false":{"type":"model","base":"minecraft:item/shield","model":"elitecreatures:ifrit_animated/shield"},"on_true":{"type":"model","base":"minecraft:item/shield_blocking","model":"elitecreatures:ifrit_animated/shield_blocking"},"property":"minecraft:using_item"}},{"threshold":10024,"model":{"type":"minecraft:condition","on_false":{"type":"model","base":"minecraft:item/shield","model":"saintpatricksset:shield"},"on_true":{"type":"model","base":"minecraft:item/shield_blocking","model":"saintpatricksset:shield_blocking"},"property":"minecraft:using_item"}},{"threshold":10025,"model":{"type":"minecraft:condition","on_false":{"type":"model","base":"minecraft:item/shield","model":"lunardragonset:shield"},"on_true":{"type":"model","base":"minecraft:item/shield_blocking","model":"lunardragonset:shield_blocking"},"property":"minecraft:using_item"}},{"threshold":10026,"model":{"type":"minecraft:condition","on_false":{"type":"model","base":"minecraft:item/shield","model":"protocalset:shield"},"on_true":{"type":"model","base":"minecraft:item/shield_blocking","model":"protocalset:shield_blocking"},"property":"minecraft:using_item"}},{"threshold":10027,"model":{"type":"minecraft:condition","on_false":{"type":"model","base":"minecraft:item/shield","model":"radiance_collection:shield"},"on_true":{"type":"model","base":"minecraft:item/shield_blocking","model":"radiance_collection:shield_blocking"},"property":"minecraft:using_item"}},{"threshold":10030,"model":{"type":"minecraft:condition","on_false":{"type":"model","base":"minecraft:item/shield","model":"elitecreatures:assortment/paladin_shield"},"on_true":{"type":"model","base":"minecraft:item/shield_blocking","model":"elitecreatures:assortment/paladin_shield_blocking"},"property":"minecraft:using_item"}},{"threshold":10031,"model":{"type":"minecraft:condition","on_false":{"type":"model","base":"minecraft:item/shield","model":"elitecreatures:assortment/skull_shield"},"on_true":{"type":"model","base":"minecraft:item/shield_blocking","model":"elitecreatures:assortment/skull_shield_blocking"},"property":"minecraft:using_item"}},{"threshold":10032,"model":{"type":"minecraft:condition","on_false":{"type":"model","base":"minecraft:item/shield","model":"evergreen_collection:shield"},"on_true":{"type":"model","base":"minecraft:item/shield_blocking","model":"evergreen_collection:shield_blocking"},"property":"minecraft:using_item"}},{"threshold":10033,"model":{"type":"minecraft:condition","on_false":{"type":"model","base":"minecraft:item/shield","model":"starlight:shield"},"on_true":{"type":"model","base":"minecraft:item/shield_blocking","model":"starlight:shield_blocking"},"property":"minecraft:using_item"}},{"threshold":10034,"model":{"type":"minecraft:condition","on_false":{"type":"model","base":"minecraft:item/shield","model":"mickeysr:shield"},"on_true":{"type":"model","base":"minecraft:item/shield_blocking","model":"mickeysr:shield_blocking"},"property":"minecraft:using_item"}},{"threshold":10035,"model":{"type":"minecraft:condition","on_false":{"type":"model","base":"minecraft:item/shield","model":"elitecreatures:mad_hatter_animated_weapon_set/shield"},"on_true":{"type":"model","base":"minecraft:item/shield_blocking","model":"elitecreatures:mad_hatter_animated_weapon_set/shield_blocking"},"property":"minecraft:using_item"}},{"threshold":10036,"model":{"type":"minecraft:condition","on_false":{"type":"model","base":"minecraft:item/shield","model":"elitecreatures:wukong_animated/shield"},"on_true":{"type":"model","base":"minecraft:item/shield_blocking","model":"elitecreatures:wukong_animated/shield_blocking"},"property":"minecraft:using_item"}},{"threshold":10037,"model":{"type":"minecraft:condition","on_false":{"type":"model","base":"minecraft:item/shield","model":"elitecreatures:oni_weapon_set/shield"},"on_true":{"type":"model","base":"minecraft:item/shield_blocking","model":"elitecreatures:oni_weapon_set/shield_blocking"},"property":"minecraft:using_item"}},{"threshold":10038,"model":{"type":"minecraft:condition","on_false":{"type":"model","base":"minecraft:item/shield","model":"littlesharkset:shield"},"on_true":{"type":"model","base":"minecraft:item/shield_blocking","model":"littlesharkset:shield_blocking"},"property":"minecraft:using_item"}},{"threshold":10039,"model":{"type":"minecraft:condition","on_false":{"type":"model","base":"minecraft:item/shield","model":"necros_set:shield"},"on_true":{"type":"model","base":"minecraft:item/shield_blocking","model":"necros_set:shield_blocking"},"property":"minecraft:using_item"}},{"threshold":10040,"model":{"type":"minecraft:condition","on_false":{"type":"model","base":"minecraft:item/shield","model":"blueflame:shield"},"on_true":{"type":"model","base":"minecraft:item/shield_blocking","model":"blueflame:shield_blocking"},"property":"minecraft:using_item"}},{"threshold":10041,"model":{"type":"minecraft:condition","on_false":{"type":"model","base":"minecraft:item/shield","model":"lunaria_pack:blunaria_shield/blunaria_shield"},"on_true":{"type":"model","base":"minecraft:item/shield_blocking","model":"lunaria_pack:blunaria_shield/blunaria_shield_blocking"},"property":"minecraft:using_item"}},{"threshold":10042,"model":{"type":"minecraft:condition","on_false":{"type":"model","base":"minecraft:item/shield","model":"lunaria_pack:wlunaria_shield/wlunaria_shield"},"on_true":{"type":"model","base":"minecraft:item/shield_blocking","model":"lunaria_pack:wlunaria_shield/wlunaria_shield_blocking"},"property":"minecraft:using_item"}},{"threshold":10043,"model":{"type":"minecraft:condition","on_false":{"type":"model","base":"minecraft:item/shield","model":"devil_animated_weapon_set:shield"},"on_true":{"type":"model","base":"minecraft:item/shield_blocking","model":"devil_animated_weapon_set:shield_blocking"},"property":"minecraft:using_item"}},{"threshold":10044,"model":{"type":"minecraft:condition","on_false":{"type":"model","base":"minecraft:item/shield","model":"littlepandaset:shield"},"on_true":{"type":"model","base":"minecraft:item/shield_blocking","model":"littlepandaset:shield_blocking"},"property":"minecraft:using_item"}},{"threshold":10045,"model":{"type":"minecraft:condition","on_false":{"type":"model","base":"minecraft:item/shield","model":"item/shield"},"on_true":{"type":"minecraft:special","base":"minecraft:item/shield_blocking","model":{"type":"minecraft:shield"}},"property":"minecraft:using_item"}}]},"oversized_in_gui":true}