{"textures​":{"2":"\u0068\u0061\u006c\u006c\u006f\u0077\u0065\u0065\u006e23:\u0075\u006e\u0064\u0065\u0072\u0074\u0061\u006b\u0065\u0072_\u0068\u0061\u0074","\u0070\u0061\u0072\u0074\u0069\u0063\u006c\u0065":"\u0068\u0061\u006c\u006c\u006f\u0077\u0065\u0065\u006e23:\u0075\u006e\u0064\u0065\u0072\u0074\u0061\u006b\u0065\u0072_\u0068\u0061\u0074"},"credit":"Made by PolygonMC","texture_size":[40,40],"\u0074\u0065\u0078\u0074\u0075\u0072\u0065\u0073":{"2":"\u0068\u0061\u006c\u006c\u006f\u0077\u0065\u0065\u006e23:\u0075\u006e\u0064\u0065\u0072\u0074\u0061\u006b\u0065\u0072_\u0068\u0061\u0074","\u0070\u0061\u0072\u0074\u0069\u0063\u006c\u0065":"\u0068\u0061\u006c\u006c\u006f\u0077\u0065\u0065\u006e23:\u0075\u006e\u0064\u0065\u0072\u0074\u0061\u006b\u0065\u0072_\u0068\u0061\u0074"},"elements":[{"from":[4.5,5.5,4.5],"to":[11.5,10.5,11.5],"rotation":{"angle":0,"axis":"y","origin":[4.5,3.5,4.5]},"faces":{"north":{"uv":[2.8,6.4,5.6,8.4],"texture":"#2","tintindex":0},"east":{"uv":[5.6,6.4,8.4,8.4],"texture":"#2","tintindex":0},"south":{"uv":[6.8,0,9.6,2],"texture":"#2","tintindex":0},"west":{"uv":[6.8,2,9.6,4],"texture":"#2","tintindex":0},"up":{"uv":[2.8,8,0,5.2],"texture":"#2","tintindex":0}}},{"from":[4.25,6,4.25],"to":[11.75,7,11.75],"rotation":{"angle":0,"axis":"y","origin":[4.5,3.5,4.5]},"faces":{"north":{"uv":[6.8,4,9.8,4.4],"texture":"#2","tintindex":0},"east":{"uv":[6.8,4.4,9.8,4.8],"texture":"#2","tintindex":0},"south":{"uv":[6.8,4.8,9.8,5.2],"texture":"#2","tintindex":0},"west":{"uv":[6.8,5.2,9.8,5.6],"texture":"#2","tintindex":0},"up":{"uv":[6.6,3,3.6,0],"texture":"#2","tintindex":0},"down":{"uv":[6.6,3.2,3.6,6.2],"texture":"#2","tintindex":0}}},{"from":[3.5,5.5,1.5],"to":[12.5,5.53,14.5],"rotation":{"angle":0,"axis":"y","origin":[4.5,3.5,4.5]},"faces":{"up":{"uv":[3.6,5.2,0,0],"texture":"#2","tintindex":0},"down":{"uv":[0,5.2,3.6,0],"texture":"#2","tintindex":0}}},{"from":[12.42426,5.88276,1.5],"to":[14.42426,5.91276,14.5],"rotation":{"angle":22.5,"axis":"z","origin":[13.42426,5.88276,8]},"faces":{"up":{"uv":[0.8,13.2,0,8],"texture":"#2","tintindex":0},"down":{"uv":[0.8,8,0,13.2],"texture":"#2","tintindex":0}}},{"from":[1.57612,5.88268,1.5],"to":[3.57612,5.91268,14.5],"rotation":{"angle":-22.5,"axis":"z","origin":[2.57612,5.88268,8]},"faces":{"up":{"uv":[1.6,13.2,0.8,8],"texture":"#2","tintindex":0},"down":{"uv":[1.6,8,0.8,13.2],"texture":"#2","tintindex":0}}},{"from":[7,5.75,4],"to":[9,7.75,4.5],"rotation":{"angle":0,"axis":"y","origin":[7,6,3.25]},"faces":{"north":{"uv":[2.8,5.2,3.6,6],"texture":"#2","tintindex":0},"east":{"uv":[6.8,5.6,7,6.4],"texture":"#2","tintindex":0},"west":{"uv":[7.2,5.6,7.4,6.4],"texture":"#2","tintindex":0},"up":{"uv":[3.6,6.2,2.8,6],"texture":"#2","tintindex":0},"down":{"uv":[8.4,5.6,7.6,5.8],"texture":"#2","tintindex":0}}}],"gui_light":"front","display":{"thirdperson_righthand":{"rotation":[47.5,0,0],"translation":[0,4,0],"scale":[0.79883,0.79883,0.79883]},"thirdperson_lefthand":{"rotation":[47.5,0,0],"translation":[0,4,0],"scale":[0.79883,0.79883,0.79883]},"firstperson_righthand":{"rotation":[154.5,0,-180],"translation":[-1,3.25,0]},"firstperson_lefthand":{"rotation":[154.5,0,-180],"translation":[-1,3.25,0]},"ground":{"rotation":[25,0,0],"translation":[0,2.75,0]},"gui":{"rotation":[35,135,0],"translation":[0,1.25,0],"scale":[1.16992,1.16992,1.16992]},"head":{"rotation":[10,0,0],"translation":[0,3.5,-0.25],"scale":[2.21875,2.21875,2.21875]},"fixed":{"rotation":[-90,0,0],"translation":[0,0,-7.5],"scale":[2,2,2]}}}