{"textures​":{"1":"\u0065\u006c\u0069\u0074\u0065\u0063\u0072\u0065\u0061\u0074\u0075\u0072\u0065\u0073:\u006a\u0075\u006e\u006b_\u0066\u006f\u006f\u0064_\u0063\u006f\u0073\u006d\u0065\u0074\u0069\u0063/\u0070\u006f\u0070\u0063\u006f\u0072\u006e","\u0070\u0061\u0072\u0074\u0069\u0063\u006c\u0065":"#1"},"credit":"by w11shes","\u0074\u0065\u0078\u0074\u0075\u0072\u0065\u0073":{"1":"\u0065\u006c\u0069\u0074\u0065\u0063\u0072\u0065\u0061\u0074\u0075\u0072\u0065\u0073:\u006a\u0075\u006e\u006b_\u0066\u006f\u006f\u0064_\u0063\u006f\u0073\u006d\u0065\u0074\u0069\u0063/\u0070\u006f\u0070\u0063\u006f\u0072\u006e","\u0070\u0061\u0072\u0074\u0069\u0063\u006c\u0065":"#1"},"elements":[{"from":[3,0,3],"to":[13,10,13],"faces":{"north":{"uv":[0,6,5,11],"texture":"#1"},"east":{"uv":[0,6,5,11],"texture":"#1"},"south":{"uv":[0,6,5,11],"texture":"#1"},"west":{"uv":[0,6,5,11],"texture":"#1"},"down":{"uv":[5.5,5.5,0.5,0.5],"texture":"#1"}}},{"from":[3,0,3],"to":[13,10,13],"faces":{"north":{"uv":[0,11,5,16],"texture":"#1","tintindex":0},"east":{"uv":[0,11,5,16],"texture":"#1","tintindex":0},"south":{"uv":[0,11,5,16],"texture":"#1","tintindex":0},"west":{"uv":[0,11,5,16],"texture":"#1","tintindex":0},"down":{"uv":[10,16,5,11],"texture":"#1","tintindex":0}}},{"from":[2,10,2],"to":[14,12,14],"faces":{"north":{"uv":[6,5,12,6],"texture":"#1"},"east":{"uv":[6,5,12,6],"texture":"#1"},"south":{"uv":[6,5,12,6],"texture":"#1"},"west":{"uv":[6,5,12,6],"texture":"#1"},"up":{"uv":[6,6,0,0],"texture":"#1"},"down":{"uv":[6,6,0,0],"texture":"#1"}}},{"from":[3,12,3],"to":[13,15,13],"faces":{"north":{"uv":[5,6,10,7.5],"texture":"#1"},"east":{"uv":[5,6,10,7.5],"texture":"#1"},"south":{"uv":[5,6,10,7.5],"texture":"#1"},"west":{"uv":[5,6,10,7.5],"texture":"#1"},"up":{"uv":[11,5,6,0],"texture":"#1"}}}],"gui_light":"front","display":{"thirdperson_righthand":{"rotation":[40.72,18.33,10.92],"translation":[-0.75,4,2.25],"scale":[0.72461,0.72461,0.72461]},"thirdperson_lefthand":{"rotation":[40.72,18.33,10.92],"translation":[-0.75,4,2.25],"scale":[0.72461,0.72461,0.72461]},"firstperson_righthand":{"rotation":[8.31,1.79,12.12],"translation":[2.75,1.75,-6.25]},"firstperson_lefthand":{"rotation":[8.31,1.79,12.12],"translation":[2.75,1.75,-6.25]},"ground":{"translation":[0,2.25,0],"scale":[0.60352,0.60352,0.60352]},"gui":{"rotation":[26,29,0],"translation":[0,-0.25,0],"scale":[0.69141,0.69141,0.69141]},"head":{"rotation":[-146.25,0,0],"translation":[0,11.5,6.75],"scale":[1.6,1.6,1.6]},"fixed":{"translation":[0,0,-8.25],"scale":[1.50586,1.50586,1.50586]}}}