{"textures​":{"layer0":"minecraft:item/budding_amethyst"},"credit":"Made by PolygonMC","texture_size":[20,20],"\u0074\u0065\u0078\u0074\u0075\u0072\u0065\u0073":{"2":"\u0077\u0069\u006e\u0074\u0065\u0072\u0073\u0065\u0074:\u0070\u0069\u0063\u006b\u0061\u0078\u0065","3":"\u0077\u0069\u006e\u0074\u0065\u0072\u0073\u0065\u0074:\u0061\u006e\u0069\u006d\u0061\u0074\u0069\u006f\u006e\u0073/\u0061\u006e\u0069\u006d\u0061\u0074\u0069\u006f\u006e\u0073_1","\u0070\u0061\u0072\u0074\u0069\u0063\u006c\u0065":"\u0077\u0069\u006e\u0074\u0065\u0072\u0073\u0065\u0074:\u0070\u0069\u0063\u006b\u0061\u0078\u0065"},"elements":[{"from":[7.5,1.2,7.5],"to":[8.5,1.7,8.5],"rotation":{"angle":0,"axis":"y","origin":[7.5,-0.3,7.5]},"faces":{"north":{"uv":[12.8,4,13.6,4.4],"texture":"#2"},"east":{"uv":[5.6,12.8,6.4,13.2],"texture":"#2"},"south":{"uv":[6.4,12.8,7.2,13.2],"texture":"#2"},"west":{"uv":[7.2,12.8,8,13.2],"texture":"#2"}}},{"from":[7.5,12.75,7.5],"to":[8.5,13.25,8.5],"rotation":{"angle":0,"axis":"y","origin":[7.5,11.75,7.5]},"faces":{"north":{"uv":[8,12.8,8.8,13.2],"texture":"#2"},"east":{"uv":[12.8,8,13.6,8.4],"texture":"#2"},"south":{"uv":[8.8,12.8,9.6,13.2],"texture":"#2"},"west":{"uv":[12.8,8.8,13.6,9.2],"texture":"#2"}}},{"from":[7.4,2.2,7.4],"to":[8.6,2.8,8.6],"rotation":{"angle":0,"axis":"y","origin":[7.5,1.2,7.5]},"faces":{"north":{"uv":[10.4,12,11.4,12.4],"texture":"#2"},"east":{"uv":[12,11.2,13,11.6],"texture":"#2"},"south":{"uv":[12,12,13,12.4],"texture":"#2"},"west":{"uv":[0.8,12.8,1.8,13.2],"texture":"#2"},"up":{"uv":[5.8,10.6,4.8,9.6],"texture":"#2"}}},{"from":[7.4,5.65,7.4],"to":[8.6,6.25,8.6],"rotation":{"angle":0,"axis":"y","origin":[7.5,4.15,7.5]},"faces":{"north":{"uv":[12.8,1.6,13.8,2],"texture":"#2"},"east":{"uv":[2.4,12.8,3.4,13.2],"texture":"#2"},"south":{"uv":[12.8,2.4,13.8,2.8],"texture":"#2"},"west":{"uv":[12.8,3.2,13.8,3.6],"texture":"#2"},"down":{"uv":[10.6,4.8,9.6,5.8],"texture":"#2"}}},{"from":[7.5,2.8,7.5],"to":[8.5,5.65,8.5],"rotation":{"angle":0,"axis":"y","origin":[8,4.225,8]},"faces":{"north":{"uv":[2.4,4.8,3.2,7],"texture":"#2"},"east":{"uv":[3.2,4.8,4,7],"texture":"#2"},"south":{"uv":[4,4.8,4.8,7],"texture":"#2"},"west":{"uv":[4.8,4.8,5.6,7],"texture":"#2"}}},{"from":[7.25,1.7,7.25],"to":[8.75,2.2,8.75],"rotation":{"angle":0,"axis":"y","origin":[7.5,0.7,7.5]},"faces":{"north":{"uv":[10.4,11.2,11.6,11.6],"texture":"#2"},"east":{"uv":[12,0,13.2,0.4],"texture":"#2"},"south":{"uv":[0.8,12,2,12.4],"texture":"#2"},"west":{"uv":[12,0.8,13.2,1.2],"texture":"#2"},"up":{"uv":[1.2,9.2,0,8],"texture":"#2"},"down":{"uv":[9.2,1.6,8,2.8],"texture":"#2"}}},{"from":[7.25,6.25,7.25],"to":[8.75,6.75,8.75],"rotation":{"angle":0,"axis":"y","origin":[7.5,5.25,7.5]},"faces":{"north":{"uv":[2.4,12,3.6,12.4],"texture":"#2"},"east":{"uv":[4.8,12,6,12.4],"texture":"#2"},"south":{"uv":[12,4.8,13.2,5.2],"texture":"#2"},"west":{"uv":[12,5.6,13.2,6],"texture":"#2"},"up":{"uv":[6,9.2,4.8,8],"texture":"#2"},"down":{"uv":[7.6,8,6.4,9.2],"texture":"#2"}}},{"from":[7.25,12.25,7.25],"to":[8.75,12.75,8.75],"rotation":{"angle":0,"axis":"y","origin":[7.5,4.25,7.5]},"faces":{"north":{"uv":[6.4,12,7.6,12.4],"texture":"#2"},"east":{"uv":[12,6.4,13.2,6.8],"texture":"#2"},"south":{"uv":[12,7.2,13.2,7.6],"texture":"#2"},"west":{"uv":[8,12,9.2,12.4],"texture":"#2"},"up":{"uv":[2.8,10,1.6,8.8],"texture":"#2"},"down":{"uv":[4.4,8.8,3.2,10],"texture":"#2"}}},{"from":[7.33,0.28,7.33],"to":[8.67,1.62,8.67],"rotation":{"angle":-45,"axis":"x","origin":[8,0.95,8]},"faces":{"north":{"uv":[6.4,9.6,7.4,10.6],"texture":"#2"},"east":{"uv":[9.6,6.4,10.6,7.4],"texture":"#2"},"south":{"uv":[8,9.6,9,10.6],"texture":"#2"},"west":{"uv":[9.6,8,10.6,9],"texture":"#2"},"up":{"uv":[10.6,10.6,9.6,9.6],"texture":"#2"},"down":{"uv":[11.4,0,10.4,1],"texture":"#2"}}},{"from":[7.35,12.65,8],"to":[8.65,14.65,10],"rotation":{"angle":-45,"axis":"x","origin":[7.25,12.65,8]},"faces":{"north":{"uv":[5.6,6.4,6.6,8],"texture":"#2"},"east":{"uv":[0.8,14.4,2.4,16],"texture":"#2"},"south":{"uv":[7.2,0,8.2,1.6],"texture":"#2"},"west":{"uv":[2.4,14.4,4,16],"texture":"#2"},"up":{"uv":[2.6,8.8,1.6,7.2],"texture":"#2"},"down":{"uv":[4.2,7.2,3.2,8.8],"texture":"#2"}}},{"from":[7.1,12.9,8.25],"to":[8.9,14.4,9.75],"rotation":{"angle":-45,"axis":"x","origin":[7.25,12.65,8]},"faces":{"north":{"uv":[4.8,1.6,6.2,2.8],"texture":"#2"},"east":{"uv":[8,8,9.2,9.2],"texture":"#2"},"south":{"uv":[5.6,3.2,7,4.4],"texture":"#2"},"west":{"uv":[8.8,0,10,1.2],"texture":"#2"},"up":{"uv":[7,6,5.6,4.8],"texture":"#2"},"down":{"uv":[1.4,6.4,0,7.6],"texture":"#2"}}},{"from":[7.75,0.45628,5.53731],"to":[8.25,1.45628,6.03731],"rotation":{"angle":45,"axis":"x","origin":[8,0.33128,6.28731]},"faces":{"north":{"uv":[9.6,12.8,10,13.6],"texture":"#2"},"east":{"uv":[12.8,9.6,13.2,10.4],"texture":"#2"},"south":{"uv":[10.4,12.8,10.8,13.6],"texture":"#2"},"west":{"uv":[12.8,10.4,13.2,11.2],"texture":"#2"},"up":{"uv":[14,4.4,13.6,4],"texture":"#2"},"down":{"uv":[14,4.8,13.6,5.2],"texture":"#2"}}},{"from":[7.75,0.45628,6.03731],"to":[8.25,0.95628,6.53731],"rotation":{"angle":45,"axis":"x","origin":[8,0.33128,6.28731]},"faces":{"east":{"uv":[5.6,13.6,6,14],"texture":"#2"},"south":{"uv":[13.6,5.6,14,6],"texture":"#2"},"west":{"uv":[6.4,13.6,6.8,14],"texture":"#2"},"up":{"uv":[14,6.8,13.6,6.4],"texture":"#2"},"down":{"uv":[7.6,13.6,7.2,14],"texture":"#2"}}},{"from":[7.75,0.45628,9.96269],"to":[8.25,1.45628,10.46269],"rotation":{"angle":-45,"axis":"x","origin":[8,0.33128,9.71269]},"faces":{"north":{"uv":[11.2,12.8,11.6,13.6],"texture":"#2"},"east":{"uv":[12,12.8,12.4,13.6],"texture":"#2"},"south":{"uv":[12.8,12.8,13.2,13.6],"texture":"#2"},"west":{"uv":[0,13.6,0.4,14.4],"texture":"#2"},"up":{"uv":[14,7.6,13.6,7.2],"texture":"#2"},"down":{"uv":[8.4,13.6,8,14],"texture":"#2"}}},{"from":[7.75,0.45628,9.46269],"to":[8.25,0.95628,9.96269],"rotation":{"angle":-45,"axis":"x","origin":[8,0.33128,9.71269]},"faces":{"north":{"uv":[13.6,8,14,8.4],"texture":"#2"},"east":{"uv":[8.8,13.6,9.2,14],"texture":"#2"},"west":{"uv":[13.6,8.8,14,9.2],"texture":"#2"},"up":{"uv":[10,14,9.6,13.6],"texture":"#2"},"down":{"uv":[14,9.6,13.6,10],"texture":"#2"}}},{"from":[7.5,13.65,4.58579],"to":[8.5,14.65,5.58579],"rotation":{"angle":45,"axis":"x","origin":[7.5,12.65,6.58579]},"faces":{"north":{"uv":[11.2,7.2,12,8],"texture":"#2"},"east":{"uv":[8,11.2,8.8,12],"texture":"#2"},"west":{"uv":[11.2,8,12,8.8],"texture":"#2"},"up":{"uv":[9.6,12,8.8,11.2],"texture":"#2"},"down":{"uv":[12,8.8,11.2,9.6],"texture":"#2"}}},{"from":[7.5,12.65,5.58579],"to":[8.5,13.65,6.58579],"rotation":{"angle":45,"axis":"x","origin":[7.5,12.65,6.58579]},"faces":{"north":{"uv":[5.6,11.2,6.4,12],"texture":"#2"},"east":{"uv":[11.2,5.6,12,6.4],"texture":"#2"},"south":{"uv":[6.4,11.2,7.2,12],"texture":"#2"},"west":{"uv":[11.2,6.4,12,7.2],"texture":"#2"},"down":{"uv":[8,11.2,7.2,12],"texture":"#2"}}},{"from":[7.5,12.94289,2.37868],"to":[8.5,13.94289,4.37868],"rotation":{"angle":45,"axis":"x","origin":[7.5,11.94289,5.37868]},"faces":{"north":{"uv":[4.8,11.2,5.6,12],"texture":"#2"},"east":{"uv":[8.8,3.2,10.4,4],"texture":"#2"},"south":{"uv":[11.2,4.8,12,5.6],"texture":"#2"},"west":{"uv":[8.8,4,10.4,4.8],"texture":"#2"},"up":{"uv":[9.6,6.4,8.8,4.8],"texture":"#2"},"down":{"uv":[9.6,6.4,8.8,8],"texture":"#2"}}},{"from":[7.75,12.94289,3.87868],"to":[8.25,13.94289,4.87868],"rotation":{"angle":45,"axis":"x","origin":[7.5,11.94289,5.87868]},"faces":{"north":{"uv":[2.4,13.6,2.8,14.4],"texture":"#2"},"east":{"uv":[4.8,7.2,5.6,8],"texture":"#2"},"west":{"uv":[0.8,11.2,1.6,12],"texture":"#2"},"down":{"uv":[3.6,13.6,3.2,14.4],"texture":"#2"}}},{"from":[7.5,13.94289,2.37868],"to":[8.5,14.44289,3.37868],"rotation":{"angle":45,"axis":"x","origin":[7.5,11.94289,5.37868]},"faces":{"north":{"uv":[13.6,0,14.4,0.4],"texture":"#2"},"east":{"uv":[0.8,13.6,1.6,14],"texture":"#2"},"south":{"uv":[13.6,0.8,14.4,1.2],"texture":"#2"},"west":{"uv":[1.6,13.6,2.4,14],"texture":"#2"},"up":{"uv":[2.4,7.2,1.6,6.4],"texture":"#2"}}},{"from":[7.95,15.75,2.85],"to":[8.05,17.35,5.65],"rotation":{"angle":45,"axis":"x","origin":[7.875,16.3,4.25]},"faces":{"east":{"uv":[2.2,3.2,0,4.4],"texture":"#2"},"west":{"uv":[0,3.2,2.2,4.4],"texture":"#2"}}},{"from":[7.95,12.73891,3.21195],"to":[8.05,13.93891,5.31195],"rotation":{"angle":-45,"axis":"x","origin":[7.875,13.03891,4.21195]},"faces":{"east":{"uv":[8.8,6.4,7.2,7.4],"texture":"#2"},"west":{"uv":[7.2,6.4,8.8,7.4],"texture":"#2"}}},{"from":[7.985,-2.5,6.625],"to":[8.015,1.5,9.375],"rotation":{"angle":45,"axis":"y","origin":[8,-0.5,8]},"faces":{"east":{"uv":[2.2,0,0,3.2],"texture":"#2"},"west":{"uv":[0,0,2.2,3.2],"texture":"#2"}}},{"from":[7.985,-2.5,6.625],"to":[8.015,1.5,9.375],"rotation":{"angle":-45,"axis":"y","origin":[8,-0.5,8]},"faces":{"east":{"uv":[2.2,0,0,3.2],"texture":"#2"},"west":{"uv":[0,0,2.2,3.2],"texture":"#2"}}},{"from":[7.4,6.75,7.4],"to":[8.6,7.75,8.6],"rotation":{"angle":0,"axis":"y","origin":[7.5,2.75,7.5]},"faces":{"north":{"uv":[11.2,1.6,12.2,2.4],"texture":"#2"},"east":{"uv":[11.2,2.4,12.2,3.2],"texture":"#2"},"south":{"uv":[11.2,3.2,12.2,4],"texture":"#2"},"west":{"uv":[11.2,4,12.2,4.8],"texture":"#2"},"up":{"uv":[2.6,11.4,1.6,10.4],"texture":"#2"}}},{"from":[7.985,7.75,7.15],"to":[8.015,9.25,8.85],"rotation":{"angle":45,"axis":"y","origin":[8,8.5,8]},"faces":{"east":{"uv":[7.8,1.6,6.4,2.8],"texture":"#2"},"west":{"uv":[6.4,1.6,7.8,2.8],"texture":"#2"}}},{"from":[7.985,7.75,7.15],"to":[8.015,9.25,8.85],"rotation":{"angle":-45,"axis":"y","origin":[8,8.5,8]},"faces":{"east":{"uv":[7.8,1.6,6.4,2.8],"texture":"#2"},"west":{"uv":[6.4,1.6,7.8,2.8],"texture":"#2"}}},{"from":[7.4,11.25,7.4],"to":[8.6,12.25,8.6],"rotation":{"angle":0,"axis":"y","origin":[7.5,16.25,7.5]},"faces":{"north":{"uv":[11.2,2.4,12.2,1.6],"texture":"#2"},"east":{"uv":[11.2,3.2,12.2,2.4],"texture":"#2"},"south":{"uv":[11.2,4,12.2,3.2],"texture":"#2"},"west":{"uv":[11.2,4.8,12.2,4],"texture":"#2"},"down":{"uv":[2.6,10.4,1.6,11.4],"texture":"#2"}}},{"from":[7.985,9.75,7.15],"to":[8.015,11.25,8.85],"rotation":{"angle":45,"axis":"y","origin":[8,10.5,8]},"faces":{"east":{"uv":[7.8,2.8,6.4,1.6],"texture":"#2"},"west":{"uv":[6.4,2.8,7.8,1.6],"texture":"#2"}}},{"from":[7.985,9.75,7.15],"to":[8.015,11.25,8.85],"rotation":{"angle":-45,"axis":"y","origin":[8,10.5,8]},"faces":{"east":{"uv":[7.8,2.8,6.4,1.6],"texture":"#2"},"west":{"uv":[6.4,2.8,7.8,1.6],"texture":"#2"}}},{"from":[7.65,16.72842,2.42893],"to":[8.35,17.97842,4.42893],"rotation":{"angle":45,"axis":"x","origin":[7.5,15.47842,0.42893]},"faces":{"north":{"uv":[9.6,11.2,10.2,12.2],"texture":"#2"},"east":{"uv":[7.2,3.2,8.8,4.2],"texture":"#2"},"south":{"uv":[11.2,9.6,11.8,10.6],"texture":"#2"},"west":{"uv":[7.2,4.8,8.8,5.8],"texture":"#2"},"up":{"uv":[3.8,12,3.2,10.4],"texture":"#2"},"down":{"uv":[11,3.2,10.4,4.8],"texture":"#2"}}},{"from":[7.75,13.76482,1.09117],"to":[8.25,15.01482,4.09117],"rotation":{"angle":-22.5,"axis":"x","origin":[8,14.21618,1.79698]},"faces":{"north":{"uv":[4.8,12.8,5.2,13.8],"texture":"#2"},"east":{"uv":[0,4.8,2.4,5.8],"texture":"#2"},"west":{"uv":[4.8,0,7.2,1],"texture":"#2"},"up":{"uv":[4.4,12.8,4,10.4],"texture":"#2"},"down":{"uv":[0.4,11.2,0,13.6],"texture":"#2"}}},{"from":[7.7535,12.78182,0.73318],"to":[8.2465,14.28182,1.98318],"rotation":{"angle":22.5,"axis":"x","origin":[8,14.21618,1.79698]},"faces":{"north":{"uv":[12,8,12.4,9.2],"texture":"#2"},"east":{"uv":[0,9.6,1,10.8],"texture":"#2"},"south":{"uv":[12,9.6,12.4,10.8],"texture":"#2"},"west":{"uv":[9.6,1.6,10.6,2.8],"texture":"#2"},"down":{"uv":[4.4,12.8,4,13.8],"texture":"#2"}}},{"from":[8.8,11.05,5],"to":[8.8,17.05,11],"rotation":{"angle":0,"axis":"y","origin":[16,6,5]},"faces":{"east":{"uv":[14,2,2,14],"texture":"#3"}}},{"from":[7.2,11.05,5],"to":[7.2,17.05,11],"rotation":{"angle":0,"axis":"y","origin":[0,6,5]},"faces":{"west":{"uv":[2,2,14,14],"texture":"#3"}}},{"from":[7.985,11.22304,-0.8437],"to":[8.015,15.22304,1.6563],"rotation":{"angle":22.5,"axis":"x","origin":[7.985,10.22304,1.1563]},"faces":{"east":{"uv":[4.4,0,2.4,3.2],"texture":"#2"},"west":{"uv":[2.4,0,4.4,3.2],"texture":"#2"}}},{"from":[7.65,16.72842,11.57107],"to":[8.35,17.97842,13.57107],"rotation":{"angle":-45,"axis":"x","origin":[7.5,15.47842,15.57107]},"faces":{"north":{"uv":[11.8,9.6,11.2,10.6],"texture":"#2"},"east":{"uv":[8.8,3.2,7.2,4.2],"texture":"#2"},"south":{"uv":[10.2,11.2,9.6,12.2],"texture":"#2"},"west":{"uv":[8.8,4.8,7.2,5.8],"texture":"#2"},"up":{"uv":[3.8,10.4,3.2,12],"texture":"#2"},"down":{"uv":[11,4.8,10.4,3.2],"texture":"#2"}}},{"from":[7.7535,12.78182,14.01682],"to":[8.2465,14.28182,15.26682],"rotation":{"angle":-22.5,"axis":"x","origin":[8,14.21618,14.20302]},"faces":{"north":{"uv":[12.4,9.6,12,10.8],"texture":"#2"},"east":{"uv":[1,9.6,0,10.8],"texture":"#2"},"south":{"uv":[12.4,8,12,9.2],"texture":"#2"},"west":{"uv":[10.6,1.6,9.6,2.8],"texture":"#2"},"down":{"uv":[4.4,13.8,4,12.8],"texture":"#2"}}},{"from":[7.75,13.76482,11.90883],"to":[8.25,15.01482,14.90883],"rotation":{"angle":22.5,"axis":"x","origin":[8,14.21618,14.20302]},"faces":{"east":{"uv":[2.4,4.8,0,5.8],"texture":"#2"},"south":{"uv":[5.2,12.8,4.8,13.8],"texture":"#2"},"west":{"uv":[7.2,0,4.8,1],"texture":"#2"},"up":{"uv":[4.4,10.4,4,12.8],"texture":"#2"},"down":{"uv":[0.4,13.6,0,11.2],"texture":"#2"}}},{"from":[7.95,12.73891,10.68805],"to":[8.05,13.93891,12.78805],"rotation":{"angle":45,"axis":"x","origin":[7.875,13.03891,11.78805]},"faces":{"east":{"uv":[7.2,6.4,8.8,7.4],"texture":"#2"},"west":{"uv":[8.8,6.4,7.2,7.4],"texture":"#2"}}},{"from":[7.95,15.75,10.35],"to":[8.05,17.35,13.15],"rotation":{"angle":-45,"axis":"x","origin":[7.875,16.3,11.75]},"faces":{"east":{"uv":[0,3.2,2.2,4.4],"texture":"#2"},"west":{"uv":[2.2,3.2,0,4.4],"texture":"#2"}}},{"from":[7.5,13.94289,12.62132],"to":[8.5,14.44289,13.62132],"rotation":{"angle":-45,"axis":"x","origin":[7.5,11.94289,10.62132]},"faces":{"north":{"uv":[14.4,0.8,13.6,1.2],"texture":"#2"},"east":{"uv":[1.6,13.6,0.8,14],"texture":"#2"},"south":{"uv":[14.4,0,13.6,0.4],"texture":"#2"},"west":{"uv":[2.4,13.6,1.6,14],"texture":"#2"},"up":{"uv":[2.4,6.4,1.6,7.2],"texture":"#2"}}},{"from":[7.75,12.94289,11.12132],"to":[8.25,13.94289,12.12132],"rotation":{"angle":-45,"axis":"x","origin":[7.5,11.94289,10.12132]},"faces":{"east":{"uv":[5.6,7.2,4.8,8],"texture":"#2"},"south":{"uv":[2.8,13.6,2.4,14.4],"texture":"#2"},"west":{"uv":[1.6,11.2,0.8,12],"texture":"#2"},"down":{"uv":[3.6,14.4,3.2,13.6],"texture":"#2"}}},{"from":[7.5,12.94289,11.62132],"to":[8.5,13.94289,13.62132],"rotation":{"angle":-45,"axis":"x","origin":[7.5,11.94289,10.62132]},"faces":{"north":{"uv":[12,4.8,11.2,5.6],"texture":"#2"},"east":{"uv":[10.4,3.2,8.8,4],"texture":"#2"},"south":{"uv":[5.6,11.2,4.8,12],"texture":"#2"},"west":{"uv":[10.4,4,8.8,4.8],"texture":"#2"},"up":{"uv":[9.6,4.8,8.8,6.4],"texture":"#2"},"down":{"uv":[9.6,8,8.8,6.4],"texture":"#2"}}},{"from":[7.5,12.65,9.41421],"to":[8.5,13.65,10.41421],"rotation":{"angle":-45,"axis":"x","origin":[7.5,12.65,9.41421]},"faces":{"north":{"uv":[7.2,11.2,6.4,12],"texture":"#2"},"east":{"uv":[12,5.6,11.2,6.4],"texture":"#2"},"south":{"uv":[6.4,11.2,5.6,12],"texture":"#2"},"west":{"uv":[12,6.4,11.2,7.2],"texture":"#2"},"down":{"uv":[8,12,7.2,11.2],"texture":"#2"}}},{"from":[7.5,13.65,10.41421],"to":[8.5,14.65,11.41421],"rotation":{"angle":-45,"axis":"x","origin":[7.5,12.65,9.41421]},"faces":{"east":{"uv":[8.8,11.2,8,12],"texture":"#2"},"south":{"uv":[12,7.2,11.2,8],"texture":"#2"},"west":{"uv":[12,8,11.2,8.8],"texture":"#2"},"up":{"uv":[9.6,11.2,8.8,12],"texture":"#2"},"down":{"uv":[12,9.6,11.2,8.8],"texture":"#2"}}},{"from":[7.985,11.22304,14.3437],"to":[8.015,15.22304,16.8437],"rotation":{"angle":-22.5,"axis":"x","origin":[7.985,10.22304,14.8437]},"faces":{"east":{"uv":[2.4,0,4.4,3.2],"texture":"#2"},"west":{"uv":[4.4,0,2.4,3.2],"texture":"#2"}}}],"gui_light":"front","display":{"thirdperson_righthand":{"translation":[0,1.75,1]},"thirdperson_lefthand":{"translation":[0,1.75,1]},"firstperson_righthand":{"rotation":[-10,0,0],"translation":[0,2,0]},"firstperson_lefthand":{"rotation":[-10,0,0],"translation":[0,2,0]},"ground":{"rotation":[-45,0,0],"translation":[0,4.25,0],"scale":[0.7,0.7,0.7]},"gui":{"rotation":[-90,45,90],"translation":[1.25,-1.25,0],"scale":[0.9,0.9,0.9]},"head":{"rotation":[0,-90,0]},"fixed":{"rotation":[0,-90,0],"translation":[0,0,-1.25],"scale":[2,2,2]}}}